2026-09-01T17:48:56.730-03:00  INFO 8588 --- [lab] [restartedMain] com.lab.LabApplication                   : Starting LabApplication using Java 21.0.12 with PID 8588 (C:\Users\mauro\Documents\shared\workspace\lab\target\classes started by mauro in C:\Users\mauro\Documents\shared\workspace\lab)
2026-09-01T17:48:56.741-03:00  INFO 8588 --- [lab] [restartedMain] com.lab.LabApplication                   : No active profile set, falling back to 1 default profile: "default"
2026-09-01T17:48:56.896-03:00  INFO 8588 --- [lab] [restartedMain] .e.DevToolsPropertyDefaultsPostProcessor : Devtools property defaults active! Set 'spring.devtools.add-properties' to 'false' to disable
2026-09-01T17:48:56.897-03:00  INFO 8588 --- [lab] [restartedMain] .e.DevToolsPropertyDefaultsPostProcessor : For additional web related logging consider setting the 'logging.level.web' property to 'DEBUG'
2026-09-01T17:48:59.680-03:00  INFO 8588 --- [lab] [restartedMain] o.s.boot.tomcat.TomcatWebServer          : Tomcat initialized with port 8080 (http)
2026-09-01T17:48:59.718-03:00  INFO 8588 --- [lab] [restartedMain] o.apache.catalina.core.StandardService   : Starting service [Tomcat]
2026-09-01T17:48:59.719-03:00  INFO 8588 --- [lab] [restartedMain] o.apache.catalina.core.StandardEngine    : Starting Servlet engine: [Apache Tomcat/11.0.22]
2026-09-01T17:48:59.835-03:00  INFO 8588 --- [lab] [restartedMain] b.w.c.s.WebApplicationContextInitializer : Root WebApplicationContext: initialization completed in 2932 ms
2026-09-01T17:49:01.151-03:00  INFO 8588 --- [lab] [restartedMain] org.flywaydb.core.FlywayExecutor         : Database: jdbc:postgresql://localhost:5432/labdb?prepareThreshold=0 (PostgreSQL 17.11)
2026-09-01T17:49:01.346-03:00  INFO 8588 --- [lab] [restartedMain] o.f.core.internal.command.DbValidate     : Successfully validated 3 migrations (execution time 00:00.081s)
2026-09-01T17:49:01.516-03:00  INFO 8588 --- [lab] [restartedMain] o.f.core.internal.command.DbMigrate      : Current version of schema "public": 3
2026-09-01T17:49:01.526-03:00  INFO 8588 --- [lab] [restartedMain] o.f.core.internal.command.DbMigrate      : Schema "public" is up to date. No migration necessary.
2026-09-01T17:49:02.704-03:00  INFO 8588 --- [lab] [restartedMain] o.s.boot.tomcat.TomcatWebServer          : Tomcat started on port 8080 (http) with context path '/'
2026-09-01T17:49:02.721-03:00  INFO 8588 --- [lab] [restartedMain] com.lab.LabApplication                   : Started LabApplication in 7.302 seconds (process running for 8.708)
2026-09-01T17:49:13.109-03:00  INFO 8588 --- [lab] [tomcat-handler-1] o.a.c.c.C.[Tomcat].[localhost].[/]       : Initializing Spring DispatcherServlet 'dispatcherServlet'
2026-09-01T17:49:13.110-03:00  INFO 8588 --- [lab] [tomcat-handler-1] o.s.web.servlet.DispatcherServlet        : Initializing Servlet 'dispatcherServlet'
2026-09-01T17:49:13.114-03:00  INFO 8588 --- [lab] [tomcat-handler-1] o.s.web.servlet.DispatcherServlet        : Completed initialization in 3 ms
2026-09-01T17:49:13.320-03:00 DEBUG 8588 --- [lab] [tomcat-handler-3] com.zaxxer.hikari.HikariConfig           : HikariPool-1 - configuration:
2026-09-01T17:49:13.324-03:00 DEBUG 8588 --- [lab] [tomcat-handler-3] com.zaxxer.hikari.HikariConfig           : allowPoolSuspension.............false
2026-09-01T17:49:13.325-03:00 DEBUG 8588 --- [lab] [tomcat-handler-3] com.zaxxer.hikari.HikariConfig           : autoCommit......................true
2026-09-01T17:49:13.326-03:00 DEBUG 8588 --- [lab] [tomcat-handler-3] com.zaxxer.hikari.HikariConfig           : catalog.........................none
2026-09-01T17:49:13.329-03:00 DEBUG 8588 --- [lab] [tomcat-handler-3] com.zaxxer.hikari.HikariConfig           : connectionInitSql...............none
2026-09-01T17:49:13.330-03:00 DEBUG 8588 --- [lab] [tomcat-handler-3] com.zaxxer.hikari.HikariConfig           : connectionTestQuery.............none
2026-09-01T17:49:13.332-03:00 DEBUG 8588 --- [lab] [tomcat-handler-3] com.zaxxer.hikari.HikariConfig           : connectionTimeout...............30000
2026-09-01T17:49:13.333-03:00 DEBUG 8588 --- [lab] [tomcat-handler-3] com.zaxxer.hikari.HikariConfig           : credentials.....................com.zaxxer.hikari.util.Credentials@3eac85dd
2026-09-01T17:49:13.335-03:00 DEBUG 8588 --- [lab] [tomcat-handler-3] com.zaxxer.hikari.HikariConfig           : credentialsProvider.............none
2026-09-01T17:49:13.336-03:00 DEBUG 8588 --- [lab] [tomcat-handler-3] com.zaxxer.hikari.HikariConfig           : credentialsProviderClassName....none
2026-09-01T17:49:13.337-03:00 DEBUG 8588 --- [lab] [tomcat-handler-3] com.zaxxer.hikari.HikariConfig           : dataSource......................none
2026-09-01T17:49:13.338-03:00 DEBUG 8588 --- [lab] [tomcat-handler-3] com.zaxxer.hikari.HikariConfig           : dataSourceClassName.............none
2026-09-01T17:49:13.339-03:00 DEBUG 8588 --- [lab] [tomcat-handler-3] com.zaxxer.hikari.HikariConfig           : dataSourceJNDI..................none
2026-09-01T17:49:13.340-03:00 DEBUG 8588 --- [lab] [tomcat-handler-3] com.zaxxer.hikari.HikariConfig           : dataSourceProperties............{password=<masked>}
2026-09-01T17:49:13.341-03:00 DEBUG 8588 --- [lab] [tomcat-handler-3] com.zaxxer.hikari.HikariConfig           : driverClassName................."org.postgresql.Driver"
2026-09-01T17:49:13.344-03:00 DEBUG 8588 --- [lab] [tomcat-handler-3] com.zaxxer.hikari.HikariConfig           : exceptionOverride...............none
2026-09-01T17:49:13.346-03:00 DEBUG 8588 --- [lab] [tomcat-handler-3] com.zaxxer.hikari.HikariConfig           : exceptionOverrideClassName......none
2026-09-01T17:49:13.348-03:00 DEBUG 8588 --- [lab] [tomcat-handler-3] com.zaxxer.hikari.HikariConfig           : healthCheckProperties...........{}
2026-09-01T17:49:13.349-03:00 DEBUG 8588 --- [lab] [tomcat-handler-3] com.zaxxer.hikari.HikariConfig           : healthCheckRegistry.............none
2026-09-01T17:49:13.351-03:00 DEBUG 8588 --- [lab] [tomcat-handler-3] com.zaxxer.hikari.HikariConfig           : idleTimeout.....................600000
2026-09-01T17:49:13.352-03:00 DEBUG 8588 --- [lab] [tomcat-handler-3] com.zaxxer.hikari.HikariConfig           : initializationFailTimeout.......1
2026-09-01T17:49:13.353-03:00 DEBUG 8588 --- [lab] [tomcat-handler-3] com.zaxxer.hikari.HikariConfig           : isolateInternalQueries..........false
2026-09-01T17:49:13.354-03:00 DEBUG 8588 --- [lab] [tomcat-handler-3] com.zaxxer.hikari.HikariConfig           : jdbcUrl.........................jdbc:postgresql://localhost:6432/labdb?prepareThreshold=0
2026-09-01T17:49:13.355-03:00 DEBUG 8588 --- [lab] [tomcat-handler-3] com.zaxxer.hikari.HikariConfig           : keepaliveTime...................120000
2026-09-01T17:49:13.356-03:00 DEBUG 8588 --- [lab] [tomcat-handler-3] com.zaxxer.hikari.HikariConfig           : leakDetectionThreshold..........0
2026-09-01T17:49:13.358-03:00 DEBUG 8588 --- [lab] [tomcat-handler-3] com.zaxxer.hikari.HikariConfig           : maxLifetime.....................1800000
2026-09-01T17:49:13.361-03:00 DEBUG 8588 --- [lab] [tomcat-handler-3] com.zaxxer.hikari.HikariConfig           : maximumPoolSize.................30
2026-09-01T17:49:13.362-03:00 DEBUG 8588 --- [lab] [tomcat-handler-3] com.zaxxer.hikari.HikariConfig           : metricRegistry..................none
2026-09-01T17:49:13.363-03:00 DEBUG 8588 --- [lab] [tomcat-handler-3] com.zaxxer.hikari.HikariConfig           : metricsTrackerFactory...........none
2026-09-01T17:49:13.363-03:00 DEBUG 8588 --- [lab] [tomcat-handler-3] com.zaxxer.hikari.HikariConfig           : minimumIdle.....................10
2026-09-01T17:49:13.364-03:00 DEBUG 8588 --- [lab] [tomcat-handler-3] com.zaxxer.hikari.HikariConfig           : password........................<masked>
2026-09-01T17:49:13.365-03:00 DEBUG 8588 --- [lab] [tomcat-handler-3] com.zaxxer.hikari.HikariConfig           : poolName........................"HikariPool-1"
2026-09-01T17:49:13.367-03:00 DEBUG 8588 --- [lab] [tomcat-handler-3] com.zaxxer.hikari.HikariConfig           : readOnly........................false
2026-09-01T17:49:13.368-03:00 DEBUG 8588 --- [lab] [tomcat-handler-3] com.zaxxer.hikari.HikariConfig           : registerMbeans..................false
2026-09-01T17:49:13.370-03:00 DEBUG 8588 --- [lab] [tomcat-handler-3] com.zaxxer.hikari.HikariConfig           : scheduledExecutor...............none
2026-09-01T17:49:13.371-03:00 DEBUG 8588 --- [lab] [tomcat-handler-3] com.zaxxer.hikari.HikariConfig           : schema..........................none
2026-09-01T17:49:13.373-03:00 DEBUG 8588 --- [lab] [tomcat-handler-3] com.zaxxer.hikari.HikariConfig           : threadFactory...................internal
2026-09-01T17:49:13.374-03:00 DEBUG 8588 --- [lab] [tomcat-handler-3] com.zaxxer.hikari.HikariConfig           : transactionIsolation............default
2026-09-01T17:49:13.375-03:00 DEBUG 8588 --- [lab] [tomcat-handler-3] com.zaxxer.hikari.HikariConfig           : username........................"postgres"
2026-09-01T17:49:13.376-03:00 DEBUG 8588 --- [lab] [tomcat-handler-3] com.zaxxer.hikari.HikariConfig           : validationTimeout...............5000
2026-09-01T17:49:13.377-03:00  INFO 8588 --- [lab] [tomcat-handler-3] com.zaxxer.hikari.HikariDataSource       : HikariPool-1 - Starting...
2026-09-01T17:49:13.429-03:00  INFO 8588 --- [lab] [tomcat-handler-3] com.zaxxer.hikari.pool.HikariPool        : HikariPool-1 - Added connection org.postgresql.jdbc.PgConnection@31a01644
2026-09-01T17:49:13.436-03:00  INFO 8588 --- [lab] [tomcat-handler-3] com.zaxxer.hikari.HikariDataSource       : HikariPool-1 - Start completed.
2026-09-01T17:49:13.470-03:00 DEBUG 8588 --- [lab] [HikariPool-1:connection-adder] com.zaxxer.hikari.pool.HikariPool        : HikariPool-1 - Added connection org.postgresql.jdbc.PgConnection@76f7dbd
2026-09-01T17:49:13.554-03:00 DEBUG 8588 --- [lab] [HikariPool-1:connection-adder] com.zaxxer.hikari.pool.HikariPool        : HikariPool-1 - Added connection org.postgresql.jdbc.PgConnection@9a89320
2026-09-01T17:49:13.559-03:00 DEBUG 8588 --- [lab] [HikariPool-1:housekeeper] com.zaxxer.hikari.pool.HikariPool        : HikariPool-1 - Before cleanup stats (total=3/30, idle=0/10, active=3, waiting=5)
2026-09-01T17:49:13.561-03:00 DEBUG 8588 --- [lab] [HikariPool-1:housekeeper] com.zaxxer.hikari.pool.HikariPool        : HikariPool-1 - After  cleanup stats (total=3/30, idle=0/10, active=3, waiting=5)
2026-09-01T17:49:13.664-03:00 DEBUG 8588 --- [lab] [HikariPool-1:connection-adder] com.zaxxer.hikari.pool.HikariPool        : HikariPool-1 - Added connection org.postgresql.jdbc.PgConnection@d9716cd
2026-09-01T17:49:13.777-03:00 DEBUG 8588 --- [lab] [HikariPool-1:connection-adder] com.zaxxer.hikari.pool.HikariPool        : HikariPool-1 - Added connection org.postgresql.jdbc.PgConnection@4895991b
2026-09-01T17:49:13.859-03:00 DEBUG 8588 --- [lab] [HikariPool-1:connection-adder] com.zaxxer.hikari.pool.HikariPool        : HikariPool-1 - Added connection org.postgresql.jdbc.PgConnection@34eb8721
2026-09-01T17:49:13.937-03:00 DEBUG 8588 --- [lab] [HikariPool-1:connection-adder] com.zaxxer.hikari.pool.HikariPool        : HikariPool-1 - Added connection org.postgresql.jdbc.PgConnection@7997330f
2026-09-01T17:49:14.047-03:00 DEBUG 8588 --- [lab] [HikariPool-1:connection-adder] com.zaxxer.hikari.pool.HikariPool        : HikariPool-1 - Added connection org.postgresql.jdbc.PgConnection@4c03738e
2026-09-01T17:49:14.131-03:00 DEBUG 8588 --- [lab] [HikariPool-1:connection-adder] com.zaxxer.hikari.pool.HikariPool        : HikariPool-1 - Added connection org.postgresql.jdbc.PgConnection@28ba6654
2026-09-01T17:49:14.179-03:00 DEBUG 8588 --- [lab] [HikariPool-1:connection-adder] com.zaxxer.hikari.pool.HikariPool        : HikariPool-1 - After adding stats (total=9/30, idle=8/10, active=1, waiting=0)
2026-09-01T17:49:14.251-03:00 DEBUG 8588 --- [lab] [HikariPool-1:connection-adder] com.zaxxer.hikari.pool.HikariPool        : HikariPool-1 - Added connection org.postgresql.jdbc.PgConnection@40802eed
2026-09-01T17:49:14.286-03:00 DEBUG 8588 --- [lab] [HikariPool-1:connection-adder] com.zaxxer.hikari.pool.HikariPool        : HikariPool-1 - After adding stats (total=10/30, idle=10/10, active=0, waiting=0)
2026-09-01T17:49:14.286-03:00 DEBUG 8588 --- [lab] [HikariPool-1:connection-adder] com.zaxxer.hikari.pool.HikariPool        : HikariPool-1 - Connection not added, stats (total=10/30, idle=10/10, active=0, waiting=0)
2026-09-01T17:49:14.286-03:00 DEBUG 8588 --- [lab] [HikariPool-1:connection-adder] com.zaxxer.hikari.pool.HikariPool        : HikariPool-1 - Connection not added, stats (total=10/30, idle=10/10, active=0, waiting=0)
2026-09-01T17:49:14.287-03:00 DEBUG 8588 --- [lab] [HikariPool-1:connection-adder] com.zaxxer.hikari.pool.HikariPool        : HikariPool-1 - Connection not added, stats (total=10/30, idle=10/10, active=0, waiting=0)
2026-09-01T17:49:14.289-03:00 DEBUG 8588 --- [lab] [HikariPool-1:connection-adder] com.zaxxer.hikari.pool.HikariPool        : HikariPool-1 - Connection not added, stats (total=10/30, idle=10/10, active=0, waiting=0)
2026-09-01T17:49:14.290-03:00 DEBUG 8588 --- [lab] [HikariPool-1:connection-adder] com.zaxxer.hikari.pool.HikariPool        : HikariPool-1 - Connection not added, stats (total=10/30, idle=10/10, active=0, waiting=0)
2026-09-01T17:49:14.290-03:00 DEBUG 8588 --- [lab] [HikariPool-1:connection-adder] com.zaxxer.hikari.pool.HikariPool        : HikariPool-1 - Connection not added, stats (total=10/30, idle=10/10, active=0, waiting=0)
2026-09-01T17:49:14.291-03:00 DEBUG 8588 --- [lab] [HikariPool-1:connection-adder] com.zaxxer.hikari.pool.HikariPool        : HikariPool-1 - Connection not added, stats (total=10/30, idle=10/10, active=0, waiting=0)
2026-09-01T17:49:14.529-03:00 DEBUG 8588 --- [lab] [HikariPool-1:connection-adder] com.zaxxer.hikari.pool.HikariPool        : HikariPool-1 - Added connection org.postgresql.jdbc.PgConnection@cf62b9
2026-09-01T17:49:14.828-03:00 DEBUG 8588 --- [lab] [HikariPool-1:connection-adder] com.zaxxer.hikari.pool.HikariPool        : HikariPool-1 - Added connection org.postgresql.jdbc.PgConnection@5707fe2d
2026-09-01T17:49:15.038-03:00 DEBUG 8588 --- [lab] [HikariPool-1:connection-adder] com.zaxxer.hikari.pool.HikariPool        : HikariPool-1 - Added connection org.postgresql.jdbc.PgConnection@2cf4ba5f
2026-09-01T17:49:15.082-03:00 DEBUG 8588 --- [lab] [HikariPool-1:connection-adder] com.zaxxer.hikari.pool.HikariPool        : HikariPool-1 - Connection not added, stats (total=13/30, idle=13/10, active=0, waiting=0)
2026-09-01T17:49:15.088-03:00 DEBUG 8588 --- [lab] [HikariPool-1:connection-adder] com.zaxxer.hikari.pool.HikariPool        : HikariPool-1 - Connection not added, stats (total=13/30, idle=11/10, active=2, waiting=0)
2026-09-01T17:49:15.100-03:00 DEBUG 8588 --- [lab] [HikariPool-1:connection-adder] com.zaxxer.hikari.pool.HikariPool        : HikariPool-1 - Connection not added, stats (total=13/30, idle=11/10, active=2, waiting=0)
2026-09-01T17:49:15.127-03:00 DEBUG 8588 --- [lab] [HikariPool-1:connection-adder] com.zaxxer.hikari.pool.HikariPool        : HikariPool-1 - Connection not added, stats (total=13/30, idle=11/10, active=2, waiting=0)
2026-09-01T17:49:15.331-03:00 DEBUG 8588 --- [lab] [HikariPool-1:connection-adder] com.zaxxer.hikari.pool.HikariPool        : HikariPool-1 - Connection not added, stats (total=13/30, idle=11/10, active=2, waiting=0)
2026-09-01T17:49:15.349-03:00 DEBUG 8588 --- [lab] [HikariPool-1:connection-adder] com.zaxxer.hikari.pool.HikariPool        : HikariPool-1 - Connection not added, stats (total=13/30, idle=12/10, active=1, waiting=0)
2026-09-01T17:49:15.361-03:00 DEBUG 8588 --- [lab] [HikariPool-1:connection-adder] com.zaxxer.hikari.pool.HikariPool        : HikariPool-1 - Connection not added, stats (total=13/30, idle=10/10, active=3, waiting=0)
2026-09-01T17:49:15.367-03:00 DEBUG 8588 --- [lab] [HikariPool-1:connection-adder] com.zaxxer.hikari.pool.HikariPool        : HikariPool-1 - Connection not added, stats (total=13/30, idle=11/10, active=2, waiting=0)
2026-09-01T17:49:15.424-03:00 DEBUG 8588 --- [lab] [HikariPool-1:connection-adder] com.zaxxer.hikari.pool.HikariPool        : HikariPool-1 - Added connection org.postgresql.jdbc.PgConnection@6d420e6a
2026-09-01T17:49:15.582-03:00 DEBUG 8588 --- [lab] [HikariPool-1:connection-adder] com.zaxxer.hikari.pool.HikariPool        : HikariPool-1 - Added connection org.postgresql.jdbc.PgConnection@16e373d1
2026-09-01T17:49:15.617-03:00 DEBUG 8588 --- [lab] [HikariPool-1:connection-adder] com.zaxxer.hikari.pool.HikariPool        : HikariPool-1 - Connection not added, stats (total=15/30, idle=14/10, active=1, waiting=0)
2026-09-01T17:49:15.618-03:00 DEBUG 8588 --- [lab] [HikariPool-1:connection-adder] com.zaxxer.hikari.pool.HikariPool        : HikariPool-1 - Connection not added, stats (total=15/30, idle=14/10, active=1, waiting=0)
2026-09-01T17:49:15.631-03:00 DEBUG 8588 --- [lab] [HikariPool-1:connection-adder] com.zaxxer.hikari.pool.HikariPool        : HikariPool-1 - Connection not added, stats (total=15/30, idle=13/10, active=2, waiting=0)
2026-09-01T17:49:15.645-03:00 DEBUG 8588 --- [lab] [HikariPool-1:connection-adder] com.zaxxer.hikari.pool.HikariPool        : HikariPool-1 - Connection not added, stats (total=15/30, idle=11/10, active=4, waiting=0)
2026-09-01T17:49:15.653-03:00 DEBUG 8588 --- [lab] [HikariPool-1:connection-adder] com.zaxxer.hikari.pool.HikariPool        : HikariPool-1 - Connection not added, stats (total=15/30, idle=11/10, active=4, waiting=0)
2026-09-01T17:49:15.655-03:00 DEBUG 8588 --- [lab] [HikariPool-1:connection-adder] com.zaxxer.hikari.pool.HikariPool        : HikariPool-1 - Connection not added, stats (total=15/30, idle=12/10, active=3, waiting=0)
2026-09-01T17:49:15.694-03:00 DEBUG 8588 --- [lab] [HikariPool-1:connection-adder] com.zaxxer.hikari.pool.HikariPool        : HikariPool-1 - Connection not added, stats (total=15/30, idle=13/10, active=2, waiting=0)
2026-09-01T17:49:15.952-03:00 DEBUG 8588 --- [lab] [HikariPool-1:connection-adder] com.zaxxer.hikari.pool.HikariPool        : HikariPool-1 - Connection not added, stats (total=15/30, idle=13/10, active=2, waiting=0)
2026-09-01T17:49:15.972-03:00 DEBUG 8588 --- [lab] [HikariPool-1:connection-adder] com.zaxxer.hikari.pool.HikariPool        : HikariPool-1 - Connection not added, stats (total=15/30, idle=13/10, active=2, waiting=0)
2026-09-01T17:49:15.981-03:00 DEBUG 8588 --- [lab] [HikariPool-1:connection-adder] com.zaxxer.hikari.pool.HikariPool        : HikariPool-1 - Connection not added, stats (total=15/30, idle=13/10, active=2, waiting=0)
2026-09-01T17:49:15.989-03:00 DEBUG 8588 --- [lab] [HikariPool-1:connection-adder] com.zaxxer.hikari.pool.HikariPool        : HikariPool-1 - Connection not added, stats (total=15/30, idle=13/10, active=2, waiting=0)
2026-09-01T17:49:16.018-03:00 DEBUG 8588 --- [lab] [HikariPool-1:connection-adder] com.zaxxer.hikari.pool.HikariPool        : HikariPool-1 - Connection not added, stats (total=15/30, idle=13/10, active=2, waiting=0)
2026-09-01T17:49:16.071-03:00 DEBUG 8588 --- [lab] [HikariPool-1:connection-adder] com.zaxxer.hikari.pool.HikariPool        : HikariPool-1 - Connection not added, stats (total=15/30, idle=13/10, active=2, waiting=0)
2026-09-01T17:49:16.077-03:00 DEBUG 8588 --- [lab] [HikariPool-1:connection-adder] com.zaxxer.hikari.pool.HikariPool        : HikariPool-1 - Connection not added, stats (total=15/30, idle=13/10, active=2, waiting=0)
2026-09-01T17:49:16.120-03:00 DEBUG 8588 --- [lab] [HikariPool-1:connection-adder] com.zaxxer.hikari.pool.HikariPool        : HikariPool-1 - Connection not added, stats (total=15/30, idle=13/10, active=2, waiting=0)
2026-09-01T17:49:16.132-03:00 DEBUG 8588 --- [lab] [HikariPool-1:connection-adder] com.zaxxer.hikari.pool.HikariPool        : HikariPool-1 - Connection not added, stats (total=15/30, idle=12/10, active=3, waiting=0)
2026-09-01T17:49:16.137-03:00 DEBUG 8588 --- [lab] [HikariPool-1:connection-adder] com.zaxxer.hikari.pool.HikariPool        : HikariPool-1 - Connection not added, stats (total=15/30, idle=13/10, active=2, waiting=0)
2026-09-01T17:49:16.144-03:00 DEBUG 8588 --- [lab] [HikariPool-1:connection-adder] com.zaxxer.hikari.pool.HikariPool        : HikariPool-1 - Connection not added, stats (total=15/30, idle=12/10, active=3, waiting=0)
2026-09-01T17:49:16.366-03:00 DEBUG 8588 --- [lab] [HikariPool-1:connection-adder] com.zaxxer.hikari.pool.HikariPool        : HikariPool-1 - Connection not added, stats (total=15/30, idle=12/10, active=3, waiting=0)
2026-09-01T17:49:16.384-03:00 DEBUG 8588 --- [lab] [HikariPool-1:connection-adder] com.zaxxer.hikari.pool.HikariPool        : HikariPool-1 - Connection not added, stats (total=15/30, idle=10/10, active=5, waiting=0)
2026-09-01T17:49:16.402-03:00 DEBUG 8588 --- [lab] [HikariPool-1:connection-adder] com.zaxxer.hikari.pool.HikariPool        : HikariPool-1 - Connection not added, stats (total=15/30, idle=12/10, active=3, waiting=0)
2026-09-01T17:49:16.406-03:00 DEBUG 8588 --- [lab] [HikariPool-1:connection-adder] com.zaxxer.hikari.pool.HikariPool        : HikariPool-1 - Connection not added, stats (total=15/30, idle=13/10, active=2, waiting=0)
2026-09-01T17:49:16.478-03:00 DEBUG 8588 --- [lab] [HikariPool-1:connection-adder] com.zaxxer.hikari.pool.HikariPool        : HikariPool-1 - Connection not added, stats (total=15/30, idle=12/10, active=3, waiting=0)
2026-09-01T17:49:16.556-03:00 DEBUG 8588 --- [lab] [HikariPool-1:connection-adder] com.zaxxer.hikari.pool.HikariPool        : HikariPool-1 - Added connection org.postgresql.jdbc.PgConnection@7e7d11b6
2026-09-01T17:49:16.589-03:00 DEBUG 8588 --- [lab] [HikariPool-1:connection-adder] com.zaxxer.hikari.pool.HikariPool        : HikariPool-1 - Connection not added, stats (total=16/30, idle=16/10, active=0, waiting=0)
2026-09-01T17:49:16.589-03:00 DEBUG 8588 --- [lab] [HikariPool-1:connection-adder] com.zaxxer.hikari.pool.HikariPool        : HikariPool-1 - Connection not added, stats (total=16/30, idle=16/10, active=0, waiting=0)
2026-09-01T17:49:16.599-03:00 DEBUG 8588 --- [lab] [HikariPool-1:connection-adder] com.zaxxer.hikari.pool.HikariPool        : HikariPool-1 - Connection not added, stats (total=16/30, idle=14/10, active=2, waiting=0)
2026-09-01T17:49:16.603-03:00 DEBUG 8588 --- [lab] [HikariPool-1:connection-adder] com.zaxxer.hikari.pool.HikariPool        : HikariPool-1 - Connection not added, stats (total=16/30, idle=13/10, active=3, waiting=0)
2026-09-01T17:49:16.622-03:00 DEBUG 8588 --- [lab] [HikariPool-1:connection-adder] com.zaxxer.hikari.pool.HikariPool        : HikariPool-1 - Connection not added, stats (total=16/30, idle=13/10, active=3, waiting=0)
2026-09-01T17:49:16.623-03:00 DEBUG 8588 --- [lab] [HikariPool-1:connection-adder] com.zaxxer.hikari.pool.HikariPool        : HikariPool-1 - Connection not added, stats (total=16/30, idle=13/10, active=3, waiting=0)
2026-09-01T17:49:16.630-03:00 DEBUG 8588 --- [lab] [HikariPool-1:connection-adder] com.zaxxer.hikari.pool.HikariPool        : HikariPool-1 - Connection not added, stats (total=16/30, idle=13/10, active=3, waiting=0)
2026-09-01T17:49:16.841-03:00 DEBUG 8588 --- [lab] [HikariPool-1:connection-adder] com.zaxxer.hikari.pool.HikariPool        : HikariPool-1 - Connection not added, stats (total=16/30, idle=13/10, active=3, waiting=0)
2026-09-01T17:49:16.904-03:00 DEBUG 8588 --- [lab] [HikariPool-1:connection-adder] com.zaxxer.hikari.pool.HikariPool        : HikariPool-1 - Connection not added, stats (total=16/30, idle=12/10, active=4, waiting=0)
2026-09-01T17:49:16.912-03:00 DEBUG 8588 --- [lab] [HikariPool-1:connection-adder] com.zaxxer.hikari.pool.HikariPool        : HikariPool-1 - Connection not added, stats (total=16/30, idle=12/10, active=4, waiting=0)
2026-09-01T17:49:16.936-03:00 DEBUG 8588 --- [lab] [HikariPool-1:connection-adder] com.zaxxer.hikari.pool.HikariPool        : HikariPool-1 - Connection not added, stats (total=16/30, idle=13/10, active=3, waiting=0)
2026-09-01T17:49:16.950-03:00 DEBUG 8588 --- [lab] [HikariPool-1:connection-adder] com.zaxxer.hikari.pool.HikariPool        : HikariPool-1 - Connection not added, stats (total=16/30, idle=14/10, active=2, waiting=0)
2026-09-01T17:49:16.980-03:00 DEBUG 8588 --- [lab] [HikariPool-1:connection-adder] com.zaxxer.hikari.pool.HikariPool        : HikariPool-1 - Connection not added, stats (total=16/30, idle=12/10, active=4, waiting=0)
2026-09-01T17:49:17.138-03:00 DEBUG 8588 --- [lab] [HikariPool-1:connection-adder] com.zaxxer.hikari.pool.HikariPool        : HikariPool-1 - Added connection org.postgresql.jdbc.PgConnection@77d27a64
2026-09-01T17:49:17.173-03:00 DEBUG 8588 --- [lab] [HikariPool-1:connection-adder] com.zaxxer.hikari.pool.HikariPool        : HikariPool-1 - Connection not added, stats (total=17/30, idle=17/10, active=0, waiting=0)
2026-09-01T17:49:17.259-03:00 DEBUG 8588 --- [lab] [HikariPool-1:connection-adder] com.zaxxer.hikari.pool.HikariPool        : HikariPool-1 - Connection not added, stats (total=17/30, idle=15/10, active=2, waiting=0)
2026-09-01T17:49:17.283-03:00 DEBUG 8588 --- [lab] [HikariPool-1:connection-adder] com.zaxxer.hikari.pool.HikariPool        : HikariPool-1 - Connection not added, stats (total=17/30, idle=15/10, active=2, waiting=0)
2026-09-01T17:49:17.334-03:00 DEBUG 8588 --- [lab] [HikariPool-1:connection-adder] com.zaxxer.hikari.pool.HikariPool        : HikariPool-1 - Connection not added, stats (total=17/30, idle=13/10, active=4, waiting=0)
2026-09-01T17:49:17.337-03:00 DEBUG 8588 --- [lab] [HikariPool-1:connection-adder] com.zaxxer.hikari.pool.HikariPool        : HikariPool-1 - Connection not added, stats (total=17/30, idle=13/10, active=4, waiting=0)
2026-09-01T17:49:17.338-03:00 DEBUG 8588 --- [lab] [HikariPool-1:connection-adder] com.zaxxer.hikari.pool.HikariPool        : HikariPool-1 - Connection not added, stats (total=17/30, idle=13/10, active=4, waiting=0)
2026-09-01T17:49:17.368-03:00 DEBUG 8588 --- [lab] [HikariPool-1:connection-adder] com.zaxxer.hikari.pool.HikariPool        : HikariPool-1 - Connection not added, stats (total=17/30, idle=14/10, active=3, waiting=0)
2026-09-01T17:49:17.417-03:00 DEBUG 8588 --- [lab] [HikariPool-1:connection-adder] com.zaxxer.hikari.pool.HikariPool        : HikariPool-1 - Connection not added, stats (total=17/30, idle=15/10, active=2, waiting=0)
2026-09-01T17:49:17.477-03:00 DEBUG 8588 --- [lab] [HikariPool-1:connection-adder] com.zaxxer.hikari.pool.HikariPool        : HikariPool-1 - Connection not added, stats (total=17/30, idle=14/10, active=3, waiting=0)
2026-09-01T17:49:17.487-03:00 DEBUG 8588 --- [lab] [HikariPool-1:connection-adder] com.zaxxer.hikari.pool.HikariPool        : HikariPool-1 - Connection not added, stats (total=17/30, idle=15/10, active=2, waiting=0)
2026-09-01T17:49:17.513-03:00 DEBUG 8588 --- [lab] [HikariPool-1:connection-adder] com.zaxxer.hikari.pool.HikariPool        : HikariPool-1 - Connection not added, stats (total=17/30, idle=11/10, active=6, waiting=0)
2026-09-01T17:49:17.550-03:00 DEBUG 8588 --- [lab] [HikariPool-1:connection-adder] com.zaxxer.hikari.pool.HikariPool        : HikariPool-1 - Connection not added, stats (total=17/30, idle=14/10, active=3, waiting=0)
2026-09-01T17:49:17.555-03:00 DEBUG 8588 --- [lab] [HikariPool-1:connection-adder] com.zaxxer.hikari.pool.HikariPool        : HikariPool-1 - Connection not added, stats (total=17/30, idle=14/10, active=3, waiting=0)
2026-09-01T17:49:17.566-03:00 DEBUG 8588 --- [lab] [HikariPool-1:connection-adder] com.zaxxer.hikari.pool.HikariPool        : HikariPool-1 - Connection not added, stats (total=17/30, idle=15/10, active=2, waiting=0)
2026-09-01T17:49:17.595-03:00 DEBUG 8588 --- [lab] [HikariPool-1:connection-adder] com.zaxxer.hikari.pool.HikariPool        : HikariPool-1 - Connection not added, stats (total=17/30, idle=14/10, active=3, waiting=0)
2026-09-01T17:49:17.600-03:00 DEBUG 8588 --- [lab] [HikariPool-1:connection-adder] com.zaxxer.hikari.pool.HikariPool        : HikariPool-1 - Connection not added, stats (total=17/30, idle=14/10, active=3, waiting=0)
2026-09-01T17:49:17.601-03:00 DEBUG 8588 --- [lab] [HikariPool-1:connection-adder] com.zaxxer.hikari.pool.HikariPool        : HikariPool-1 - Connection not added, stats (total=17/30, idle=14/10, active=3, waiting=0)
2026-09-01T17:49:17.606-03:00 DEBUG 8588 --- [lab] [HikariPool-1:connection-adder] com.zaxxer.hikari.pool.HikariPool        : HikariPool-1 - Connection not added, stats (total=17/30, idle=14/10, active=3, waiting=0)
2026-09-01T17:49:17.612-03:00 DEBUG 8588 --- [lab] [HikariPool-1:connection-adder] com.zaxxer.hikari.pool.HikariPool        : HikariPool-1 - Connection not added, stats (total=17/30, idle=14/10, active=3, waiting=0)
2026-09-01T17:49:17.615-03:00 DEBUG 8588 --- [lab] [HikariPool-1:connection-adder] com.zaxxer.hikari.pool.HikariPool        : HikariPool-1 - Connection not added, stats (total=17/30, idle=15/10, active=2, waiting=0)
2026-09-01T17:49:17.621-03:00 DEBUG 8588 --- [lab] [HikariPool-1:connection-adder] com.zaxxer.hikari.pool.HikariPool        : HikariPool-1 - Connection not added, stats (total=17/30, idle=15/10, active=2, waiting=0)
2026-09-01T17:49:17.633-03:00 DEBUG 8588 --- [lab] [HikariPool-1:connection-adder] com.zaxxer.hikari.pool.HikariPool        : HikariPool-1 - Connection not added, stats (total=17/30, idle=14/10, active=3, waiting=0)
2026-09-01T17:49:17.687-03:00 DEBUG 8588 --- [lab] [HikariPool-1:connection-adder] com.zaxxer.hikari.pool.HikariPool        : HikariPool-1 - Connection not added, stats (total=17/30, idle=14/10, active=3, waiting=0)
2026-09-01T17:49:17.709-03:00 DEBUG 8588 --- [lab] [HikariPool-1:connection-adder] com.zaxxer.hikari.pool.HikariPool        : HikariPool-1 - Connection not added, stats (total=17/30, idle=15/10, active=2, waiting=0)
2026-09-01T17:49:17.746-03:00 DEBUG 8588 --- [lab] [HikariPool-1:connection-adder] com.zaxxer.hikari.pool.HikariPool        : HikariPool-1 - Connection not added, stats (total=17/30, idle=14/10, active=3, waiting=0)
2026-09-01T17:49:17.751-03:00 DEBUG 8588 --- [lab] [HikariPool-1:connection-adder] com.zaxxer.hikari.pool.HikariPool        : HikariPool-1 - Connection not added, stats (total=17/30, idle=14/10, active=3, waiting=0)
2026-09-01T17:49:17.761-03:00 DEBUG 8588 --- [lab] [HikariPool-1:connection-adder] com.zaxxer.hikari.pool.HikariPool        : HikariPool-1 - Connection not added, stats (total=17/30, idle=15/10, active=2, waiting=0)
2026-09-01T17:49:17.767-03:00 DEBUG 8588 --- [lab] [HikariPool-1:connection-adder] com.zaxxer.hikari.pool.HikariPool        : HikariPool-1 - Connection not added, stats (total=17/30, idle=13/10, active=4, waiting=0)
2026-09-01T17:49:17.777-03:00 DEBUG 8588 --- [lab] [HikariPool-1:connection-adder] com.zaxxer.hikari.pool.HikariPool        : HikariPool-1 - Connection not added, stats (total=17/30, idle=13/10, active=4, waiting=0)
2026-09-01T17:49:18.434-03:00 DEBUG 8588 --- [lab] [HikariPool-1:connection-adder] com.zaxxer.hikari.pool.HikariPool        : HikariPool-1 - Connection not added, stats (total=17/30, idle=14/10, active=3, waiting=0)
2026-09-01T17:49:18.434-03:00 DEBUG 8588 --- [lab] [HikariPool-1:connection-adder] com.zaxxer.hikari.pool.HikariPool        : HikariPool-1 - Connection not added, stats (total=17/30, idle=14/10, active=3, waiting=0)
2026-09-01T17:49:18.465-03:00 DEBUG 8588 --- [lab] [HikariPool-1:connection-adder] com.zaxxer.hikari.pool.HikariPool        : HikariPool-1 - Connection not added, stats (total=17/30, idle=14/10, active=3, waiting=0)
2026-09-01T17:49:18.503-03:00 DEBUG 8588 --- [lab] [HikariPool-1:connection-adder] com.zaxxer.hikari.pool.HikariPool        : HikariPool-1 - Connection not added, stats (total=17/30, idle=14/10, active=3, waiting=0)
2026-09-01T17:49:18.536-03:00 DEBUG 8588 --- [lab] [HikariPool-1:connection-adder] com.zaxxer.hikari.pool.HikariPool        : HikariPool-1 - Connection not added, stats (total=17/30, idle=14/10, active=3, waiting=0)
2026-09-01T17:49:18.536-03:00 DEBUG 8588 --- [lab] [HikariPool-1:connection-adder] com.zaxxer.hikari.pool.HikariPool        : HikariPool-1 - Connection not added, stats (total=17/30, idle=14/10, active=3, waiting=0)
2026-09-01T17:49:18.542-03:00 DEBUG 8588 --- [lab] [HikariPool-1:connection-adder] com.zaxxer.hikari.pool.HikariPool        : HikariPool-1 - Connection not added, stats (total=17/30, idle=14/10, active=3, waiting=0)
2026-09-01T17:49:18.547-03:00 DEBUG 8588 --- [lab] [HikariPool-1:connection-adder] com.zaxxer.hikari.pool.HikariPool        : HikariPool-1 - Connection not added, stats (total=17/30, idle=14/10, active=3, waiting=0)
2026-09-01T17:49:18.547-03:00 DEBUG 8588 --- [lab] [HikariPool-1:connection-adder] com.zaxxer.hikari.pool.HikariPool        : HikariPool-1 - Connection not added, stats (total=17/30, idle=14/10, active=3, waiting=0)
2026-09-01T17:49:18.552-03:00 DEBUG 8588 --- [lab] [HikariPool-1:connection-adder] com.zaxxer.hikari.pool.HikariPool        : HikariPool-1 - Connection not added, stats (total=17/30, idle=13/10, active=4, waiting=0)
2026-09-01T17:49:18.557-03:00 DEBUG 8588 --- [lab] [HikariPool-1:connection-adder] com.zaxxer.hikari.pool.HikariPool        : HikariPool-1 - Connection not added, stats (total=17/30, idle=12/10, active=5, waiting=0)
2026-09-01T17:49:18.587-03:00 DEBUG 8588 --- [lab] [HikariPool-1:connection-adder] com.zaxxer.hikari.pool.HikariPool        : HikariPool-1 - Connection not added, stats (total=17/30, idle=15/10, active=2, waiting=0)
2026-09-01T17:49:18.654-03:00 DEBUG 8588 --- [lab] [HikariPool-1:connection-adder] com.zaxxer.hikari.pool.HikariPool        : HikariPool-1 - Connection not added, stats (total=17/30, idle=14/10, active=3, waiting=0)
2026-09-01T17:49:18.673-03:00 DEBUG 8588 --- [lab] [HikariPool-1:connection-adder] com.zaxxer.hikari.pool.HikariPool        : HikariPool-1 - Connection not added, stats (total=17/30, idle=14/10, active=3, waiting=0)
2026-09-01T17:49:18.674-03:00 DEBUG 8588 --- [lab] [HikariPool-1:connection-adder] com.zaxxer.hikari.pool.HikariPool        : HikariPool-1 - Connection not added, stats (total=17/30, idle=14/10, active=3, waiting=0)
2026-09-01T17:49:18.690-03:00 DEBUG 8588 --- [lab] [HikariPool-1:connection-adder] com.zaxxer.hikari.pool.HikariPool        : HikariPool-1 - Connection not added, stats (total=17/30, idle=15/10, active=2, waiting=0)
2026-09-01T17:49:18.696-03:00 DEBUG 8588 --- [lab] [HikariPool-1:connection-adder] com.zaxxer.hikari.pool.HikariPool        : HikariPool-1 - Connection not added, stats (total=17/30, idle=15/10, active=2, waiting=0)
2026-09-01T17:49:18.716-03:00 DEBUG 8588 --- [lab] [HikariPool-1:connection-adder] com.zaxxer.hikari.pool.HikariPool        : HikariPool-1 - Connection not added, stats (total=17/30, idle=15/10, active=2, waiting=0)
2026-09-01T17:49:18.720-03:00 DEBUG 8588 --- [lab] [HikariPool-1:connection-adder] com.zaxxer.hikari.pool.HikariPool        : HikariPool-1 - Connection not added, stats (total=17/30, idle=14/10, active=3, waiting=0)
2026-09-01T17:49:18.720-03:00 DEBUG 8588 --- [lab] [HikariPool-1:connection-adder] com.zaxxer.hikari.pool.HikariPool        : HikariPool-1 - Connection not added, stats (total=17/30, idle=14/10, active=3, waiting=0)
2026-09-01T17:49:18.724-03:00 DEBUG 8588 --- [lab] [HikariPool-1:connection-adder] com.zaxxer.hikari.pool.HikariPool        : HikariPool-1 - Connection not added, stats (total=17/30, idle=15/10, active=2, waiting=0)
2026-09-01T17:49:18.734-03:00 DEBUG 8588 --- [lab] [HikariPool-1:connection-adder] com.zaxxer.hikari.pool.HikariPool        : HikariPool-1 - Connection not added, stats (total=17/30, idle=15/10, active=2, waiting=0)
2026-09-01T17:49:18.739-03:00 DEBUG 8588 --- [lab] [HikariPool-1:connection-adder] com.zaxxer.hikari.pool.HikariPool        : HikariPool-1 - Connection not added, stats (total=17/30, idle=12/10, active=5, waiting=0)
2026-09-01T17:49:19.138-03:00 DEBUG 8588 --- [lab] [HikariPool-1:connection-adder] com.zaxxer.hikari.pool.HikariPool        : HikariPool-1 - Connection not added, stats (total=17/30, idle=16/10, active=1, waiting=0)
2026-09-01T17:49:19.138-03:00 DEBUG 8588 --- [lab] [HikariPool-1:connection-adder] com.zaxxer.hikari.pool.HikariPool        : HikariPool-1 - Connection not added, stats (total=17/30, idle=16/10, active=1, waiting=0)
2026-09-01T17:49:19.148-03:00 DEBUG 8588 --- [lab] [HikariPool-1:connection-adder] com.zaxxer.hikari.pool.HikariPool        : HikariPool-1 - Connection not added, stats (total=17/30, idle=14/10, active=3, waiting=0)
2026-09-01T17:49:19.190-03:00 DEBUG 8588 --- [lab] [HikariPool-1:connection-adder] com.zaxxer.hikari.pool.HikariPool        : HikariPool-1 - Connection not added, stats (total=17/30, idle=14/10, active=3, waiting=0)
2026-09-01T17:49:19.207-03:00 DEBUG 8588 --- [lab] [HikariPool-1:connection-adder] com.zaxxer.hikari.pool.HikariPool        : HikariPool-1 - Connection not added, stats (total=17/30, idle=14/10, active=3, waiting=0)
2026-09-01T17:49:19.286-03:00 DEBUG 8588 --- [lab] [HikariPool-1:connection-adder] com.zaxxer.hikari.pool.HikariPool        : HikariPool-1 - Connection not added, stats (total=17/30, idle=11/10, active=6, waiting=0)
2026-09-01T17:49:19.294-03:00 DEBUG 8588 --- [lab] [HikariPool-1:connection-adder] com.zaxxer.hikari.pool.HikariPool        : HikariPool-1 - Connection not added, stats (total=17/30, idle=15/10, active=2, waiting=0)
2026-09-01T17:49:19.298-03:00 DEBUG 8588 --- [lab] [HikariPool-1:connection-adder] com.zaxxer.hikari.pool.HikariPool        : HikariPool-1 - Connection not added, stats (total=17/30, idle=15/10, active=2, waiting=0)
2026-09-01T17:49:19.304-03:00 DEBUG 8588 --- [lab] [HikariPool-1:connection-adder] com.zaxxer.hikari.pool.HikariPool        : HikariPool-1 - Connection not added, stats (total=17/30, idle=14/10, active=3, waiting=0)
2026-09-01T17:49:19.311-03:00 DEBUG 8588 --- [lab] [HikariPool-1:connection-adder] com.zaxxer.hikari.pool.HikariPool        : HikariPool-1 - Connection not added, stats (total=17/30, idle=14/10, active=3, waiting=0)
2026-09-01T17:49:19.317-03:00 DEBUG 8588 --- [lab] [HikariPool-1:connection-adder] com.zaxxer.hikari.pool.HikariPool        : HikariPool-1 - Connection not added, stats (total=17/30, idle=14/10, active=3, waiting=0)
2026-09-01T17:49:19.321-03:00 DEBUG 8588 --- [lab] [HikariPool-1:connection-adder] com.zaxxer.hikari.pool.HikariPool        : HikariPool-1 - Connection not added, stats (total=17/30, idle=14/10, active=3, waiting=0)
2026-09-01T17:49:19.322-03:00 DEBUG 8588 --- [lab] [HikariPool-1:connection-adder] com.zaxxer.hikari.pool.HikariPool        : HikariPool-1 - Connection not added, stats (total=17/30, idle=14/10, active=3, waiting=0)
2026-09-01T17:49:19.327-03:00 DEBUG 8588 --- [lab] [HikariPool-1:connection-adder] com.zaxxer.hikari.pool.HikariPool        : HikariPool-1 - Connection not added, stats (total=17/30, idle=14/10, active=3, waiting=0)
2026-09-01T17:49:19.328-03:00 DEBUG 8588 --- [lab] [HikariPool-1:connection-adder] com.zaxxer.hikari.pool.HikariPool        : HikariPool-1 - Connection not added, stats (total=17/30, idle=15/10, active=2, waiting=0)
2026-09-01T17:49:19.331-03:00 DEBUG 8588 --- [lab] [HikariPool-1:connection-adder] com.zaxxer.hikari.pool.HikariPool        : HikariPool-1 - Connection not added, stats (total=17/30, idle=14/10, active=3, waiting=0)
2026-09-01T17:49:19.333-03:00 DEBUG 8588 --- [lab] [HikariPool-1:connection-adder] com.zaxxer.hikari.pool.HikariPool        : HikariPool-1 - Connection not added, stats (total=17/30, idle=15/10, active=2, waiting=0)
2026-09-01T17:49:19.337-03:00 DEBUG 8588 --- [lab] [HikariPool-1:connection-adder] com.zaxxer.hikari.pool.HikariPool        : HikariPool-1 - Connection not added, stats (total=17/30, idle=15/10, active=2, waiting=0)
2026-09-01T17:49:19.341-03:00 DEBUG 8588 --- [lab] [HikariPool-1:connection-adder] com.zaxxer.hikari.pool.HikariPool        : HikariPool-1 - Connection not added, stats (total=17/30, idle=14/10, active=3, waiting=0)
2026-09-01T17:49:19.346-03:00 DEBUG 8588 --- [lab] [HikariPool-1:connection-adder] com.zaxxer.hikari.pool.HikariPool        : HikariPool-1 - Connection not added, stats (total=17/30, idle=13/10, active=4, waiting=0)
2026-09-01T17:49:19.386-03:00 DEBUG 8588 --- [lab] [HikariPool-1:connection-adder] com.zaxxer.hikari.pool.HikariPool        : HikariPool-1 - Connection not added, stats (total=17/30, idle=15/10, active=2, waiting=0)
2026-09-01T17:49:19.390-03:00 DEBUG 8588 --- [lab] [HikariPool-1:connection-adder] com.zaxxer.hikari.pool.HikariPool        : HikariPool-1 - Connection not added, stats (total=17/30, idle=14/10, active=3, waiting=0)
2026-09-01T17:49:19.392-03:00 DEBUG 8588 --- [lab] [HikariPool-1:connection-adder] com.zaxxer.hikari.pool.HikariPool        : HikariPool-1 - Connection not added, stats (total=17/30, idle=14/10, active=3, waiting=0)
2026-09-01T17:49:19.398-03:00 DEBUG 8588 --- [lab] [HikariPool-1:connection-adder] com.zaxxer.hikari.pool.HikariPool        : HikariPool-1 - Connection not added, stats (total=17/30, idle=14/10, active=3, waiting=0)
2026-09-01T17:49:19.408-03:00 DEBUG 8588 --- [lab] [HikariPool-1:connection-adder] com.zaxxer.hikari.pool.HikariPool        : HikariPool-1 - Connection not added, stats (total=17/30, idle=14/10, active=3, waiting=0)
2026-09-01T17:49:19.409-03:00 DEBUG 8588 --- [lab] [HikariPool-1:connection-adder] com.zaxxer.hikari.pool.HikariPool        : HikariPool-1 - Connection not added, stats (total=17/30, idle=15/10, active=2, waiting=0)
2026-09-01T17:49:19.414-03:00 DEBUG 8588 --- [lab] [HikariPool-1:connection-adder] com.zaxxer.hikari.pool.HikariPool        : HikariPool-1 - Connection not added, stats (total=17/30, idle=14/10, active=3, waiting=0)
2026-09-01T17:49:19.419-03:00 DEBUG 8588 --- [lab] [HikariPool-1:connection-adder] com.zaxxer.hikari.pool.HikariPool        : HikariPool-1 - Connection not added, stats (total=17/30, idle=14/10, active=3, waiting=0)
2026-09-01T17:49:19.424-03:00 DEBUG 8588 --- [lab] [HikariPool-1:connection-adder] com.zaxxer.hikari.pool.HikariPool        : HikariPool-1 - Connection not added, stats (total=17/30, idle=14/10, active=3, waiting=0)
2026-09-01T17:49:19.424-03:00 DEBUG 8588 --- [lab] [HikariPool-1:connection-adder] com.zaxxer.hikari.pool.HikariPool        : HikariPool-1 - Connection not added, stats (total=17/30, idle=14/10, active=3, waiting=0)
2026-09-01T17:49:19.466-03:00 DEBUG 8588 --- [lab] [HikariPool-1:connection-adder] com.zaxxer.hikari.pool.HikariPool        : HikariPool-1 - Connection not added, stats (total=17/30, idle=14/10, active=3, waiting=0)
2026-09-01T17:49:19.474-03:00 DEBUG 8588 --- [lab] [HikariPool-1:connection-adder] com.zaxxer.hikari.pool.HikariPool        : HikariPool-1 - Connection not added, stats (total=17/30, idle=14/10, active=3, waiting=0)
2026-09-01T17:49:19.488-03:00 DEBUG 8588 --- [lab] [HikariPool-1:connection-adder] com.zaxxer.hikari.pool.HikariPool        : HikariPool-1 - Connection not added, stats (total=17/30, idle=13/10, active=4, waiting=0)
2026-09-01T17:49:19.496-03:00 DEBUG 8588 --- [lab] [HikariPool-1:connection-adder] com.zaxxer.hikari.pool.HikariPool        : HikariPool-1 - Connection not added, stats (total=17/30, idle=14/10, active=3, waiting=0)
2026-09-01T17:49:19.504-03:00 DEBUG 8588 --- [lab] [HikariPool-1:connection-adder] com.zaxxer.hikari.pool.HikariPool        : HikariPool-1 - Connection not added, stats (total=17/30, idle=13/10, active=4, waiting=0)
2026-09-01T17:49:19.567-03:00 DEBUG 8588 --- [lab] [HikariPool-1:connection-adder] com.zaxxer.hikari.pool.HikariPool        : HikariPool-1 - Connection not added, stats (total=17/30, idle=15/10, active=2, waiting=0)
2026-09-01T17:49:19.602-03:00 DEBUG 8588 --- [lab] [HikariPool-1:connection-adder] com.zaxxer.hikari.pool.HikariPool        : HikariPool-1 - Connection not added, stats (total=17/30, idle=15/10, active=2, waiting=0)
2026-09-01T17:49:19.613-03:00 DEBUG 8588 --- [lab] [HikariPool-1:connection-adder] com.zaxxer.hikari.pool.HikariPool        : HikariPool-1 - Connection not added, stats (total=17/30, idle=14/10, active=3, waiting=0)
2026-09-01T17:49:19.614-03:00 DEBUG 8588 --- [lab] [HikariPool-1:connection-adder] com.zaxxer.hikari.pool.HikariPool        : HikariPool-1 - Connection not added, stats (total=17/30, idle=14/10, active=3, waiting=0)
2026-09-01T17:49:19.618-03:00 DEBUG 8588 --- [lab] [HikariPool-1:connection-adder] com.zaxxer.hikari.pool.HikariPool        : HikariPool-1 - Connection not added, stats (total=17/30, idle=14/10, active=3, waiting=0)
2026-09-01T17:49:19.672-03:00 DEBUG 8588 --- [lab] [HikariPool-1:connection-adder] com.zaxxer.hikari.pool.HikariPool        : HikariPool-1 - Connection not added, stats (total=17/30, idle=14/10, active=3, waiting=0)
2026-09-01T17:49:19.677-03:00 DEBUG 8588 --- [lab] [HikariPool-1:connection-adder] com.zaxxer.hikari.pool.HikariPool        : HikariPool-1 - Connection not added, stats (total=17/30, idle=13/10, active=4, waiting=0)
2026-09-01T17:49:19.687-03:00 DEBUG 8588 --- [lab] [HikariPool-1:connection-adder] com.zaxxer.hikari.pool.HikariPool        : HikariPool-1 - Connection not added, stats (total=17/30, idle=14/10, active=3, waiting=0)
2026-09-01T17:49:19.694-03:00 DEBUG 8588 --- [lab] [HikariPool-1:connection-adder] com.zaxxer.hikari.pool.HikariPool        : HikariPool-1 - Connection not added, stats (total=17/30, idle=14/10, active=3, waiting=0)
2026-09-01T17:49:19.724-03:00 DEBUG 8588 --- [lab] [HikariPool-1:connection-adder] com.zaxxer.hikari.pool.HikariPool        : HikariPool-1 - Connection not added, stats (total=17/30, idle=12/10, active=5, waiting=0)
2026-09-01T17:49:19.745-03:00 DEBUG 8588 --- [lab] [HikariPool-1:connection-adder] com.zaxxer.hikari.pool.HikariPool        : HikariPool-1 - Connection not added, stats (total=17/30, idle=15/10, active=2, waiting=1)
2026-09-01T17:49:19.792-03:00 DEBUG 8588 --- [lab] [HikariPool-1:connection-adder] com.zaxxer.hikari.pool.HikariPool        : HikariPool-1 - Connection not added, stats (total=17/30, idle=14/10, active=3, waiting=0)
2026-09-01T17:49:19.803-03:00 DEBUG 8588 --- [lab] [HikariPool-1:connection-adder] com.zaxxer.hikari.pool.HikariPool        : HikariPool-1 - Connection not added, stats (total=17/30, idle=14/10, active=3, waiting=0)
2026-09-01T17:49:19.812-03:00 DEBUG 8588 --- [lab] [HikariPool-1:connection-adder] com.zaxxer.hikari.pool.HikariPool        : HikariPool-1 - Connection not added, stats (total=17/30, idle=14/10, active=3, waiting=0)
2026-09-01T17:49:19.812-03:00 DEBUG 8588 --- [lab] [HikariPool-1:connection-adder] com.zaxxer.hikari.pool.HikariPool        : HikariPool-1 - Connection not added, stats (total=17/30, idle=14/10, active=3, waiting=0)
2026-09-01T17:49:19.817-03:00 DEBUG 8588 --- [lab] [HikariPool-1:connection-adder] com.zaxxer.hikari.pool.HikariPool        : HikariPool-1 - Connection not added, stats (total=17/30, idle=14/10, active=3, waiting=0)
2026-09-01T17:49:19.823-03:00 DEBUG 8588 --- [lab] [HikariPool-1:connection-adder] com.zaxxer.hikari.pool.HikariPool        : HikariPool-1 - Connection not added, stats (total=17/30, idle=14/10, active=3, waiting=0)
2026-09-01T17:49:19.843-03:00 DEBUG 8588 --- [lab] [HikariPool-1:connection-adder] com.zaxxer.hikari.pool.HikariPool        : HikariPool-1 - Connection not added, stats (total=17/30, idle=13/10, active=4, waiting=0)
2026-09-01T17:49:19.905-03:00 DEBUG 8588 --- [lab] [HikariPool-1:connection-adder] com.zaxxer.hikari.pool.HikariPool        : HikariPool-1 - Connection not added, stats (total=17/30, idle=13/10, active=4, waiting=0)
2026-09-01T17:49:19.920-03:00 DEBUG 8588 --- [lab] [HikariPool-1:connection-adder] com.zaxxer.hikari.pool.HikariPool        : HikariPool-1 - Connection not added, stats (total=17/30, idle=13/10, active=4, waiting=0)
2026-09-01T17:49:20.005-03:00 DEBUG 8588 --- [lab] [HikariPool-1:connection-adder] com.zaxxer.hikari.pool.HikariPool        : HikariPool-1 - Connection not added, stats (total=17/30, idle=15/10, active=2, waiting=0)
2026-09-01T17:49:20.040-03:00 DEBUG 8588 --- [lab] [HikariPool-1:connection-adder] com.zaxxer.hikari.pool.HikariPool        : HikariPool-1 - Connection not added, stats (total=17/30, idle=12/10, active=5, waiting=0)
2026-09-01T17:49:20.053-03:00 DEBUG 8588 --- [lab] [HikariPool-1:connection-adder] com.zaxxer.hikari.pool.HikariPool        : HikariPool-1 - Connection not added, stats (total=17/30, idle=15/10, active=2, waiting=0)
2026-09-01T17:49:20.099-03:00 DEBUG 8588 --- [lab] [HikariPool-1:connection-adder] com.zaxxer.hikari.pool.HikariPool        : HikariPool-1 - Connection not added, stats (total=17/30, idle=15/10, active=2, waiting=0)
2026-09-01T17:49:20.140-03:00 DEBUG 8588 --- [lab] [HikariPool-1:connection-adder] com.zaxxer.hikari.pool.HikariPool        : HikariPool-1 - Connection not added, stats (total=17/30, idle=15/10, active=2, waiting=0)
2026-09-01T17:49:20.170-03:00 DEBUG 8588 --- [lab] [HikariPool-1:connection-adder] com.zaxxer.hikari.pool.HikariPool        : HikariPool-1 - Connection not added, stats (total=17/30, idle=14/10, active=3, waiting=0)
2026-09-01T17:49:20.174-03:00 DEBUG 8588 --- [lab] [HikariPool-1:connection-adder] com.zaxxer.hikari.pool.HikariPool        : HikariPool-1 - Connection not added, stats (total=17/30, idle=15/10, active=2, waiting=0)
2026-09-01T17:49:20.212-03:00 DEBUG 8588 --- [lab] [HikariPool-1:connection-adder] com.zaxxer.hikari.pool.HikariPool        : HikariPool-1 - Connection not added, stats (total=17/30, idle=15/10, active=2, waiting=0)
2026-09-01T17:49:20.215-03:00 DEBUG 8588 --- [lab] [HikariPool-1:connection-adder] com.zaxxer.hikari.pool.HikariPool        : HikariPool-1 - Connection not added, stats (total=17/30, idle=15/10, active=2, waiting=0)
2026-09-01T17:49:20.220-03:00 DEBUG 8588 --- [lab] [HikariPool-1:connection-adder] com.zaxxer.hikari.pool.HikariPool        : HikariPool-1 - Connection not added, stats (total=17/30, idle=14/10, active=3, waiting=0)
2026-09-01T17:49:20.236-03:00 DEBUG 8588 --- [lab] [HikariPool-1:connection-adder] com.zaxxer.hikari.pool.HikariPool        : HikariPool-1 - Connection not added, stats (total=17/30, idle=15/10, active=2, waiting=0)
2026-09-01T17:49:20.251-03:00 DEBUG 8588 --- [lab] [HikariPool-1:connection-adder] com.zaxxer.hikari.pool.HikariPool        : HikariPool-1 - Connection not added, stats (total=17/30, idle=15/10, active=2, waiting=0)
2026-09-01T17:49:20.261-03:00 DEBUG 8588 --- [lab] [HikariPool-1:connection-adder] com.zaxxer.hikari.pool.HikariPool        : HikariPool-1 - Connection not added, stats (total=17/30, idle=13/10, active=4, waiting=0)
2026-09-01T17:49:20.270-03:00 DEBUG 8588 --- [lab] [HikariPool-1:connection-adder] com.zaxxer.hikari.pool.HikariPool        : HikariPool-1 - Connection not added, stats (total=17/30, idle=13/10, active=4, waiting=0)
2026-09-01T17:49:20.275-03:00 DEBUG 8588 --- [lab] [HikariPool-1:connection-adder] com.zaxxer.hikari.pool.HikariPool        : HikariPool-1 - Connection not added, stats (total=17/30, idle=13/10, active=4, waiting=0)
2026-09-01T17:49:20.275-03:00 DEBUG 8588 --- [lab] [HikariPool-1:connection-adder] com.zaxxer.hikari.pool.HikariPool        : HikariPool-1 - Connection not added, stats (total=17/30, idle=13/10, active=4, waiting=0)
2026-09-01T17:49:20.287-03:00 DEBUG 8588 --- [lab] [HikariPool-1:connection-adder] com.zaxxer.hikari.pool.HikariPool        : HikariPool-1 - Connection not added, stats (total=17/30, idle=12/10, active=5, waiting=0)
2026-09-01T17:49:20.364-03:00 DEBUG 8588 --- [lab] [HikariPool-1:connection-adder] com.zaxxer.hikari.pool.HikariPool        : HikariPool-1 - Connection not added, stats (total=17/30, idle=15/10, active=2, waiting=0)
2026-09-01T17:49:20.370-03:00 DEBUG 8588 --- [lab] [HikariPool-1:connection-adder] com.zaxxer.hikari.pool.HikariPool        : HikariPool-1 - Connection not added, stats (total=17/30, idle=15/10, active=2, waiting=0)
2026-09-01T17:49:20.377-03:00 DEBUG 8588 --- [lab] [HikariPool-1:connection-adder] com.zaxxer.hikari.pool.HikariPool        : HikariPool-1 - Connection not added, stats (total=17/30, idle=14/10, active=3, waiting=0)
2026-09-01T17:49:20.382-03:00 DEBUG 8588 --- [lab] [HikariPool-1:connection-adder] com.zaxxer.hikari.pool.HikariPool        : HikariPool-1 - Connection not added, stats (total=17/30, idle=15/10, active=2, waiting=0)
2026-09-01T17:49:20.386-03:00 DEBUG 8588 --- [lab] [HikariPool-1:connection-adder] com.zaxxer.hikari.pool.HikariPool        : HikariPool-1 - Connection not added, stats (total=17/30, idle=15/10, active=2, waiting=0)
2026-09-01T17:49:20.397-03:00 DEBUG 8588 --- [lab] [HikariPool-1:connection-adder] com.zaxxer.hikari.pool.HikariPool        : HikariPool-1 - Connection not added, stats (total=17/30, idle=14/10, active=3, waiting=0)
2026-09-01T17:49:20.415-03:00 DEBUG 8588 --- [lab] [HikariPool-1:connection-adder] com.zaxxer.hikari.pool.HikariPool        : HikariPool-1 - Connection not added, stats (total=17/30, idle=12/10, active=5, waiting=0)
2026-09-01T17:49:20.420-03:00 DEBUG 8588 --- [lab] [HikariPool-1:connection-adder] com.zaxxer.hikari.pool.HikariPool        : HikariPool-1 - Connection not added, stats (total=17/30, idle=13/10, active=4, waiting=1)
2026-09-01T17:49:20.435-03:00 DEBUG 8588 --- [lab] [HikariPool-1:connection-adder] com.zaxxer.hikari.pool.HikariPool        : HikariPool-1 - Connection not added, stats (total=17/30, idle=15/10, active=2, waiting=0)
2026-09-01T17:49:20.451-03:00 DEBUG 8588 --- [lab] [HikariPool-1:connection-adder] com.zaxxer.hikari.pool.HikariPool        : HikariPool-1 - Connection not added, stats (total=17/30, idle=15/10, active=2, waiting=0)
2026-09-01T17:49:20.489-03:00 DEBUG 8588 --- [lab] [HikariPool-1:connection-adder] com.zaxxer.hikari.pool.HikariPool        : HikariPool-1 - Connection not added, stats (total=17/30, idle=15/10, active=2, waiting=0)
2026-09-01T17:49:20.529-03:00 DEBUG 8588 --- [lab] [HikariPool-1:connection-adder] com.zaxxer.hikari.pool.HikariPool        : HikariPool-1 - Connection not added, stats (total=17/30, idle=15/10, active=2, waiting=0)
2026-09-01T17:49:20.593-03:00 DEBUG 8588 --- [lab] [HikariPool-1:connection-adder] com.zaxxer.hikari.pool.HikariPool        : HikariPool-1 - Connection not added, stats (total=17/30, idle=13/10, active=4, waiting=0)
2026-09-01T17:49:20.639-03:00 DEBUG 8588 --- [lab] [HikariPool-1:connection-adder] com.zaxxer.hikari.pool.HikariPool        : HikariPool-1 - Connection not added, stats (total=17/30, idle=14/10, active=3, waiting=0)
2026-09-01T17:49:20.692-03:00 DEBUG 8588 --- [lab] [HikariPool-1:connection-adder] com.zaxxer.hikari.pool.HikariPool        : HikariPool-1 - Connection not added, stats (total=17/30, idle=14/10, active=3, waiting=0)
2026-09-01T17:49:20.698-03:00 DEBUG 8588 --- [lab] [HikariPool-1:connection-adder] com.zaxxer.hikari.pool.HikariPool        : HikariPool-1 - Connection not added, stats (total=17/30, idle=14/10, active=3, waiting=0)
2026-09-01T17:49:20.701-03:00 DEBUG 8588 --- [lab] [HikariPool-1:connection-adder] com.zaxxer.hikari.pool.HikariPool        : HikariPool-1 - Connection not added, stats (total=17/30, idle=13/10, active=4, waiting=0)
2026-09-01T17:49:20.706-03:00 DEBUG 8588 --- [lab] [HikariPool-1:connection-adder] com.zaxxer.hikari.pool.HikariPool        : HikariPool-1 - Connection not added, stats (total=17/30, idle=13/10, active=4, waiting=0)
2026-09-01T17:49:20.722-03:00 DEBUG 8588 --- [lab] [HikariPool-1:connection-adder] com.zaxxer.hikari.pool.HikariPool        : HikariPool-1 - Connection not added, stats (total=17/30, idle=14/10, active=3, waiting=0)
2026-09-01T17:49:20.723-03:00 DEBUG 8588 --- [lab] [HikariPool-1:connection-adder] com.zaxxer.hikari.pool.HikariPool        : HikariPool-1 - Connection not added, stats (total=17/30, idle=14/10, active=3, waiting=0)
2026-09-01T17:49:20.779-03:00 DEBUG 8588 --- [lab] [HikariPool-1:connection-adder] com.zaxxer.hikari.pool.HikariPool        : HikariPool-1 - Connection not added, stats (total=17/30, idle=15/10, active=2, waiting=0)
2026-09-01T17:49:20.837-03:00 DEBUG 8588 --- [lab] [HikariPool-1:connection-adder] com.zaxxer.hikari.pool.HikariPool        : HikariPool-1 - Connection not added, stats (total=17/30, idle=11/10, active=6, waiting=0)
2026-09-01T17:49:20.888-03:00 DEBUG 8588 --- [lab] [HikariPool-1:connection-adder] com.zaxxer.hikari.pool.HikariPool        : HikariPool-1 - Connection not added, stats (total=17/30, idle=15/10, active=2, waiting=0)
2026-09-01T17:49:20.893-03:00 DEBUG 8588 --- [lab] [HikariPool-1:connection-adder] com.zaxxer.hikari.pool.HikariPool        : HikariPool-1 - Connection not added, stats (total=17/30, idle=14/10, active=3, waiting=0)
2026-09-01T17:49:20.893-03:00 DEBUG 8588 --- [lab] [HikariPool-1:connection-adder] com.zaxxer.hikari.pool.HikariPool        : HikariPool-1 - Connection not added, stats (total=17/30, idle=14/10, active=3, waiting=0)
2026-09-01T17:49:20.895-03:00 DEBUG 8588 --- [lab] [HikariPool-1:connection-adder] com.zaxxer.hikari.pool.HikariPool        : HikariPool-1 - Connection not added, stats (total=17/30, idle=14/10, active=3, waiting=0)
2026-09-01T17:49:20.898-03:00 DEBUG 8588 --- [lab] [HikariPool-1:connection-adder] com.zaxxer.hikari.pool.HikariPool        : HikariPool-1 - Connection not added, stats (total=17/30, idle=14/10, active=3, waiting=0)
2026-09-01T17:49:20.921-03:00 DEBUG 8588 --- [lab] [HikariPool-1:connection-adder] com.zaxxer.hikari.pool.HikariPool        : HikariPool-1 - Connection not added, stats (total=17/30, idle=15/10, active=2, waiting=0)
2026-09-01T17:49:20.925-03:00 DEBUG 8588 --- [lab] [HikariPool-1:connection-adder] com.zaxxer.hikari.pool.HikariPool        : HikariPool-1 - Connection not added, stats (total=17/30, idle=14/10, active=3, waiting=0)
2026-09-01T17:49:20.929-03:00 DEBUG 8588 --- [lab] [HikariPool-1:connection-adder] com.zaxxer.hikari.pool.HikariPool        : HikariPool-1 - Connection not added, stats (total=17/30, idle=14/10, active=3, waiting=0)
2026-09-01T17:49:20.939-03:00 DEBUG 8588 --- [lab] [HikariPool-1:connection-adder] com.zaxxer.hikari.pool.HikariPool        : HikariPool-1 - Connection not added, stats (total=17/30, idle=15/10, active=2, waiting=0)
2026-09-01T17:49:20.944-03:00 DEBUG 8588 --- [lab] [HikariPool-1:connection-adder] com.zaxxer.hikari.pool.HikariPool        : HikariPool-1 - Connection not added, stats (total=17/30, idle=15/10, active=2, waiting=0)
2026-09-01T17:49:20.964-03:00 DEBUG 8588 --- [lab] [HikariPool-1:connection-adder] com.zaxxer.hikari.pool.HikariPool        : HikariPool-1 - Connection not added, stats (total=17/30, idle=15/10, active=2, waiting=0)
2026-09-01T17:49:20.982-03:00 DEBUG 8588 --- [lab] [HikariPool-1:connection-adder] com.zaxxer.hikari.pool.HikariPool        : HikariPool-1 - Connection not added, stats (total=17/30, idle=15/10, active=2, waiting=0)
2026-09-01T17:49:21.010-03:00 DEBUG 8588 --- [lab] [HikariPool-1:connection-adder] com.zaxxer.hikari.pool.HikariPool        : HikariPool-1 - Connection not added, stats (total=17/30, idle=16/10, active=1, waiting=0)
2026-09-01T17:49:21.010-03:00 DEBUG 8588 --- [lab] [HikariPool-1:connection-adder] com.zaxxer.hikari.pool.HikariPool        : HikariPool-1 - Connection not added, stats (total=17/30, idle=15/10, active=2, waiting=0)
2026-09-01T17:49:21.023-03:00 DEBUG 8588 --- [lab] [HikariPool-1:connection-adder] com.zaxxer.hikari.pool.HikariPool        : HikariPool-1 - Connection not added, stats (total=17/30, idle=15/10, active=2, waiting=0)
2026-09-01T17:49:21.027-03:00 DEBUG 8588 --- [lab] [HikariPool-1:connection-adder] com.zaxxer.hikari.pool.HikariPool        : HikariPool-1 - Connection not added, stats (total=17/30, idle=15/10, active=2, waiting=1)
2026-09-01T17:49:21.039-03:00 DEBUG 8588 --- [lab] [HikariPool-1:connection-adder] com.zaxxer.hikari.pool.HikariPool        : HikariPool-1 - Connection not added, stats (total=17/30, idle=15/10, active=2, waiting=0)
2026-09-01T17:49:21.045-03:00 DEBUG 8588 --- [lab] [HikariPool-1:connection-adder] com.zaxxer.hikari.pool.HikariPool        : HikariPool-1 - Connection not added, stats (total=17/30, idle=14/10, active=3, waiting=0)
2026-09-01T17:49:21.050-03:00 DEBUG 8588 --- [lab] [HikariPool-1:connection-adder] com.zaxxer.hikari.pool.HikariPool        : HikariPool-1 - Connection not added, stats (total=17/30, idle=14/10, active=3, waiting=1)
2026-09-01T17:49:21.051-03:00 DEBUG 8588 --- [lab] [HikariPool-1:connection-adder] com.zaxxer.hikari.pool.HikariPool        : HikariPool-1 - Connection not added, stats (total=17/30, idle=14/10, active=3, waiting=1)
2026-09-01T17:49:21.053-03:00 DEBUG 8588 --- [lab] [HikariPool-1:connection-adder] com.zaxxer.hikari.pool.HikariPool        : HikariPool-1 - Connection not added, stats (total=17/30, idle=13/10, active=4, waiting=1)
2026-09-01T17:49:21.073-03:00 DEBUG 8588 --- [lab] [HikariPool-1:connection-adder] com.zaxxer.hikari.pool.HikariPool        : HikariPool-1 - Connection not added, stats (total=17/30, idle=14/10, active=3, waiting=0)
2026-09-01T17:49:21.137-03:00 DEBUG 8588 --- [lab] [HikariPool-1:connection-adder] com.zaxxer.hikari.pool.HikariPool        : HikariPool-1 - Connection not added, stats (total=17/30, idle=13/10, active=4, waiting=0)
2026-09-01T17:49:21.142-03:00 DEBUG 8588 --- [lab] [HikariPool-1:connection-adder] com.zaxxer.hikari.pool.HikariPool        : HikariPool-1 - Connection not added, stats (total=17/30, idle=10/10, active=7, waiting=0)
2026-09-01T17:49:21.171-03:00 DEBUG 8588 --- [lab] [HikariPool-1:connection-adder] com.zaxxer.hikari.pool.HikariPool        : HikariPool-1 - Connection not added, stats (total=17/30, idle=10/10, active=7, waiting=1)
2026-09-01T17:49:21.195-03:00 DEBUG 8588 --- [lab] [HikariPool-1:connection-adder] com.zaxxer.hikari.pool.HikariPool        : HikariPool-1 - Connection not added, stats (total=17/30, idle=13/10, active=4, waiting=0)
2026-09-01T17:49:21.216-03:00 DEBUG 8588 --- [lab] [HikariPool-1:connection-adder] com.zaxxer.hikari.pool.HikariPool        : HikariPool-1 - Connection not added, stats (total=17/30, idle=12/10, active=5, waiting=0)
2026-09-01T17:49:21.256-03:00 DEBUG 8588 --- [lab] [HikariPool-1:connection-adder] com.zaxxer.hikari.pool.HikariPool        : HikariPool-1 - Connection not added, stats (total=17/30, idle=13/10, active=4, waiting=0)
2026-09-01T17:49:21.299-03:00 DEBUG 8588 --- [lab] [HikariPool-1:connection-adder] com.zaxxer.hikari.pool.HikariPool        : HikariPool-1 - Connection not added, stats (total=17/30, idle=13/10, active=4, waiting=0)
2026-09-01T17:49:21.322-03:00 DEBUG 8588 --- [lab] [HikariPool-1:connection-adder] com.zaxxer.hikari.pool.HikariPool        : HikariPool-1 - Connection not added, stats (total=17/30, idle=13/10, active=4, waiting=0)
2026-09-01T17:49:21.329-03:00 DEBUG 8588 --- [lab] [HikariPool-1:connection-adder] com.zaxxer.hikari.pool.HikariPool        : HikariPool-1 - Connection not added, stats (total=17/30, idle=12/10, active=5, waiting=0)
2026-09-01T17:49:21.363-03:00 DEBUG 8588 --- [lab] [HikariPool-1:connection-adder] com.zaxxer.hikari.pool.HikariPool        : HikariPool-1 - Connection not added, stats (total=17/30, idle=13/10, active=4, waiting=0)
2026-09-01T17:49:21.372-03:00 DEBUG 8588 --- [lab] [HikariPool-1:connection-adder] com.zaxxer.hikari.pool.HikariPool        : HikariPool-1 - Connection not added, stats (total=17/30, idle=12/10, active=5, waiting=0)
2026-09-01T17:49:21.407-03:00 DEBUG 8588 --- [lab] [HikariPool-1:connection-adder] com.zaxxer.hikari.pool.HikariPool        : HikariPool-1 - Connection not added, stats (total=17/30, idle=12/10, active=5, waiting=0)
2026-09-01T17:49:21.430-03:00 DEBUG 8588 --- [lab] [HikariPool-1:connection-adder] com.zaxxer.hikari.pool.HikariPool        : HikariPool-1 - Connection not added, stats (total=17/30, idle=13/10, active=4, waiting=0)
2026-09-01T17:49:21.435-03:00 DEBUG 8588 --- [lab] [HikariPool-1:connection-adder] com.zaxxer.hikari.pool.HikariPool        : HikariPool-1 - Connection not added, stats (total=17/30, idle=12/10, active=5, waiting=0)
2026-09-01T17:49:21.468-03:00 DEBUG 8588 --- [lab] [HikariPool-1:connection-adder] com.zaxxer.hikari.pool.HikariPool        : HikariPool-1 - Connection not added, stats (total=17/30, idle=13/10, active=4, waiting=0)
2026-09-01T17:49:21.510-03:00 DEBUG 8588 --- [lab] [HikariPool-1:connection-adder] com.zaxxer.hikari.pool.HikariPool        : HikariPool-1 - Connection not added, stats (total=17/30, idle=12/10, active=5, waiting=0)
2026-09-01T17:49:21.517-03:00 DEBUG 8588 --- [lab] [HikariPool-1:connection-adder] com.zaxxer.hikari.pool.HikariPool        : HikariPool-1 - Connection not added, stats (total=17/30, idle=12/10, active=5, waiting=0)
2026-09-01T17:49:21.536-03:00 DEBUG 8588 --- [lab] [HikariPool-1:connection-adder] com.zaxxer.hikari.pool.HikariPool        : HikariPool-1 - Connection not added, stats (total=17/30, idle=12/10, active=5, waiting=0)
2026-09-01T17:49:21.578-03:00 DEBUG 8588 --- [lab] [HikariPool-1:connection-adder] com.zaxxer.hikari.pool.HikariPool        : HikariPool-1 - Connection not added, stats (total=17/30, idle=11/10, active=6, waiting=0)
2026-09-01T17:49:21.583-03:00 DEBUG 8588 --- [lab] [HikariPool-1:connection-adder] com.zaxxer.hikari.pool.HikariPool        : HikariPool-1 - Connection not added, stats (total=17/30, idle=13/10, active=4, waiting=0)
2026-09-01T17:49:21.600-03:00 DEBUG 8588 --- [lab] [HikariPool-1:connection-adder] com.zaxxer.hikari.pool.HikariPool        : HikariPool-1 - Connection not added, stats (total=17/30, idle=12/10, active=5, waiting=0)
2026-09-01T17:49:21.631-03:00 DEBUG 8588 --- [lab] [HikariPool-1:connection-adder] com.zaxxer.hikari.pool.HikariPool        : HikariPool-1 - Connection not added, stats (total=17/30, idle=13/10, active=4, waiting=0)
2026-09-01T17:49:21.664-03:00 DEBUG 8588 --- [lab] [HikariPool-1:connection-adder] com.zaxxer.hikari.pool.HikariPool        : HikariPool-1 - Connection not added, stats (total=17/30, idle=10/10, active=7, waiting=0)
2026-09-01T17:49:21.668-03:00 DEBUG 8588 --- [lab] [HikariPool-1:connection-adder] com.zaxxer.hikari.pool.HikariPool        : HikariPool-1 - Connection not added, stats (total=17/30, idle=13/10, active=4, waiting=0)
2026-09-01T17:49:21.679-03:00 DEBUG 8588 --- [lab] [HikariPool-1:connection-adder] com.zaxxer.hikari.pool.HikariPool        : HikariPool-1 - Connection not added, stats (total=17/30, idle=12/10, active=5, waiting=0)
2026-09-01T17:49:21.720-03:00 DEBUG 8588 --- [lab] [HikariPool-1:connection-adder] com.zaxxer.hikari.pool.HikariPool        : HikariPool-1 - Connection not added, stats (total=17/30, idle=12/10, active=5, waiting=0)
2026-09-01T17:49:21.867-03:00 DEBUG 8588 --- [lab] [HikariPool-1:connection-adder] com.zaxxer.hikari.pool.HikariPool        : HikariPool-1 - Connection not added, stats (total=17/30, idle=10/10, active=7, waiting=0)
2026-09-01T17:49:21.979-03:00 DEBUG 8588 --- [lab] [HikariPool-1:connection-adder] com.zaxxer.hikari.pool.HikariPool        : HikariPool-1 - Added connection org.postgresql.jdbc.PgConnection@a9e0baa
2026-09-01T17:49:22.025-03:00 DEBUG 8588 --- [lab] [HikariPool-1:connection-adder] com.zaxxer.hikari.pool.HikariPool        : HikariPool-1 - Connection not added, stats (total=18/30, idle=15/10, active=3, waiting=0)
2026-09-01T17:49:22.025-03:00 DEBUG 8588 --- [lab] [HikariPool-1:connection-adder] com.zaxxer.hikari.pool.HikariPool        : HikariPool-1 - Connection not added, stats (total=18/30, idle=15/10, active=3, waiting=0)
2026-09-01T17:49:22.034-03:00 DEBUG 8588 --- [lab] [HikariPool-1:connection-adder] com.zaxxer.hikari.pool.HikariPool        : HikariPool-1 - Connection not added, stats (total=18/30, idle=15/10, active=3, waiting=0)
2026-09-01T17:49:22.054-03:00 DEBUG 8588 --- [lab] [HikariPool-1:connection-adder] com.zaxxer.hikari.pool.HikariPool        : HikariPool-1 - Connection not added, stats (total=18/30, idle=16/10, active=2, waiting=0)
2026-09-01T17:49:22.078-03:00 DEBUG 8588 --- [lab] [HikariPool-1:connection-adder] com.zaxxer.hikari.pool.HikariPool        : HikariPool-1 - Connection not added, stats (total=18/30, idle=13/10, active=5, waiting=0)
2026-09-01T17:49:22.092-03:00 DEBUG 8588 --- [lab] [HikariPool-1:connection-adder] com.zaxxer.hikari.pool.HikariPool        : HikariPool-1 - Connection not added, stats (total=18/30, idle=16/10, active=2, waiting=0)
2026-09-01T17:49:22.095-03:00 DEBUG 8588 --- [lab] [HikariPool-1:connection-adder] com.zaxxer.hikari.pool.HikariPool        : HikariPool-1 - Connection not added, stats (total=18/30, idle=15/10, active=3, waiting=0)
2026-09-01T17:49:22.123-03:00 DEBUG 8588 --- [lab] [HikariPool-1:connection-adder] com.zaxxer.hikari.pool.HikariPool        : HikariPool-1 - Connection not added, stats (total=18/30, idle=16/10, active=2, waiting=0)
2026-09-01T17:49:22.130-03:00 DEBUG 8588 --- [lab] [HikariPool-1:connection-adder] com.zaxxer.hikari.pool.HikariPool        : HikariPool-1 - Connection not added, stats (total=18/30, idle=16/10, active=2, waiting=0)
2026-09-01T17:49:22.132-03:00 DEBUG 8588 --- [lab] [HikariPool-1:connection-adder] com.zaxxer.hikari.pool.HikariPool        : HikariPool-1 - Connection not added, stats (total=18/30, idle=16/10, active=2, waiting=0)
2026-09-01T17:49:22.197-03:00 DEBUG 8588 --- [lab] [HikariPool-1:connection-adder] com.zaxxer.hikari.pool.HikariPool        : HikariPool-1 - Connection not added, stats (total=18/30, idle=16/10, active=2, waiting=0)
2026-09-01T17:49:22.202-03:00 DEBUG 8588 --- [lab] [HikariPool-1:connection-adder] com.zaxxer.hikari.pool.HikariPool        : HikariPool-1 - Connection not added, stats (total=18/30, idle=16/10, active=2, waiting=0)
2026-09-01T17:49:22.208-03:00 DEBUG 8588 --- [lab] [HikariPool-1:connection-adder] com.zaxxer.hikari.pool.HikariPool        : HikariPool-1 - Connection not added, stats (total=18/30, idle=15/10, active=3, waiting=0)
2026-09-01T17:49:22.212-03:00 DEBUG 8588 --- [lab] [HikariPool-1:connection-adder] com.zaxxer.hikari.pool.HikariPool        : HikariPool-1 - Connection not added, stats (total=18/30, idle=16/10, active=2, waiting=0)
2026-09-01T17:49:22.231-03:00 DEBUG 8588 --- [lab] [HikariPool-1:connection-adder] com.zaxxer.hikari.pool.HikariPool        : HikariPool-1 - Connection not added, stats (total=18/30, idle=16/10, active=2, waiting=0)
2026-09-01T17:49:22.236-03:00 DEBUG 8588 --- [lab] [HikariPool-1:connection-adder] com.zaxxer.hikari.pool.HikariPool        : HikariPool-1 - Connection not added, stats (total=18/30, idle=16/10, active=2, waiting=0)
2026-09-01T17:49:22.247-03:00 DEBUG 8588 --- [lab] [HikariPool-1:connection-adder] com.zaxxer.hikari.pool.HikariPool        : HikariPool-1 - Connection not added, stats (total=18/30, idle=15/10, active=3, waiting=0)
2026-09-01T17:49:22.252-03:00 DEBUG 8588 --- [lab] [HikariPool-1:connection-adder] com.zaxxer.hikari.pool.HikariPool        : HikariPool-1 - Connection not added, stats (total=18/30, idle=15/10, active=3, waiting=0)
2026-09-01T17:49:22.257-03:00 DEBUG 8588 --- [lab] [HikariPool-1:connection-adder] com.zaxxer.hikari.pool.HikariPool        : HikariPool-1 - Connection not added, stats (total=18/30, idle=15/10, active=3, waiting=0)
2026-09-01T17:49:22.260-03:00 DEBUG 8588 --- [lab] [HikariPool-1:connection-adder] com.zaxxer.hikari.pool.HikariPool        : HikariPool-1 - Connection not added, stats (total=18/30, idle=16/10, active=2, waiting=0)
2026-09-01T17:49:22.264-03:00 DEBUG 8588 --- [lab] [HikariPool-1:connection-adder] com.zaxxer.hikari.pool.HikariPool        : HikariPool-1 - Connection not added, stats (total=18/30, idle=16/10, active=2, waiting=0)
2026-09-01T17:49:22.274-03:00 DEBUG 8588 --- [lab] [HikariPool-1:connection-adder] com.zaxxer.hikari.pool.HikariPool        : HikariPool-1 - Connection not added, stats (total=18/30, idle=15/10, active=3, waiting=0)
2026-09-01T17:49:22.280-03:00 DEBUG 8588 --- [lab] [HikariPool-1:connection-adder] com.zaxxer.hikari.pool.HikariPool        : HikariPool-1 - Connection not added, stats (total=18/30, idle=15/10, active=3, waiting=0)
2026-09-01T17:49:22.284-03:00 DEBUG 8588 --- [lab] [HikariPool-1:connection-adder] com.zaxxer.hikari.pool.HikariPool        : HikariPool-1 - Connection not added, stats (total=18/30, idle=15/10, active=3, waiting=0)
2026-09-01T17:49:22.285-03:00 DEBUG 8588 --- [lab] [HikariPool-1:connection-adder] com.zaxxer.hikari.pool.HikariPool        : HikariPool-1 - Connection not added, stats (total=18/30, idle=15/10, active=3, waiting=0)
2026-09-01T17:49:22.294-03:00 DEBUG 8588 --- [lab] [HikariPool-1:connection-adder] com.zaxxer.hikari.pool.HikariPool        : HikariPool-1 - Connection not added, stats (total=18/30, idle=16/10, active=2, waiting=0)
2026-09-01T17:49:22.298-03:00 DEBUG 8588 --- [lab] [HikariPool-1:connection-adder] com.zaxxer.hikari.pool.HikariPool        : HikariPool-1 - Connection not added, stats (total=18/30, idle=16/10, active=2, waiting=0)
2026-09-01T17:49:22.308-03:00 DEBUG 8588 --- [lab] [HikariPool-1:connection-adder] com.zaxxer.hikari.pool.HikariPool        : HikariPool-1 - Connection not added, stats (total=18/30, idle=15/10, active=3, waiting=0)
2026-09-01T17:49:22.309-03:00 DEBUG 8588 --- [lab] [HikariPool-1:connection-adder] com.zaxxer.hikari.pool.HikariPool        : HikariPool-1 - Connection not added, stats (total=18/30, idle=15/10, active=3, waiting=0)
2026-09-01T17:49:22.311-03:00 DEBUG 8588 --- [lab] [HikariPool-1:connection-adder] com.zaxxer.hikari.pool.HikariPool        : HikariPool-1 - Connection not added, stats (total=18/30, idle=15/10, active=3, waiting=0)
2026-09-01T17:49:22.318-03:00 DEBUG 8588 --- [lab] [HikariPool-1:connection-adder] com.zaxxer.hikari.pool.HikariPool        : HikariPool-1 - Connection not added, stats (total=18/30, idle=12/10, active=6, waiting=0)
2026-09-01T17:49:22.329-03:00 DEBUG 8588 --- [lab] [HikariPool-1:connection-adder] com.zaxxer.hikari.pool.HikariPool        : HikariPool-1 - Connection not added, stats (total=18/30, idle=14/10, active=4, waiting=0)
2026-09-01T17:49:22.351-03:00 DEBUG 8588 --- [lab] [HikariPool-1:connection-adder] com.zaxxer.hikari.pool.HikariPool        : HikariPool-1 - Connection not added, stats (total=18/30, idle=16/10, active=2, waiting=0)
2026-09-01T17:49:22.395-03:00 DEBUG 8588 --- [lab] [HikariPool-1:connection-adder] com.zaxxer.hikari.pool.HikariPool        : HikariPool-1 - Connection not added, stats (total=18/30, idle=16/10, active=2, waiting=0)
2026-09-01T17:49:22.400-03:00 DEBUG 8588 --- [lab] [HikariPool-1:connection-adder] com.zaxxer.hikari.pool.HikariPool        : HikariPool-1 - Connection not added, stats (total=18/30, idle=16/10, active=2, waiting=0)
2026-09-01T17:49:22.437-03:00 DEBUG 8588 --- [lab] [HikariPool-1:connection-adder] com.zaxxer.hikari.pool.HikariPool        : HikariPool-1 - Connection not added, stats (total=18/30, idle=15/10, active=3, waiting=0)
2026-09-01T17:49:22.454-03:00 DEBUG 8588 --- [lab] [HikariPool-1:connection-adder] com.zaxxer.hikari.pool.HikariPool        : HikariPool-1 - Connection not added, stats (total=18/30, idle=15/10, active=3, waiting=0)
2026-09-01T17:49:22.489-03:00 DEBUG 8588 --- [lab] [HikariPool-1:connection-adder] com.zaxxer.hikari.pool.HikariPool        : HikariPool-1 - Connection not added, stats (total=18/30, idle=10/10, active=8, waiting=0)
2026-09-01T17:49:22.580-03:00 DEBUG 8588 --- [lab] [HikariPool-1:connection-adder] com.zaxxer.hikari.pool.HikariPool        : HikariPool-1 - Connection not added, stats (total=18/30, idle=15/10, active=3, waiting=0)
2026-09-01T17:49:22.601-03:00 DEBUG 8588 --- [lab] [HikariPool-1:connection-adder] com.zaxxer.hikari.pool.HikariPool        : HikariPool-1 - Connection not added, stats (total=18/30, idle=12/10, active=6, waiting=0)
2026-09-01T17:49:22.619-03:00 DEBUG 8588 --- [lab] [HikariPool-1:connection-adder] com.zaxxer.hikari.pool.HikariPool        : HikariPool-1 - Connection not added, stats (total=18/30, idle=10/10, active=8, waiting=0)
2026-09-01T17:49:22.641-03:00 DEBUG 8588 --- [lab] [HikariPool-1:connection-adder] com.zaxxer.hikari.pool.HikariPool        : HikariPool-1 - Connection not added, stats (total=18/30, idle=16/10, active=2, waiting=0)
2026-09-01T17:49:22.671-03:00 DEBUG 8588 --- [lab] [HikariPool-1:connection-adder] com.zaxxer.hikari.pool.HikariPool        : HikariPool-1 - Connection not added, stats (total=18/30, idle=10/10, active=8, waiting=0)
2026-09-01T17:49:22.693-03:00 DEBUG 8588 --- [lab] [HikariPool-1:connection-adder] com.zaxxer.hikari.pool.HikariPool        : HikariPool-1 - Connection not added, stats (total=18/30, idle=16/10, active=2, waiting=1)
2026-09-01T17:49:22.716-03:00 DEBUG 8588 --- [lab] [HikariPool-1:connection-adder] com.zaxxer.hikari.pool.HikariPool        : HikariPool-1 - Connection not added, stats (total=18/30, idle=16/10, active=2, waiting=0)
2026-09-01T17:49:22.725-03:00 DEBUG 8588 --- [lab] [HikariPool-1:connection-adder] com.zaxxer.hikari.pool.HikariPool        : HikariPool-1 - Connection not added, stats (total=18/30, idle=15/10, active=3, waiting=0)
2026-09-01T17:49:22.726-03:00 DEBUG 8588 --- [lab] [HikariPool-1:connection-adder] com.zaxxer.hikari.pool.HikariPool        : HikariPool-1 - Connection not added, stats (total=18/30, idle=15/10, active=3, waiting=0)
2026-09-01T17:49:22.728-03:00 DEBUG 8588 --- [lab] [HikariPool-1:connection-adder] com.zaxxer.hikari.pool.HikariPool        : HikariPool-1 - Connection not added, stats (total=18/30, idle=15/10, active=3, waiting=0)
2026-09-01T17:49:22.733-03:00 DEBUG 8588 --- [lab] [HikariPool-1:connection-adder] com.zaxxer.hikari.pool.HikariPool        : HikariPool-1 - Connection not added, stats (total=18/30, idle=15/10, active=3, waiting=0)
2026-09-01T17:49:22.734-03:00 DEBUG 8588 --- [lab] [HikariPool-1:connection-adder] com.zaxxer.hikari.pool.HikariPool        : HikariPool-1 - Connection not added, stats (total=18/30, idle=15/10, active=3, waiting=0)
2026-09-01T17:49:22.739-03:00 DEBUG 8588 --- [lab] [HikariPool-1:connection-adder] com.zaxxer.hikari.pool.HikariPool        : HikariPool-1 - Connection not added, stats (total=18/30, idle=15/10, active=3, waiting=0)
2026-09-01T17:49:22.741-03:00 DEBUG 8588 --- [lab] [HikariPool-1:connection-adder] com.zaxxer.hikari.pool.HikariPool        : HikariPool-1 - Connection not added, stats (total=18/30, idle=15/10, active=3, waiting=0)
2026-09-01T17:49:22.746-03:00 DEBUG 8588 --- [lab] [HikariPool-1:connection-adder] com.zaxxer.hikari.pool.HikariPool        : HikariPool-1 - Connection not added, stats (total=18/30, idle=16/10, active=2, waiting=0)
2026-09-01T17:49:22.775-03:00 DEBUG 8588 --- [lab] [HikariPool-1:connection-adder] com.zaxxer.hikari.pool.HikariPool        : HikariPool-1 - Connection not added, stats (total=18/30, idle=13/10, active=5, waiting=0)
2026-09-01T17:49:22.780-03:00 DEBUG 8588 --- [lab] [HikariPool-1:connection-adder] com.zaxxer.hikari.pool.HikariPool        : HikariPool-1 - Connection not added, stats (total=18/30, idle=16/10, active=2, waiting=0)
2026-09-01T17:49:22.786-03:00 DEBUG 8588 --- [lab] [HikariPool-1:connection-adder] com.zaxxer.hikari.pool.HikariPool        : HikariPool-1 - Connection not added, stats (total=18/30, idle=15/10, active=3, waiting=0)
2026-09-01T17:49:22.797-03:00 DEBUG 8588 --- [lab] [HikariPool-1:connection-adder] com.zaxxer.hikari.pool.HikariPool        : HikariPool-1 - Connection not added, stats (total=18/30, idle=15/10, active=3, waiting=0)
2026-09-01T17:49:22.807-03:00 DEBUG 8588 --- [lab] [HikariPool-1:connection-adder] com.zaxxer.hikari.pool.HikariPool        : HikariPool-1 - Connection not added, stats (total=18/30, idle=16/10, active=2, waiting=0)
2026-09-01T17:49:22.821-03:00 DEBUG 8588 --- [lab] [HikariPool-1:connection-adder] com.zaxxer.hikari.pool.HikariPool        : HikariPool-1 - Connection not added, stats (total=18/30, idle=16/10, active=2, waiting=0)
2026-09-01T17:49:22.826-03:00 DEBUG 8588 --- [lab] [HikariPool-1:connection-adder] com.zaxxer.hikari.pool.HikariPool        : HikariPool-1 - Connection not added, stats (total=18/30, idle=15/10, active=3, waiting=0)
2026-09-01T17:49:22.831-03:00 DEBUG 8588 --- [lab] [HikariPool-1:connection-adder] com.zaxxer.hikari.pool.HikariPool        : HikariPool-1 - Connection not added, stats (total=18/30, idle=15/10, active=3, waiting=0)
2026-09-01T17:49:22.836-03:00 DEBUG 8588 --- [lab] [HikariPool-1:connection-adder] com.zaxxer.hikari.pool.HikariPool        : HikariPool-1 - Connection not added, stats (total=18/30, idle=15/10, active=3, waiting=0)
2026-09-01T17:49:22.838-03:00 DEBUG 8588 --- [lab] [HikariPool-1:connection-adder] com.zaxxer.hikari.pool.HikariPool        : HikariPool-1 - Connection not added, stats (total=18/30, idle=15/10, active=3, waiting=0)
2026-09-01T17:49:22.925-03:00 DEBUG 8588 --- [lab] [HikariPool-1:connection-adder] com.zaxxer.hikari.pool.HikariPool        : HikariPool-1 - Connection not added, stats (total=18/30, idle=18/10, active=0, waiting=0)
2026-09-01T17:49:22.925-03:00 DEBUG 8588 --- [lab] [HikariPool-1:connection-adder] com.zaxxer.hikari.pool.HikariPool        : HikariPool-1 - Connection not added, stats (total=18/30, idle=18/10, active=0, waiting=0)
2026-09-01T17:49:22.935-03:00 DEBUG 8588 --- [lab] [HikariPool-1:connection-adder] com.zaxxer.hikari.pool.HikariPool        : HikariPool-1 - Connection not added, stats (total=18/30, idle=15/10, active=3, waiting=0)
2026-09-01T17:49:22.936-03:00 DEBUG 8588 --- [lab] [HikariPool-1:connection-adder] com.zaxxer.hikari.pool.HikariPool        : HikariPool-1 - Connection not added, stats (total=18/30, idle=15/10, active=3, waiting=0)
2026-09-01T17:49:22.942-03:00 DEBUG 8588 --- [lab] [HikariPool-1:connection-adder] com.zaxxer.hikari.pool.HikariPool        : HikariPool-1 - Connection not added, stats (total=18/30, idle=15/10, active=3, waiting=0)
2026-09-01T17:49:22.942-03:00 DEBUG 8588 --- [lab] [HikariPool-1:connection-adder] com.zaxxer.hikari.pool.HikariPool        : HikariPool-1 - Connection not added, stats (total=18/30, idle=15/10, active=3, waiting=0)
2026-09-01T17:49:22.947-03:00 DEBUG 8588 --- [lab] [HikariPool-1:connection-adder] com.zaxxer.hikari.pool.HikariPool        : HikariPool-1 - Connection not added, stats (total=18/30, idle=16/10, active=2, waiting=0)
2026-09-01T17:49:22.952-03:00 DEBUG 8588 --- [lab] [HikariPool-1:connection-adder] com.zaxxer.hikari.pool.HikariPool        : HikariPool-1 - Connection not added, stats (total=18/30, idle=16/10, active=2, waiting=0)
2026-09-01T17:49:22.956-03:00 DEBUG 8588 --- [lab] [HikariPool-1:connection-adder] com.zaxxer.hikari.pool.HikariPool        : HikariPool-1 - Connection not added, stats (total=18/30, idle=15/10, active=3, waiting=0)
2026-09-01T17:49:22.961-03:00 DEBUG 8588 --- [lab] [HikariPool-1:connection-adder] com.zaxxer.hikari.pool.HikariPool        : HikariPool-1 - Connection not added, stats (total=18/30, idle=14/10, active=4, waiting=1)
2026-09-01T17:49:22.983-03:00 DEBUG 8588 --- [lab] [HikariPool-1:connection-adder] com.zaxxer.hikari.pool.HikariPool        : HikariPool-1 - Connection not added, stats (total=18/30, idle=16/10, active=2, waiting=0)
2026-09-01T17:49:22.988-03:00 DEBUG 8588 --- [lab] [HikariPool-1:connection-adder] com.zaxxer.hikari.pool.HikariPool        : HikariPool-1 - Connection not added, stats (total=18/30, idle=15/10, active=3, waiting=1)
2026-09-01T17:49:22.991-03:00 DEBUG 8588 --- [lab] [HikariPool-1:connection-adder] com.zaxxer.hikari.pool.HikariPool        : HikariPool-1 - Connection not added, stats (total=18/30, idle=14/10, active=4, waiting=1)
2026-09-01T17:49:22.996-03:00 DEBUG 8588 --- [lab] [HikariPool-1:connection-adder] com.zaxxer.hikari.pool.HikariPool        : HikariPool-1 - Connection not added, stats (total=18/30, idle=16/10, active=2, waiting=1)
2026-09-01T17:49:22.996-03:00 DEBUG 8588 --- [lab] [HikariPool-1:connection-adder] com.zaxxer.hikari.pool.HikariPool        : HikariPool-1 - Connection not added, stats (total=18/30, idle=15/10, active=3, waiting=1)
2026-09-01T17:49:23.002-03:00 DEBUG 8588 --- [lab] [HikariPool-1:connection-adder] com.zaxxer.hikari.pool.HikariPool        : HikariPool-1 - Connection not added, stats (total=18/30, idle=15/10, active=3, waiting=1)
2026-09-01T17:49:23.012-03:00 DEBUG 8588 --- [lab] [HikariPool-1:connection-adder] com.zaxxer.hikari.pool.HikariPool        : HikariPool-1 - Connection not added, stats (total=18/30, idle=14/10, active=4, waiting=1)
2026-09-01T17:49:23.017-03:00 DEBUG 8588 --- [lab] [HikariPool-1:connection-adder] com.zaxxer.hikari.pool.HikariPool        : HikariPool-1 - Connection not added, stats (total=18/30, idle=14/10, active=4, waiting=0)
2026-09-01T17:49:23.032-03:00 DEBUG 8588 --- [lab] [HikariPool-1:connection-adder] com.zaxxer.hikari.pool.HikariPool        : HikariPool-1 - Connection not added, stats (total=18/30, idle=15/10, active=3, waiting=0)
2026-09-01T17:49:23.037-03:00 DEBUG 8588 --- [lab] [HikariPool-1:connection-adder] com.zaxxer.hikari.pool.HikariPool        : HikariPool-1 - Connection not added, stats (total=18/30, idle=15/10, active=3, waiting=0)
2026-09-01T17:49:23.050-03:00 DEBUG 8588 --- [lab] [HikariPool-1:connection-adder] com.zaxxer.hikari.pool.HikariPool        : HikariPool-1 - Connection not added, stats (total=18/30, idle=14/10, active=4, waiting=0)
2026-09-01T17:49:23.687-03:00 DEBUG 8588 --- [lab] [HikariPool-1:connection-adder] com.zaxxer.hikari.pool.HikariPool        : HikariPool-1 - Connection not added, stats (total=18/30, idle=15/10, active=3, waiting=0)
2026-09-01T17:49:23.688-03:00 DEBUG 8588 --- [lab] [HikariPool-1:connection-adder] com.zaxxer.hikari.pool.HikariPool        : HikariPool-1 - Connection not added, stats (total=18/30, idle=15/10, active=3, waiting=0)
2026-09-01T17:49:23.804-03:00 DEBUG 8588 --- [lab] [HikariPool-1:connection-adder] com.zaxxer.hikari.pool.HikariPool        : HikariPool-1 - Connection not added, stats (total=18/30, idle=16/10, active=2, waiting=0)
2026-09-01T17:49:23.822-03:00 DEBUG 8588 --- [lab] [HikariPool-1:connection-adder] com.zaxxer.hikari.pool.HikariPool        : HikariPool-1 - Connection not added, stats (total=18/30, idle=16/10, active=2, waiting=0)
2026-09-01T17:49:23.834-03:00 DEBUG 8588 --- [lab] [HikariPool-1:connection-adder] com.zaxxer.hikari.pool.HikariPool        : HikariPool-1 - Connection not added, stats (total=18/30, idle=16/10, active=2, waiting=0)
2026-09-01T17:49:23.849-03:00 DEBUG 8588 --- [lab] [HikariPool-1:connection-adder] com.zaxxer.hikari.pool.HikariPool        : HikariPool-1 - Connection not added, stats (total=18/30, idle=15/10, active=3, waiting=0)
2026-09-01T17:49:23.850-03:00 DEBUG 8588 --- [lab] [HikariPool-1:connection-adder] com.zaxxer.hikari.pool.HikariPool        : HikariPool-1 - Connection not added, stats (total=18/30, idle=15/10, active=3, waiting=0)
2026-09-01T17:49:23.858-03:00 DEBUG 8588 --- [lab] [HikariPool-1:connection-adder] com.zaxxer.hikari.pool.HikariPool        : HikariPool-1 - Connection not added, stats (total=18/30, idle=16/10, active=2, waiting=0)
2026-09-01T17:49:23.868-03:00 DEBUG 8588 --- [lab] [HikariPool-1:connection-adder] com.zaxxer.hikari.pool.HikariPool        : HikariPool-1 - Connection not added, stats (total=18/30, idle=15/10, active=3, waiting=0)
2026-09-01T17:49:23.881-03:00 DEBUG 8588 --- [lab] [HikariPool-1:connection-adder] com.zaxxer.hikari.pool.HikariPool        : HikariPool-1 - Connection not added, stats (total=18/30, idle=15/10, active=3, waiting=0)
2026-09-01T17:49:23.916-03:00 DEBUG 8588 --- [lab] [HikariPool-1:connection-adder] com.zaxxer.hikari.pool.HikariPool        : HikariPool-1 - Connection not added, stats (total=18/30, idle=15/10, active=3, waiting=0)
2026-09-01T17:49:23.952-03:00 DEBUG 8588 --- [lab] [HikariPool-1:connection-adder] com.zaxxer.hikari.pool.HikariPool        : HikariPool-1 - Connection not added, stats (total=18/30, idle=11/10, active=7, waiting=0)
2026-09-01T17:49:23.987-03:00 DEBUG 8588 --- [lab] [HikariPool-1:connection-adder] com.zaxxer.hikari.pool.HikariPool        : HikariPool-1 - Connection not added, stats (total=18/30, idle=16/10, active=2, waiting=0)
2026-09-01T17:49:24.001-03:00 DEBUG 8588 --- [lab] [HikariPool-1:connection-adder] com.zaxxer.hikari.pool.HikariPool        : HikariPool-1 - Connection not added, stats (total=18/30, idle=15/10, active=3, waiting=0)
2026-09-01T17:49:24.005-03:00 DEBUG 8588 --- [lab] [HikariPool-1:connection-adder] com.zaxxer.hikari.pool.HikariPool        : HikariPool-1 - Connection not added, stats (total=18/30, idle=15/10, active=3, waiting=0)
2026-09-01T17:49:24.011-03:00 DEBUG 8588 --- [lab] [HikariPool-1:connection-adder] com.zaxxer.hikari.pool.HikariPool        : HikariPool-1 - Connection not added, stats (total=18/30, idle=15/10, active=3, waiting=0)
2026-09-01T17:49:24.016-03:00 DEBUG 8588 --- [lab] [HikariPool-1:connection-adder] com.zaxxer.hikari.pool.HikariPool        : HikariPool-1 - Connection not added, stats (total=18/30, idle=15/10, active=3, waiting=0)
2026-09-01T17:49:24.036-03:00 DEBUG 8588 --- [lab] [HikariPool-1:connection-adder] com.zaxxer.hikari.pool.HikariPool        : HikariPool-1 - Connection not added, stats (total=18/30, idle=16/10, active=2, waiting=0)
2026-09-01T17:49:24.052-03:00 DEBUG 8588 --- [lab] [HikariPool-1:connection-adder] com.zaxxer.hikari.pool.HikariPool        : HikariPool-1 - Connection not added, stats (total=18/30, idle=16/10, active=2, waiting=0)
2026-09-01T17:49:24.056-03:00 DEBUG 8588 --- [lab] [HikariPool-1:connection-adder] com.zaxxer.hikari.pool.HikariPool        : HikariPool-1 - Connection not added, stats (total=18/30, idle=16/10, active=2, waiting=0)
2026-09-01T17:49:24.060-03:00 DEBUG 8588 --- [lab] [HikariPool-1:connection-adder] com.zaxxer.hikari.pool.HikariPool        : HikariPool-1 - Connection not added, stats (total=18/30, idle=16/10, active=2, waiting=0)
2026-09-01T17:49:24.345-03:00 DEBUG 8588 --- [lab] [HikariPool-1:connection-adder] com.zaxxer.hikari.pool.HikariPool        : HikariPool-1 - Connection not added, stats (total=18/30, idle=16/10, active=2, waiting=0)
2026-09-01T17:49:24.345-03:00 DEBUG 8588 --- [lab] [HikariPool-1:connection-adder] com.zaxxer.hikari.pool.HikariPool        : HikariPool-1 - Connection not added, stats (total=18/30, idle=16/10, active=2, waiting=0)
2026-09-01T17:49:24.350-03:00 DEBUG 8588 --- [lab] [HikariPool-1:connection-adder] com.zaxxer.hikari.pool.HikariPool        : HikariPool-1 - Connection not added, stats (total=18/30, idle=13/10, active=5, waiting=1)
2026-09-01T17:49:24.351-03:00 DEBUG 8588 --- [lab] [HikariPool-1:connection-adder] com.zaxxer.hikari.pool.HikariPool        : HikariPool-1 - Connection not added, stats (total=18/30, idle=12/10, active=6, waiting=2)
2026-09-01T17:49:24.373-03:00 DEBUG 8588 --- [lab] [HikariPool-1:connection-adder] com.zaxxer.hikari.pool.HikariPool        : HikariPool-1 - Connection not added, stats (total=18/30, idle=16/10, active=2, waiting=0)
2026-09-01T17:49:24.383-03:00 DEBUG 8588 --- [lab] [HikariPool-1:connection-adder] com.zaxxer.hikari.pool.HikariPool        : HikariPool-1 - Connection not added, stats (total=18/30, idle=15/10, active=3, waiting=1)
2026-09-01T17:49:24.388-03:00 DEBUG 8588 --- [lab] [HikariPool-1:connection-adder] com.zaxxer.hikari.pool.HikariPool        : HikariPool-1 - Connection not added, stats (total=18/30, idle=15/10, active=3, waiting=0)
2026-09-01T17:49:24.393-03:00 DEBUG 8588 --- [lab] [HikariPool-1:connection-adder] com.zaxxer.hikari.pool.HikariPool        : HikariPool-1 - Connection not added, stats (total=18/30, idle=15/10, active=3, waiting=0)
2026-09-01T17:49:24.398-03:00 DEBUG 8588 --- [lab] [HikariPool-1:connection-adder] com.zaxxer.hikari.pool.HikariPool        : HikariPool-1 - Connection not added, stats (total=18/30, idle=15/10, active=3, waiting=1)
2026-09-01T17:49:24.411-03:00 DEBUG 8588 --- [lab] [HikariPool-1:connection-adder] com.zaxxer.hikari.pool.HikariPool        : HikariPool-1 - Connection not added, stats (total=18/30, idle=15/10, active=3, waiting=1)
2026-09-01T17:49:24.419-03:00 DEBUG 8588 --- [lab] [HikariPool-1:connection-adder] com.zaxxer.hikari.pool.HikariPool        : HikariPool-1 - Connection not added, stats (total=18/30, idle=12/10, active=6, waiting=0)
2026-09-01T17:49:24.468-03:00 DEBUG 8588 --- [lab] [HikariPool-1:connection-adder] com.zaxxer.hikari.pool.HikariPool        : HikariPool-1 - Connection not added, stats (total=18/30, idle=16/10, active=2, waiting=0)
2026-09-01T17:49:24.470-03:00 DEBUG 8588 --- [lab] [HikariPool-1:connection-adder] com.zaxxer.hikari.pool.HikariPool        : HikariPool-1 - Connection not added, stats (total=18/30, idle=16/10, active=2, waiting=0)
2026-09-01T17:49:24.483-03:00 DEBUG 8588 --- [lab] [HikariPool-1:connection-adder] com.zaxxer.hikari.pool.HikariPool        : HikariPool-1 - Connection not added, stats (total=18/30, idle=15/10, active=3, waiting=0)
2026-09-01T17:49:24.497-03:00 DEBUG 8588 --- [lab] [HikariPool-1:connection-adder] com.zaxxer.hikari.pool.HikariPool        : HikariPool-1 - Connection not added, stats (total=18/30, idle=16/10, active=2, waiting=0)
2026-09-01T17:49:24.500-03:00 DEBUG 8588 --- [lab] [HikariPool-1:connection-adder] com.zaxxer.hikari.pool.HikariPool        : HikariPool-1 - Connection not added, stats (total=18/30, idle=15/10, active=3, waiting=0)
2026-09-01T17:49:24.502-03:00 DEBUG 8588 --- [lab] [HikariPool-1:connection-adder] com.zaxxer.hikari.pool.HikariPool        : HikariPool-1 - Connection not added, stats (total=18/30, idle=15/10, active=3, waiting=0)
2026-09-01T17:49:24.507-03:00 DEBUG 8588 --- [lab] [HikariPool-1:connection-adder] com.zaxxer.hikari.pool.HikariPool        : HikariPool-1 - Connection not added, stats (total=18/30, idle=14/10, active=4, waiting=0)
2026-09-01T17:49:24.512-03:00 DEBUG 8588 --- [lab] [HikariPool-1:connection-adder] com.zaxxer.hikari.pool.HikariPool        : HikariPool-1 - Connection not added, stats (total=18/30, idle=14/10, active=4, waiting=0)
2026-09-01T17:49:24.518-03:00 DEBUG 8588 --- [lab] [HikariPool-1:connection-adder] com.zaxxer.hikari.pool.HikariPool        : HikariPool-1 - Connection not added, stats (total=18/30, idle=12/10, active=6, waiting=0)
2026-09-01T17:49:24.542-03:00 DEBUG 8588 --- [lab] [HikariPool-1:connection-adder] com.zaxxer.hikari.pool.HikariPool        : HikariPool-1 - Connection not added, stats (total=18/30, idle=16/10, active=2, waiting=0)
2026-09-01T17:49:25.033-03:00 DEBUG 8588 --- [lab] [HikariPool-1:connection-adder] com.zaxxer.hikari.pool.HikariPool        : HikariPool-1 - Connection not added, stats (total=18/30, idle=16/10, active=2, waiting=0)
2026-09-01T17:49:25.033-03:00 DEBUG 8588 --- [lab] [HikariPool-1:connection-adder] com.zaxxer.hikari.pool.HikariPool        : HikariPool-1 - Connection not added, stats (total=18/30, idle=16/10, active=2, waiting=0)
2026-09-01T17:49:25.045-03:00 DEBUG 8588 --- [lab] [HikariPool-1:connection-adder] com.zaxxer.hikari.pool.HikariPool        : HikariPool-1 - Connection not added, stats (total=18/30, idle=16/10, active=2, waiting=0)
2026-09-01T17:49:25.050-03:00 DEBUG 8588 --- [lab] [HikariPool-1:connection-adder] com.zaxxer.hikari.pool.HikariPool        : HikariPool-1 - Connection not added, stats (total=18/30, idle=16/10, active=2, waiting=0)
2026-09-01T17:49:25.056-03:00 DEBUG 8588 --- [lab] [HikariPool-1:connection-adder] com.zaxxer.hikari.pool.HikariPool        : HikariPool-1 - Connection not added, stats (total=18/30, idle=15/10, active=3, waiting=0)
2026-09-01T17:49:25.057-03:00 DEBUG 8588 --- [lab] [HikariPool-1:connection-adder] com.zaxxer.hikari.pool.HikariPool        : HikariPool-1 - Connection not added, stats (total=18/30, idle=15/10, active=3, waiting=0)
2026-09-01T17:49:25.061-03:00 DEBUG 8588 --- [lab] [HikariPool-1:connection-adder] com.zaxxer.hikari.pool.HikariPool        : HikariPool-1 - Connection not added, stats (total=18/30, idle=16/10, active=2, waiting=0)
2026-09-01T17:49:25.073-03:00 DEBUG 8588 --- [lab] [HikariPool-1:connection-adder] com.zaxxer.hikari.pool.HikariPool        : HikariPool-1 - Connection not added, stats (total=18/30, idle=15/10, active=3, waiting=1)
2026-09-01T17:49:25.078-03:00 DEBUG 8588 --- [lab] [HikariPool-1:connection-adder] com.zaxxer.hikari.pool.HikariPool        : HikariPool-1 - Connection not added, stats (total=18/30, idle=15/10, active=3, waiting=1)
2026-09-01T17:49:25.083-03:00 DEBUG 8588 --- [lab] [HikariPool-1:connection-adder] com.zaxxer.hikari.pool.HikariPool        : HikariPool-1 - Connection not added, stats (total=18/30, idle=15/10, active=3, waiting=1)
2026-09-01T17:49:25.097-03:00 DEBUG 8588 --- [lab] [HikariPool-1:connection-adder] com.zaxxer.hikari.pool.HikariPool        : HikariPool-1 - Connection not added, stats (total=18/30, idle=15/10, active=3, waiting=0)
2026-09-01T17:49:25.194-03:00 DEBUG 8588 --- [lab] [HikariPool-1:connection-adder] com.zaxxer.hikari.pool.HikariPool        : HikariPool-1 - Connection not added, stats (total=18/30, idle=16/10, active=2, waiting=0)
2026-09-01T17:49:25.210-03:00 DEBUG 8588 --- [lab] [HikariPool-1:connection-adder] com.zaxxer.hikari.pool.HikariPool        : HikariPool-1 - Connection not added, stats (total=18/30, idle=16/10, active=2, waiting=0)
2026-09-01T17:49:25.214-03:00 DEBUG 8588 --- [lab] [HikariPool-1:connection-adder] com.zaxxer.hikari.pool.HikariPool        : HikariPool-1 - Connection not added, stats (total=18/30, idle=15/10, active=3, waiting=0)
2026-09-01T17:49:25.221-03:00 DEBUG 8588 --- [lab] [HikariPool-1:connection-adder] com.zaxxer.hikari.pool.HikariPool        : HikariPool-1 - Connection not added, stats (total=18/30, idle=16/10, active=2, waiting=0)
2026-09-01T17:49:25.225-03:00 DEBUG 8588 --- [lab] [HikariPool-1:connection-adder] com.zaxxer.hikari.pool.HikariPool        : HikariPool-1 - Connection not added, stats (total=18/30, idle=15/10, active=3, waiting=0)
2026-09-01T17:49:25.230-03:00 DEBUG 8588 --- [lab] [HikariPool-1:connection-adder] com.zaxxer.hikari.pool.HikariPool        : HikariPool-1 - Connection not added, stats (total=18/30, idle=15/10, active=3, waiting=0)
2026-09-01T17:49:25.235-03:00 DEBUG 8588 --- [lab] [HikariPool-1:connection-adder] com.zaxxer.hikari.pool.HikariPool        : HikariPool-1 - Connection not added, stats (total=18/30, idle=14/10, active=4, waiting=0)
2026-09-01T17:49:25.235-03:00 DEBUG 8588 --- [lab] [HikariPool-1:connection-adder] com.zaxxer.hikari.pool.HikariPool        : HikariPool-1 - Connection not added, stats (total=18/30, idle=14/10, active=4, waiting=0)
2026-09-01T17:49:25.241-03:00 DEBUG 8588 --- [lab] [HikariPool-1:connection-adder] com.zaxxer.hikari.pool.HikariPool        : HikariPool-1 - Connection not added, stats (total=18/30, idle=15/10, active=3, waiting=0)
2026-09-01T17:49:25.242-03:00 DEBUG 8588 --- [lab] [HikariPool-1:connection-adder] com.zaxxer.hikari.pool.HikariPool        : HikariPool-1 - Connection not added, stats (total=18/30, idle=15/10, active=3, waiting=0)
2026-09-01T17:49:29.223-03:00 DEBUG 8588 --- [lab] [HikariPool-1:connection-adder] com.zaxxer.hikari.pool.HikariPool        : HikariPool-1 - Connection not added, stats (total=18/30, idle=17/10, active=1, waiting=0)
2026-09-01T17:49:29.223-03:00 DEBUG 8588 --- [lab] [HikariPool-1:connection-adder] com.zaxxer.hikari.pool.HikariPool        : HikariPool-1 - Connection not added, stats (total=18/30, idle=17/10, active=1, waiting=0)
2026-09-01T17:49:29.225-03:00 DEBUG 8588 --- [lab] [HikariPool-1:connection-adder] com.zaxxer.hikari.pool.HikariPool        : HikariPool-1 - Connection not added, stats (total=18/30, idle=15/10, active=3, waiting=0)
2026-09-01T17:49:29.226-03:00 DEBUG 8588 --- [lab] [HikariPool-1:connection-adder] com.zaxxer.hikari.pool.HikariPool        : HikariPool-1 - Connection not added, stats (total=18/30, idle=15/10, active=3, waiting=0)
2026-09-01T17:49:29.240-03:00 DEBUG 8588 --- [lab] [HikariPool-1:connection-adder] com.zaxxer.hikari.pool.HikariPool        : HikariPool-1 - Connection not added, stats (total=18/30, idle=16/10, active=2, waiting=1)
2026-09-01T17:49:29.245-03:00 DEBUG 8588 --- [lab] [HikariPool-1:connection-adder] com.zaxxer.hikari.pool.HikariPool        : HikariPool-1 - Connection not added, stats (total=18/30, idle=14/10, active=4, waiting=0)
2026-09-01T17:49:29.248-03:00 DEBUG 8588 --- [lab] [HikariPool-1:connection-adder] com.zaxxer.hikari.pool.HikariPool        : HikariPool-1 - Connection not added, stats (total=18/30, idle=11/10, active=7, waiting=0)
2026-09-01T17:49:29.256-03:00 DEBUG 8588 --- [lab] [HikariPool-1:connection-adder] com.zaxxer.hikari.pool.HikariPool        : HikariPool-1 - Connection not added, stats (total=18/30, idle=16/10, active=2, waiting=0)
2026-09-01T17:49:29.265-03:00 DEBUG 8588 --- [lab] [HikariPool-1:connection-adder] com.zaxxer.hikari.pool.HikariPool        : HikariPool-1 - Connection not added, stats (total=18/30, idle=16/10, active=2, waiting=0)
2026-09-01T17:49:29.269-03:00 DEBUG 8588 --- [lab] [HikariPool-1:connection-adder] com.zaxxer.hikari.pool.HikariPool        : HikariPool-1 - Connection not added, stats (total=18/30, idle=15/10, active=3, waiting=0)
2026-09-01T17:49:29.274-03:00 DEBUG 8588 --- [lab] [HikariPool-1:connection-adder] com.zaxxer.hikari.pool.HikariPool        : HikariPool-1 - Connection not added, stats (total=18/30, idle=15/10, active=3, waiting=0)
2026-09-01T17:49:29.278-03:00 DEBUG 8588 --- [lab] [HikariPool-1:connection-adder] com.zaxxer.hikari.pool.HikariPool        : HikariPool-1 - Connection not added, stats (total=18/30, idle=15/10, active=3, waiting=0)
2026-09-01T17:49:29.293-03:00 DEBUG 8588 --- [lab] [HikariPool-1:connection-adder] com.zaxxer.hikari.pool.HikariPool        : HikariPool-1 - Connection not added, stats (total=18/30, idle=16/10, active=2, waiting=0)
2026-09-01T17:49:29.360-03:00 DEBUG 8588 --- [lab] [HikariPool-1:connection-adder] com.zaxxer.hikari.pool.HikariPool        : HikariPool-1 - Connection not added, stats (total=18/30, idle=11/10, active=7, waiting=0)
2026-09-01T17:49:29.372-03:00 DEBUG 8588 --- [lab] [HikariPool-1:connection-adder] com.zaxxer.hikari.pool.HikariPool        : HikariPool-1 - Connection not added, stats (total=18/30, idle=15/10, active=3, waiting=0)
2026-09-01T17:49:29.383-03:00 DEBUG 8588 --- [lab] [HikariPool-1:connection-adder] com.zaxxer.hikari.pool.HikariPool        : HikariPool-1 - Connection not added, stats (total=18/30, idle=15/10, active=3, waiting=0)
2026-09-01T17:49:29.392-03:00 DEBUG 8588 --- [lab] [HikariPool-1:connection-adder] com.zaxxer.hikari.pool.HikariPool        : HikariPool-1 - Connection not added, stats (total=18/30, idle=16/10, active=2, waiting=0)
2026-09-01T17:49:29.411-03:00 DEBUG 8588 --- [lab] [HikariPool-1:connection-adder] com.zaxxer.hikari.pool.HikariPool        : HikariPool-1 - Connection not added, stats (total=18/30, idle=16/10, active=2, waiting=0)
2026-09-01T17:49:29.428-03:00 DEBUG 8588 --- [lab] [HikariPool-1:connection-adder] com.zaxxer.hikari.pool.HikariPool        : HikariPool-1 - Connection not added, stats (total=18/30, idle=15/10, active=3, waiting=0)
2026-09-01T17:49:29.456-03:00 DEBUG 8588 --- [lab] [HikariPool-1:connection-adder] com.zaxxer.hikari.pool.HikariPool        : HikariPool-1 - Connection not added, stats (total=18/30, idle=12/10, active=6, waiting=0)
2026-09-01T17:49:29.459-03:00 DEBUG 8588 --- [lab] [HikariPool-1:connection-adder] com.zaxxer.hikari.pool.HikariPool        : HikariPool-1 - Connection not added, stats (total=18/30, idle=15/10, active=3, waiting=0)
2026-09-01T17:49:29.864-03:00 DEBUG 8588 --- [lab] [HikariPool-1:connection-adder] com.zaxxer.hikari.pool.HikariPool        : HikariPool-1 - Connection not added, stats (total=18/30, idle=12/10, active=6, waiting=0)
2026-09-01T17:49:29.864-03:00 DEBUG 8588 --- [lab] [HikariPool-1:connection-adder] com.zaxxer.hikari.pool.HikariPool        : HikariPool-1 - Connection not added, stats (total=18/30, idle=13/10, active=5, waiting=0)
2026-09-01T17:49:29.912-03:00 DEBUG 8588 --- [lab] [HikariPool-1:connection-adder] com.zaxxer.hikari.pool.HikariPool        : HikariPool-1 - Connection not added, stats (total=18/30, idle=15/10, active=3, waiting=0)
2026-09-01T17:49:29.916-03:00 DEBUG 8588 --- [lab] [HikariPool-1:connection-adder] com.zaxxer.hikari.pool.HikariPool        : HikariPool-1 - Connection not added, stats (total=18/30, idle=15/10, active=3, waiting=0)
2026-09-01T17:49:29.921-03:00 DEBUG 8588 --- [lab] [HikariPool-1:connection-adder] com.zaxxer.hikari.pool.HikariPool        : HikariPool-1 - Connection not added, stats (total=18/30, idle=14/10, active=4, waiting=0)
2026-09-01T17:49:29.926-03:00 DEBUG 8588 --- [lab] [HikariPool-1:connection-adder] com.zaxxer.hikari.pool.HikariPool        : HikariPool-1 - Connection not added, stats (total=18/30, idle=14/10, active=4, waiting=0)
2026-09-01T17:49:29.926-03:00 DEBUG 8588 --- [lab] [HikariPool-1:connection-adder] com.zaxxer.hikari.pool.HikariPool        : HikariPool-1 - Connection not added, stats (total=18/30, idle=14/10, active=4, waiting=0)
2026-09-01T17:49:29.928-03:00 DEBUG 8588 --- [lab] [HikariPool-1:connection-adder] com.zaxxer.hikari.pool.HikariPool        : HikariPool-1 - Connection not added, stats (total=18/30, idle=14/10, active=4, waiting=0)
2026-09-01T17:49:29.930-03:00 DEBUG 8588 --- [lab] [HikariPool-1:connection-adder] com.zaxxer.hikari.pool.HikariPool        : HikariPool-1 - Connection not added, stats (total=18/30, idle=14/10, active=4, waiting=0)
2026-09-01T17:49:29.983-03:00 DEBUG 8588 --- [lab] [HikariPool-1:connection-adder] com.zaxxer.hikari.pool.HikariPool        : HikariPool-1 - Connection not added, stats (total=18/30, idle=13/10, active=5, waiting=0)
2026-09-01T17:49:30.029-03:00 DEBUG 8588 --- [lab] [HikariPool-1:connection-adder] com.zaxxer.hikari.pool.HikariPool        : HikariPool-1 - Connection not added, stats (total=18/30, idle=14/10, active=4, waiting=0)
2026-09-01T17:49:30.076-03:00 DEBUG 8588 --- [lab] [HikariPool-1:connection-adder] com.zaxxer.hikari.pool.HikariPool        : HikariPool-1 - Connection not added, stats (total=18/30, idle=15/10, active=3, waiting=0)
2026-09-01T17:49:30.086-03:00 DEBUG 8588 --- [lab] [HikariPool-1:connection-adder] com.zaxxer.hikari.pool.HikariPool        : HikariPool-1 - Connection not added, stats (total=18/30, idle=15/10, active=3, waiting=0)
2026-09-01T17:49:30.123-03:00 DEBUG 8588 --- [lab] [HikariPool-1:connection-adder] com.zaxxer.hikari.pool.HikariPool        : HikariPool-1 - Connection not added, stats (total=18/30, idle=15/10, active=3, waiting=0)
2026-09-01T17:49:30.134-03:00 DEBUG 8588 --- [lab] [HikariPool-1:connection-adder] com.zaxxer.hikari.pool.HikariPool        : HikariPool-1 - Connection not added, stats (total=18/30, idle=15/10, active=3, waiting=0)
2026-09-01T17:49:30.136-03:00 DEBUG 8588 --- [lab] [HikariPool-1:connection-adder] com.zaxxer.hikari.pool.HikariPool        : HikariPool-1 - Connection not added, stats (total=18/30, idle=15/10, active=3, waiting=0)
2026-09-01T17:49:30.141-03:00 DEBUG 8588 --- [lab] [HikariPool-1:connection-adder] com.zaxxer.hikari.pool.HikariPool        : HikariPool-1 - Connection not added, stats (total=18/30, idle=14/10, active=4, waiting=0)
2026-09-01T17:49:30.160-03:00 DEBUG 8588 --- [lab] [HikariPool-1:connection-adder] com.zaxxer.hikari.pool.HikariPool        : HikariPool-1 - Connection not added, stats (total=18/30, idle=16/10, active=2, waiting=0)
2026-09-01T17:49:30.247-03:00 DEBUG 8588 --- [lab] [HikariPool-1:connection-adder] com.zaxxer.hikari.pool.HikariPool        : HikariPool-1 - Connection not added, stats (total=18/30, idle=15/10, active=3, waiting=0)
2026-09-01T17:49:30.275-03:00 DEBUG 8588 --- [lab] [HikariPool-1:connection-adder] com.zaxxer.hikari.pool.HikariPool        : HikariPool-1 - Connection not added, stats (total=18/30, idle=14/10, active=4, waiting=0)
2026-09-01T17:49:30.306-03:00 DEBUG 8588 --- [lab] [HikariPool-1:connection-adder] com.zaxxer.hikari.pool.HikariPool        : HikariPool-1 - Connection not added, stats (total=18/30, idle=15/10, active=3, waiting=0)
2026-09-01T17:49:30.308-03:00 DEBUG 8588 --- [lab] [HikariPool-1:connection-adder] com.zaxxer.hikari.pool.HikariPool        : HikariPool-1 - Connection not added, stats (total=18/30, idle=15/10, active=3, waiting=0)
2026-09-01T17:49:30.314-03:00 DEBUG 8588 --- [lab] [HikariPool-1:connection-adder] com.zaxxer.hikari.pool.HikariPool        : HikariPool-1 - Connection not added, stats (total=18/30, idle=14/10, active=4, waiting=0)
2026-09-01T17:49:30.361-03:00 DEBUG 8588 --- [lab] [HikariPool-1:connection-adder] com.zaxxer.hikari.pool.HikariPool        : HikariPool-1 - Connection not added, stats (total=18/30, idle=15/10, active=3, waiting=0)
2026-09-01T17:49:30.368-03:00 DEBUG 8588 --- [lab] [HikariPool-1:connection-adder] com.zaxxer.hikari.pool.HikariPool        : HikariPool-1 - Connection not added, stats (total=18/30, idle=13/10, active=5, waiting=0)
2026-09-01T17:49:30.390-03:00 DEBUG 8588 --- [lab] [HikariPool-1:connection-adder] com.zaxxer.hikari.pool.HikariPool        : HikariPool-1 - Connection not added, stats (total=18/30, idle=14/10, active=4, waiting=0)
2026-09-01T17:49:30.424-03:00 DEBUG 8588 --- [lab] [HikariPool-1:connection-adder] com.zaxxer.hikari.pool.HikariPool        : HikariPool-1 - Connection not added, stats (total=18/30, idle=15/10, active=3, waiting=0)
2026-09-01T17:49:30.457-03:00 DEBUG 8588 --- [lab] [HikariPool-1:connection-adder] com.zaxxer.hikari.pool.HikariPool        : HikariPool-1 - Connection not added, stats (total=18/30, idle=15/10, active=3, waiting=0)
2026-09-01T17:49:30.480-03:00 DEBUG 8588 --- [lab] [HikariPool-1:connection-adder] com.zaxxer.hikari.pool.HikariPool        : HikariPool-1 - Connection not added, stats (total=18/30, idle=15/10, active=3, waiting=0)
2026-09-01T17:49:30.494-03:00 DEBUG 8588 --- [lab] [HikariPool-1:connection-adder] com.zaxxer.hikari.pool.HikariPool        : HikariPool-1 - Connection not added, stats (total=18/30, idle=14/10, active=4, waiting=0)
2026-09-01T17:49:30.525-03:00 DEBUG 8588 --- [lab] [HikariPool-1:connection-adder] com.zaxxer.hikari.pool.HikariPool        : HikariPool-1 - Connection not added, stats (total=18/30, idle=14/10, active=4, waiting=0)
2026-09-01T17:49:30.534-03:00 DEBUG 8588 --- [lab] [HikariPool-1:connection-adder] com.zaxxer.hikari.pool.HikariPool        : HikariPool-1 - Connection not added, stats (total=18/30, idle=14/10, active=4, waiting=0)
2026-09-01T17:49:30.580-03:00 DEBUG 8588 --- [lab] [HikariPool-1:connection-adder] com.zaxxer.hikari.pool.HikariPool        : HikariPool-1 - Connection not added, stats (total=18/30, idle=15/10, active=3, waiting=0)
2026-09-01T17:49:30.596-03:00 DEBUG 8588 --- [lab] [HikariPool-1:connection-adder] com.zaxxer.hikari.pool.HikariPool        : HikariPool-1 - Connection not added, stats (total=18/30, idle=15/10, active=3, waiting=0)
2026-09-01T17:49:30.608-03:00 DEBUG 8588 --- [lab] [HikariPool-1:connection-adder] com.zaxxer.hikari.pool.HikariPool        : HikariPool-1 - Connection not added, stats (total=18/30, idle=16/10, active=2, waiting=0)
2026-09-01T17:49:30.610-03:00 DEBUG 8588 --- [lab] [HikariPool-1:connection-adder] com.zaxxer.hikari.pool.HikariPool        : HikariPool-1 - Connection not added, stats (total=18/30, idle=15/10, active=3, waiting=0)
2026-09-01T17:49:30.986-03:00 DEBUG 8588 --- [lab] [HikariPool-1:connection-adder] com.zaxxer.hikari.pool.HikariPool        : HikariPool-1 - Connection not added, stats (total=18/30, idle=16/10, active=2, waiting=0)
2026-09-01T17:49:31.012-03:00 DEBUG 8588 --- [lab] [HikariPool-1:connection-adder] com.zaxxer.hikari.pool.HikariPool        : HikariPool-1 - Connection not added, stats (total=18/30, idle=16/10, active=2, waiting=0)
2026-09-01T17:49:31.030-03:00 DEBUG 8588 --- [lab] [HikariPool-1:connection-adder] com.zaxxer.hikari.pool.HikariPool        : HikariPool-1 - Connection not added, stats (total=18/30, idle=16/10, active=2, waiting=0)
2026-09-01T17:49:31.080-03:00 DEBUG 8588 --- [lab] [HikariPool-1:connection-adder] com.zaxxer.hikari.pool.HikariPool        : HikariPool-1 - Connection not added, stats (total=18/30, idle=14/10, active=4, waiting=0)
2026-09-01T17:49:31.100-03:00 DEBUG 8588 --- [lab] [HikariPool-1:connection-adder] com.zaxxer.hikari.pool.HikariPool        : HikariPool-1 - Connection not added, stats (total=18/30, idle=15/10, active=3, waiting=0)
2026-09-01T17:49:31.125-03:00 DEBUG 8588 --- [lab] [HikariPool-1:connection-adder] com.zaxxer.hikari.pool.HikariPool        : HikariPool-1 - Connection not added, stats (total=18/30, idle=15/10, active=3, waiting=0)
2026-09-01T17:49:31.132-03:00 DEBUG 8588 --- [lab] [HikariPool-1:connection-adder] com.zaxxer.hikari.pool.HikariPool        : HikariPool-1 - Connection not added, stats (total=18/30, idle=15/10, active=3, waiting=0)
2026-09-01T17:49:31.154-03:00 DEBUG 8588 --- [lab] [HikariPool-1:connection-adder] com.zaxxer.hikari.pool.HikariPool        : HikariPool-1 - Connection not added, stats (total=18/30, idle=15/10, active=3, waiting=0)
2026-09-01T17:49:31.160-03:00 DEBUG 8588 --- [lab] [HikariPool-1:connection-adder] com.zaxxer.hikari.pool.HikariPool        : HikariPool-1 - Connection not added, stats (total=18/30, idle=15/10, active=3, waiting=0)
2026-09-01T17:49:31.165-03:00 DEBUG 8588 --- [lab] [HikariPool-1:connection-adder] com.zaxxer.hikari.pool.HikariPool        : HikariPool-1 - Connection not added, stats (total=18/30, idle=15/10, active=3, waiting=0)
2026-09-01T17:49:31.171-03:00 DEBUG 8588 --- [lab] [HikariPool-1:connection-adder] com.zaxxer.hikari.pool.HikariPool        : HikariPool-1 - Connection not added, stats (total=18/30, idle=15/10, active=3, waiting=0)
2026-09-01T17:49:31.183-03:00 DEBUG 8588 --- [lab] [HikariPool-1:connection-adder] com.zaxxer.hikari.pool.HikariPool        : HikariPool-1 - Connection not added, stats (total=18/30, idle=14/10, active=4, waiting=0)
2026-09-01T17:49:31.217-03:00 DEBUG 8588 --- [lab] [HikariPool-1:connection-adder] com.zaxxer.hikari.pool.HikariPool        : HikariPool-1 - Connection not added, stats (total=18/30, idle=15/10, active=3, waiting=0)
2026-09-01T17:49:31.463-03:00 DEBUG 8588 --- [lab] [HikariPool-1:connection-adder] com.zaxxer.hikari.pool.HikariPool        : HikariPool-1 - Connection not added, stats (total=18/30, idle=16/10, active=2, waiting=0)
2026-09-01T17:49:31.474-03:00 DEBUG 8588 --- [lab] [HikariPool-1:connection-adder] com.zaxxer.hikari.pool.HikariPool        : HikariPool-1 - Connection not added, stats (total=18/30, idle=16/10, active=2, waiting=0)
2026-09-01T17:49:31.506-03:00 DEBUG 8588 --- [lab] [HikariPool-1:connection-adder] com.zaxxer.hikari.pool.HikariPool        : HikariPool-1 - Connection not added, stats (total=18/30, idle=16/10, active=2, waiting=0)
2026-09-01T17:49:31.509-03:00 DEBUG 8588 --- [lab] [HikariPool-1:connection-adder] com.zaxxer.hikari.pool.HikariPool        : HikariPool-1 - Connection not added, stats (total=18/30, idle=15/10, active=3, waiting=0)
2026-09-01T17:49:31.511-03:00 DEBUG 8588 --- [lab] [HikariPool-1:connection-adder] com.zaxxer.hikari.pool.HikariPool        : HikariPool-1 - Connection not added, stats (total=18/30, idle=15/10, active=3, waiting=0)
2026-09-01T17:49:31.514-03:00 DEBUG 8588 --- [lab] [HikariPool-1:connection-adder] com.zaxxer.hikari.pool.HikariPool        : HikariPool-1 - Connection not added, stats (total=18/30, idle=15/10, active=3, waiting=0)
2026-09-01T17:49:31.519-03:00 DEBUG 8588 --- [lab] [HikariPool-1:connection-adder] com.zaxxer.hikari.pool.HikariPool        : HikariPool-1 - Connection not added, stats (total=18/30, idle=15/10, active=3, waiting=0)
2026-09-01T17:49:31.523-03:00 DEBUG 8588 --- [lab] [HikariPool-1:connection-adder] com.zaxxer.hikari.pool.HikariPool        : HikariPool-1 - Connection not added, stats (total=18/30, idle=15/10, active=3, waiting=0)
2026-09-01T17:49:31.523-03:00 DEBUG 8588 --- [lab] [HikariPool-1:connection-adder] com.zaxxer.hikari.pool.HikariPool        : HikariPool-1 - Connection not added, stats (total=18/30, idle=16/10, active=2, waiting=0)
2026-09-01T17:49:31.527-03:00 DEBUG 8588 --- [lab] [HikariPool-1:connection-adder] com.zaxxer.hikari.pool.HikariPool        : HikariPool-1 - Connection not added, stats (total=18/30, idle=15/10, active=3, waiting=0)
2026-09-01T17:49:31.532-03:00 DEBUG 8588 --- [lab] [HikariPool-1:connection-adder] com.zaxxer.hikari.pool.HikariPool        : HikariPool-1 - Connection not added, stats (total=18/30, idle=15/10, active=3, waiting=0)
2026-09-01T17:49:31.533-03:00 DEBUG 8588 --- [lab] [HikariPool-1:connection-adder] com.zaxxer.hikari.pool.HikariPool        : HikariPool-1 - Connection not added, stats (total=18/30, idle=15/10, active=3, waiting=0)
2026-09-01T17:49:31.558-03:00 DEBUG 8588 --- [lab] [HikariPool-1:connection-adder] com.zaxxer.hikari.pool.HikariPool        : HikariPool-1 - Connection not added, stats (total=18/30, idle=14/10, active=4, waiting=0)
2026-09-01T17:49:31.578-03:00 DEBUG 8588 --- [lab] [HikariPool-1:connection-adder] com.zaxxer.hikari.pool.HikariPool        : HikariPool-1 - Connection not added, stats (total=18/30, idle=14/10, active=4, waiting=0)
2026-09-01T17:49:31.582-03:00 DEBUG 8588 --- [lab] [HikariPool-1:connection-adder] com.zaxxer.hikari.pool.HikariPool        : HikariPool-1 - Connection not added, stats (total=18/30, idle=15/10, active=3, waiting=0)
2026-09-01T17:49:31.670-03:00 DEBUG 8588 --- [lab] [HikariPool-1:connection-adder] com.zaxxer.hikari.pool.HikariPool        : HikariPool-1 - Connection not added, stats (total=18/30, idle=15/10, active=3, waiting=0)
2026-09-01T17:49:31.676-03:00 DEBUG 8588 --- [lab] [HikariPool-1:connection-adder] com.zaxxer.hikari.pool.HikariPool        : HikariPool-1 - Connection not added, stats (total=18/30, idle=15/10, active=3, waiting=0)
2026-09-01T17:49:31.693-03:00 DEBUG 8588 --- [lab] [HikariPool-1:connection-adder] com.zaxxer.hikari.pool.HikariPool        : HikariPool-1 - Connection not added, stats (total=18/30, idle=16/10, active=2, waiting=0)
2026-09-01T17:49:31.699-03:00 DEBUG 8588 --- [lab] [HikariPool-1:connection-adder] com.zaxxer.hikari.pool.HikariPool        : HikariPool-1 - Connection not added, stats (total=18/30, idle=16/10, active=2, waiting=0)
2026-09-01T17:49:31.709-03:00 DEBUG 8588 --- [lab] [HikariPool-1:connection-adder] com.zaxxer.hikari.pool.HikariPool        : HikariPool-1 - Connection not added, stats (total=18/30, idle=15/10, active=3, waiting=0)
2026-09-01T17:49:31.712-03:00 DEBUG 8588 --- [lab] [HikariPool-1:connection-adder] com.zaxxer.hikari.pool.HikariPool        : HikariPool-1 - Connection not added, stats (total=18/30, idle=15/10, active=3, waiting=0)
2026-09-01T17:49:31.716-03:00 DEBUG 8588 --- [lab] [HikariPool-1:connection-adder] com.zaxxer.hikari.pool.HikariPool        : HikariPool-1 - Connection not added, stats (total=18/30, idle=15/10, active=3, waiting=0)
2026-09-01T17:49:32.547-03:00 DEBUG 8588 --- [lab] [HikariPool-1:connection-adder] com.zaxxer.hikari.pool.HikariPool        : HikariPool-1 - Connection not added, stats (total=18/30, idle=16/10, active=2, waiting=0)
2026-09-01T17:49:32.548-03:00 DEBUG 8588 --- [lab] [HikariPool-1:connection-adder] com.zaxxer.hikari.pool.HikariPool        : HikariPool-1 - Connection not added, stats (total=18/30, idle=16/10, active=2, waiting=0)
2026-09-01T17:49:32.560-03:00 DEBUG 8588 --- [lab] [HikariPool-1:connection-adder] com.zaxxer.hikari.pool.HikariPool        : HikariPool-1 - Connection not added, stats (total=18/30, idle=15/10, active=3, waiting=0)
2026-09-01T17:49:32.560-03:00 DEBUG 8588 --- [lab] [HikariPool-1:connection-adder] com.zaxxer.hikari.pool.HikariPool        : HikariPool-1 - Connection not added, stats (total=18/30, idle=15/10, active=3, waiting=0)
2026-09-01T17:49:32.568-03:00 DEBUG 8588 --- [lab] [HikariPool-1:connection-adder] com.zaxxer.hikari.pool.HikariPool        : HikariPool-1 - Connection not added, stats (total=18/30, idle=15/10, active=3, waiting=0)
2026-09-01T17:49:32.568-03:00 DEBUG 8588 --- [lab] [HikariPool-1:connection-adder] com.zaxxer.hikari.pool.HikariPool        : HikariPool-1 - Connection not added, stats (total=18/30, idle=15/10, active=3, waiting=0)
2026-09-01T17:49:32.572-03:00 DEBUG 8588 --- [lab] [HikariPool-1:connection-adder] com.zaxxer.hikari.pool.HikariPool        : HikariPool-1 - Connection not added, stats (total=18/30, idle=16/10, active=2, waiting=0)
2026-09-01T17:49:32.610-03:00 DEBUG 8588 --- [lab] [HikariPool-1:connection-adder] com.zaxxer.hikari.pool.HikariPool        : HikariPool-1 - Connection not added, stats (total=18/30, idle=16/10, active=2, waiting=0)
2026-09-01T17:49:32.691-03:00 DEBUG 8588 --- [lab] [HikariPool-1:connection-adder] com.zaxxer.hikari.pool.HikariPool        : HikariPool-1 - Connection not added, stats (total=18/30, idle=14/10, active=4, waiting=0)
2026-09-01T17:49:32.702-03:00 DEBUG 8588 --- [lab] [HikariPool-1:connection-adder] com.zaxxer.hikari.pool.HikariPool        : HikariPool-1 - Connection not added, stats (total=18/30, idle=11/10, active=7, waiting=0)
2026-09-01T17:49:32.705-03:00 DEBUG 8588 --- [lab] [HikariPool-1:connection-adder] com.zaxxer.hikari.pool.HikariPool        : HikariPool-1 - Connection not added, stats (total=18/30, idle=14/10, active=4, waiting=0)
2026-09-01T17:49:32.738-03:00 DEBUG 8588 --- [lab] [HikariPool-1:connection-adder] com.zaxxer.hikari.pool.HikariPool        : HikariPool-1 - Connection not added, stats (total=18/30, idle=14/10, active=4, waiting=0)
2026-09-01T17:49:32.750-03:00 DEBUG 8588 --- [lab] [HikariPool-1:connection-adder] com.zaxxer.hikari.pool.HikariPool        : HikariPool-1 - Connection not added, stats (total=18/30, idle=16/10, active=2, waiting=0)
2026-09-01T17:49:32.754-03:00 DEBUG 8588 --- [lab] [HikariPool-1:connection-adder] com.zaxxer.hikari.pool.HikariPool        : HikariPool-1 - Connection not added, stats (total=18/30, idle=15/10, active=3, waiting=0)
2026-09-01T17:49:32.759-03:00 DEBUG 8588 --- [lab] [HikariPool-1:connection-adder] com.zaxxer.hikari.pool.HikariPool        : HikariPool-1 - Connection not added, stats (total=18/30, idle=16/10, active=2, waiting=0)
2026-09-01T17:49:32.767-03:00 DEBUG 8588 --- [lab] [HikariPool-1:connection-adder] com.zaxxer.hikari.pool.HikariPool        : HikariPool-1 - Connection not added, stats (total=18/30, idle=15/10, active=3, waiting=0)
2026-09-01T17:49:32.770-03:00 DEBUG 8588 --- [lab] [HikariPool-1:connection-adder] com.zaxxer.hikari.pool.HikariPool        : HikariPool-1 - Connection not added, stats (total=18/30, idle=15/10, active=3, waiting=0)
2026-09-01T17:49:32.770-03:00 DEBUG 8588 --- [lab] [HikariPool-1:connection-adder] com.zaxxer.hikari.pool.HikariPool        : HikariPool-1 - Connection not added, stats (total=18/30, idle=15/10, active=3, waiting=0)
2026-09-01T17:49:32.775-03:00 DEBUG 8588 --- [lab] [HikariPool-1:connection-adder] com.zaxxer.hikari.pool.HikariPool        : HikariPool-1 - Connection not added, stats (total=18/30, idle=15/10, active=3, waiting=0)
2026-09-01T17:49:32.776-03:00 DEBUG 8588 --- [lab] [HikariPool-1:connection-adder] com.zaxxer.hikari.pool.HikariPool        : HikariPool-1 - Connection not added, stats (total=18/30, idle=15/10, active=3, waiting=0)
2026-09-01T17:49:32.781-03:00 DEBUG 8588 --- [lab] [HikariPool-1:connection-adder] com.zaxxer.hikari.pool.HikariPool        : HikariPool-1 - Connection not added, stats (total=18/30, idle=15/10, active=3, waiting=0)
2026-09-01T17:49:37.099-03:00 DEBUG 8588 --- [lab] [HikariPool-1:connection-adder] com.zaxxer.hikari.pool.HikariPool        : HikariPool-1 - Connection not added, stats (total=18/30, idle=16/10, active=2, waiting=0)
2026-09-01T17:49:37.100-03:00 DEBUG 8588 --- [lab] [HikariPool-1:connection-adder] com.zaxxer.hikari.pool.HikariPool        : HikariPool-1 - Connection not added, stats (total=18/30, idle=16/10, active=2, waiting=0)
2026-09-01T17:49:37.309-03:00 DEBUG 8588 --- [lab] [HikariPool-1:connection-adder] com.zaxxer.hikari.pool.HikariPool        : HikariPool-1 - Connection not added, stats (total=18/30, idle=13/10, active=5, waiting=0)
2026-09-01T17:49:37.311-03:00 DEBUG 8588 --- [lab] [HikariPool-1:connection-adder] com.zaxxer.hikari.pool.HikariPool        : HikariPool-1 - Connection not added, stats (total=18/30, idle=16/10, active=2, waiting=0)
2026-09-01T17:49:37.363-03:00 DEBUG 8588 --- [lab] [HikariPool-1:connection-adder] com.zaxxer.hikari.pool.HikariPool        : HikariPool-1 - Connection not added, stats (total=18/30, idle=11/10, active=7, waiting=0)
2026-09-01T17:49:37.418-03:00 DEBUG 8588 --- [lab] [HikariPool-1:connection-adder] com.zaxxer.hikari.pool.HikariPool        : HikariPool-1 - Connection not added, stats (total=18/30, idle=14/10, active=4, waiting=0)
2026-09-01T17:49:37.421-03:00 DEBUG 8588 --- [lab] [HikariPool-1:connection-adder] com.zaxxer.hikari.pool.HikariPool        : HikariPool-1 - Connection not added, stats (total=18/30, idle=14/10, active=4, waiting=0)
2026-09-01T17:49:37.422-03:00 DEBUG 8588 --- [lab] [HikariPool-1:connection-adder] com.zaxxer.hikari.pool.HikariPool        : HikariPool-1 - Connection not added, stats (total=18/30, idle=14/10, active=4, waiting=0)
2026-09-01T17:49:37.430-03:00 DEBUG 8588 --- [lab] [HikariPool-1:connection-adder] com.zaxxer.hikari.pool.HikariPool        : HikariPool-1 - Connection not added, stats (total=18/30, idle=14/10, active=4, waiting=0)
2026-09-01T17:49:37.434-03:00 DEBUG 8588 --- [lab] [HikariPool-1:connection-adder] com.zaxxer.hikari.pool.HikariPool        : HikariPool-1 - Connection not added, stats (total=18/30, idle=14/10, active=4, waiting=0)
2026-09-01T17:49:37.439-03:00 DEBUG 8588 --- [lab] [HikariPool-1:connection-adder] com.zaxxer.hikari.pool.HikariPool        : HikariPool-1 - Connection not added, stats (total=18/30, idle=15/10, active=3, waiting=0)
2026-09-01T17:49:37.519-03:00 DEBUG 8588 --- [lab] [HikariPool-1:connection-adder] com.zaxxer.hikari.pool.HikariPool        : HikariPool-1 - Connection not added, stats (total=18/30, idle=16/10, active=2, waiting=0)
2026-09-01T17:49:37.523-03:00 DEBUG 8588 --- [lab] [HikariPool-1:connection-adder] com.zaxxer.hikari.pool.HikariPool        : HikariPool-1 - Connection not added, stats (total=18/30, idle=15/10, active=3, waiting=0)
2026-09-01T17:49:37.540-03:00 DEBUG 8588 --- [lab] [HikariPool-1:connection-adder] com.zaxxer.hikari.pool.HikariPool        : HikariPool-1 - Connection not added, stats (total=18/30, idle=16/10, active=2, waiting=0)
2026-09-01T17:49:37.568-03:00 DEBUG 8588 --- [lab] [HikariPool-1:connection-adder] com.zaxxer.hikari.pool.HikariPool        : HikariPool-1 - Connection not added, stats (total=18/30, idle=16/10, active=2, waiting=0)
2026-09-01T17:49:37.572-03:00 DEBUG 8588 --- [lab] [HikariPool-1:connection-adder] com.zaxxer.hikari.pool.HikariPool        : HikariPool-1 - Connection not added, stats (total=18/30, idle=15/10, active=3, waiting=0)
2026-09-01T17:49:37.574-03:00 DEBUG 8588 --- [lab] [HikariPool-1:connection-adder] com.zaxxer.hikari.pool.HikariPool        : HikariPool-1 - Connection not added, stats (total=18/30, idle=15/10, active=3, waiting=0)
2026-09-01T17:49:37.574-03:00 DEBUG 8588 --- [lab] [HikariPool-1:connection-adder] com.zaxxer.hikari.pool.HikariPool        : HikariPool-1 - Connection not added, stats (total=18/30, idle=15/10, active=3, waiting=0)
2026-09-01T17:49:37.587-03:00 DEBUG 8588 --- [lab] [HikariPool-1:connection-adder] com.zaxxer.hikari.pool.HikariPool        : HikariPool-1 - Connection not added, stats (total=18/30, idle=16/10, active=2, waiting=0)
2026-09-01T17:49:37.599-03:00 DEBUG 8588 --- [lab] [HikariPool-1:connection-adder] com.zaxxer.hikari.pool.HikariPool        : HikariPool-1 - Connection not added, stats (total=18/30, idle=15/10, active=3, waiting=0)
2026-09-01T17:49:37.605-03:00 DEBUG 8588 --- [lab] [HikariPool-1:connection-adder] com.zaxxer.hikari.pool.HikariPool        : HikariPool-1 - Connection not added, stats (total=18/30, idle=17/10, active=1, waiting=0)
2026-09-01T17:49:37.611-03:00 DEBUG 8588 --- [lab] [HikariPool-1:connection-adder] com.zaxxer.hikari.pool.HikariPool        : HikariPool-1 - Connection not added, stats (total=18/30, idle=15/10, active=3, waiting=0)
2026-09-01T17:49:37.615-03:00 DEBUG 8588 --- [lab] [HikariPool-1:connection-adder] com.zaxxer.hikari.pool.HikariPool        : HikariPool-1 - Connection not added, stats (total=18/30, idle=15/10, active=3, waiting=0)
2026-09-01T17:49:37.616-03:00 DEBUG 8588 --- [lab] [HikariPool-1:connection-adder] com.zaxxer.hikari.pool.HikariPool        : HikariPool-1 - Connection not added, stats (total=18/30, idle=15/10, active=3, waiting=0)
2026-09-01T17:49:37.619-03:00 DEBUG 8588 --- [lab] [HikariPool-1:connection-adder] com.zaxxer.hikari.pool.HikariPool        : HikariPool-1 - Connection not added, stats (total=18/30, idle=15/10, active=3, waiting=0)
2026-09-01T17:49:37.620-03:00 DEBUG 8588 --- [lab] [HikariPool-1:connection-adder] com.zaxxer.hikari.pool.HikariPool        : HikariPool-1 - Connection not added, stats (total=18/30, idle=15/10, active=3, waiting=0)
2026-09-01T17:49:37.633-03:00 DEBUG 8588 --- [lab] [HikariPool-1:connection-adder] com.zaxxer.hikari.pool.HikariPool        : HikariPool-1 - Connection not added, stats (total=18/30, idle=15/10, active=3, waiting=0)
2026-09-01T17:49:37.647-03:00 DEBUG 8588 --- [lab] [HikariPool-1:connection-adder] com.zaxxer.hikari.pool.HikariPool        : HikariPool-1 - Connection not added, stats (total=18/30, idle=14/10, active=4, waiting=0)
2026-09-01T17:49:37.658-03:00 DEBUG 8588 --- [lab] [HikariPool-1:connection-adder] com.zaxxer.hikari.pool.HikariPool        : HikariPool-1 - Connection not added, stats (total=18/30, idle=15/10, active=3, waiting=0)
2026-09-01T17:49:37.660-03:00 DEBUG 8588 --- [lab] [HikariPool-1:connection-adder] com.zaxxer.hikari.pool.HikariPool        : HikariPool-1 - Connection not added, stats (total=18/30, idle=15/10, active=3, waiting=0)
2026-09-01T17:49:37.664-03:00 DEBUG 8588 --- [lab] [HikariPool-1:connection-adder] com.zaxxer.hikari.pool.HikariPool        : HikariPool-1 - Connection not added, stats (total=18/30, idle=15/10, active=3, waiting=0)
2026-09-01T17:49:37.731-03:00 DEBUG 8588 --- [lab] [HikariPool-1:connection-adder] com.zaxxer.hikari.pool.HikariPool        : HikariPool-1 - Connection not added, stats (total=18/30, idle=16/10, active=2, waiting=0)
2026-09-01T17:49:37.833-03:00 DEBUG 8588 --- [lab] [HikariPool-1:connection-adder] com.zaxxer.hikari.pool.HikariPool        : HikariPool-1 - Connection not added, stats (total=18/30, idle=16/10, active=2, waiting=0)
2026-09-01T17:49:37.866-03:00 DEBUG 8588 --- [lab] [HikariPool-1:connection-adder] com.zaxxer.hikari.pool.HikariPool        : HikariPool-1 - Connection not added, stats (total=18/30, idle=16/10, active=2, waiting=0)
2026-09-01T17:49:37.879-03:00 DEBUG 8588 --- [lab] [HikariPool-1:connection-adder] com.zaxxer.hikari.pool.HikariPool        : HikariPool-1 - Connection not added, stats (total=18/30, idle=15/10, active=3, waiting=0)
2026-09-01T17:49:37.903-03:00 DEBUG 8588 --- [lab] [HikariPool-1:connection-adder] com.zaxxer.hikari.pool.HikariPool        : HikariPool-1 - Connection not added, stats (total=18/30, idle=16/10, active=2, waiting=0)
2026-09-01T17:49:37.906-03:00 DEBUG 8588 --- [lab] [HikariPool-1:connection-adder] com.zaxxer.hikari.pool.HikariPool        : HikariPool-1 - Connection not added, stats (total=18/30, idle=16/10, active=2, waiting=0)
2026-09-01T17:49:37.932-03:00 DEBUG 8588 --- [lab] [HikariPool-1:connection-adder] com.zaxxer.hikari.pool.HikariPool        : HikariPool-1 - Connection not added, stats (total=18/30, idle=16/10, active=2, waiting=0)
2026-09-01T17:49:37.990-03:00 DEBUG 8588 --- [lab] [HikariPool-1:connection-adder] com.zaxxer.hikari.pool.HikariPool        : HikariPool-1 - Connection not added, stats (total=18/30, idle=15/10, active=3, waiting=0)
2026-09-01T17:49:38.001-03:00 DEBUG 8588 --- [lab] [HikariPool-1:connection-adder] com.zaxxer.hikari.pool.HikariPool        : HikariPool-1 - Connection not added, stats (total=18/30, idle=15/10, active=3, waiting=0)
2026-09-01T17:49:38.014-03:00 DEBUG 8588 --- [lab] [HikariPool-1:connection-adder] com.zaxxer.hikari.pool.HikariPool        : HikariPool-1 - Connection not added, stats (total=18/30, idle=16/10, active=2, waiting=0)
2026-09-01T17:49:38.019-03:00 DEBUG 8588 --- [lab] [HikariPool-1:connection-adder] com.zaxxer.hikari.pool.HikariPool        : HikariPool-1 - Connection not added, stats (total=18/30, idle=16/10, active=2, waiting=0)
2026-09-01T17:49:38.022-03:00 DEBUG 8588 --- [lab] [HikariPool-1:connection-adder] com.zaxxer.hikari.pool.HikariPool        : HikariPool-1 - Connection not added, stats (total=18/30, idle=16/10, active=2, waiting=0)
2026-09-01T17:49:38.028-03:00 DEBUG 8588 --- [lab] [HikariPool-1:connection-adder] com.zaxxer.hikari.pool.HikariPool        : HikariPool-1 - Connection not added, stats (total=18/30, idle=16/10, active=2, waiting=0)
2026-09-01T17:49:38.033-03:00 DEBUG 8588 --- [lab] [HikariPool-1:connection-adder] com.zaxxer.hikari.pool.HikariPool        : HikariPool-1 - Connection not added, stats (total=18/30, idle=16/10, active=2, waiting=0)
2026-09-01T17:49:38.037-03:00 DEBUG 8588 --- [lab] [HikariPool-1:connection-adder] com.zaxxer.hikari.pool.HikariPool        : HikariPool-1 - Connection not added, stats (total=18/30, idle=15/10, active=3, waiting=0)
2026-09-01T17:49:38.051-03:00 DEBUG 8588 --- [lab] [HikariPool-1:connection-adder] com.zaxxer.hikari.pool.HikariPool        : HikariPool-1 - Connection not added, stats (total=18/30, idle=16/10, active=2, waiting=0)
2026-09-01T17:49:38.055-03:00 DEBUG 8588 --- [lab] [HikariPool-1:connection-adder] com.zaxxer.hikari.pool.HikariPool        : HikariPool-1 - Connection not added, stats (total=18/30, idle=16/10, active=2, waiting=0)
2026-09-01T17:49:38.073-03:00 DEBUG 8588 --- [lab] [HikariPool-1:connection-adder] com.zaxxer.hikari.pool.HikariPool        : HikariPool-1 - Connection not added, stats (total=18/30, idle=16/10, active=2, waiting=0)
2026-09-01T17:49:38.088-03:00 DEBUG 8588 --- [lab] [HikariPool-1:connection-adder] com.zaxxer.hikari.pool.HikariPool        : HikariPool-1 - Connection not added, stats (total=18/30, idle=16/10, active=2, waiting=0)
2026-09-01T17:49:38.092-03:00 DEBUG 8588 --- [lab] [HikariPool-1:connection-adder] com.zaxxer.hikari.pool.HikariPool        : HikariPool-1 - Connection not added, stats (total=18/30, idle=15/10, active=3, waiting=0)
2026-09-01T17:49:38.097-03:00 DEBUG 8588 --- [lab] [HikariPool-1:connection-adder] com.zaxxer.hikari.pool.HikariPool        : HikariPool-1 - Connection not added, stats (total=18/30, idle=16/10, active=2, waiting=0)
2026-09-01T17:49:38.101-03:00 DEBUG 8588 --- [lab] [HikariPool-1:connection-adder] com.zaxxer.hikari.pool.HikariPool        : HikariPool-1 - Connection not added, stats (total=18/30, idle=16/10, active=2, waiting=0)
2026-09-01T17:49:38.102-03:00 DEBUG 8588 --- [lab] [HikariPool-1:connection-adder] com.zaxxer.hikari.pool.HikariPool        : HikariPool-1 - Connection not added, stats (total=18/30, idle=15/10, active=3, waiting=0)
2026-09-01T17:49:38.106-03:00 DEBUG 8588 --- [lab] [HikariPool-1:connection-adder] com.zaxxer.hikari.pool.HikariPool        : HikariPool-1 - Connection not added, stats (total=18/30, idle=14/10, active=4, waiting=0)
2026-09-01T17:49:38.134-03:00 DEBUG 8588 --- [lab] [HikariPool-1:connection-adder] com.zaxxer.hikari.pool.HikariPool        : HikariPool-1 - Connection not added, stats (total=18/30, idle=15/10, active=3, waiting=0)
2026-09-01T17:49:38.140-03:00 DEBUG 8588 --- [lab] [HikariPool-1:connection-adder] com.zaxxer.hikari.pool.HikariPool        : HikariPool-1 - Connection not added, stats (total=18/30, idle=16/10, active=2, waiting=0)
2026-09-01T17:49:38.151-03:00 DEBUG 8588 --- [lab] [HikariPool-1:connection-adder] com.zaxxer.hikari.pool.HikariPool        : HikariPool-1 - Connection not added, stats (total=18/30, idle=16/10, active=2, waiting=0)
2026-09-01T17:49:38.155-03:00 DEBUG 8588 --- [lab] [HikariPool-1:connection-adder] com.zaxxer.hikari.pool.HikariPool        : HikariPool-1 - Connection not added, stats (total=18/30, idle=16/10, active=2, waiting=0)
2026-09-01T17:49:38.188-03:00 DEBUG 8588 --- [lab] [HikariPool-1:connection-adder] com.zaxxer.hikari.pool.HikariPool        : HikariPool-1 - Connection not added, stats (total=18/30, idle=15/10, active=3, waiting=0)
2026-09-01T17:49:38.238-03:00 DEBUG 8588 --- [lab] [HikariPool-1:connection-adder] com.zaxxer.hikari.pool.HikariPool        : HikariPool-1 - Connection not added, stats (total=18/30, idle=15/10, active=3, waiting=0)
2026-09-01T17:49:38.241-03:00 DEBUG 8588 --- [lab] [HikariPool-1:connection-adder] com.zaxxer.hikari.pool.HikariPool        : HikariPool-1 - Connection not added, stats (total=18/30, idle=16/10, active=2, waiting=0)
2026-09-01T17:49:38.264-03:00 DEBUG 8588 --- [lab] [HikariPool-1:connection-adder] com.zaxxer.hikari.pool.HikariPool        : HikariPool-1 - Connection not added, stats (total=18/30, idle=15/10, active=3, waiting=0)
2026-09-01T17:49:38.270-03:00 DEBUG 8588 --- [lab] [HikariPool-1:connection-adder] com.zaxxer.hikari.pool.HikariPool        : HikariPool-1 - Connection not added, stats (total=18/30, idle=15/10, active=3, waiting=0)
2026-09-01T17:49:40.211-03:00 DEBUG 8588 --- [lab] [HikariPool-1:connection-adder] com.zaxxer.hikari.pool.HikariPool        : HikariPool-1 - Connection not added, stats (total=18/30, idle=16/10, active=2, waiting=0)
2026-09-01T17:49:40.211-03:00 DEBUG 8588 --- [lab] [HikariPool-1:connection-adder] com.zaxxer.hikari.pool.HikariPool        : HikariPool-1 - Connection not added, stats (total=18/30, idle=17/10, active=1, waiting=0)
2026-09-01T17:49:40.215-03:00 DEBUG 8588 --- [lab] [HikariPool-1:connection-adder] com.zaxxer.hikari.pool.HikariPool        : HikariPool-1 - Connection not added, stats (total=18/30, idle=13/10, active=5, waiting=1)
2026-09-01T17:49:40.217-03:00 DEBUG 8588 --- [lab] [HikariPool-1:connection-adder] com.zaxxer.hikari.pool.HikariPool        : HikariPool-1 - Connection not added, stats (total=18/30, idle=12/10, active=6, waiting=2)
2026-09-01T17:49:40.219-03:00 DEBUG 8588 --- [lab] [HikariPool-1:connection-adder] com.zaxxer.hikari.pool.HikariPool        : HikariPool-1 - Connection not added, stats (total=18/30, idle=11/10, active=7, waiting=2)
2026-09-01T17:49:40.226-03:00 DEBUG 8588 --- [lab] [HikariPool-1:connection-adder] com.zaxxer.hikari.pool.HikariPool        : HikariPool-1 - Connection not added, stats (total=18/30, idle=16/10, active=2, waiting=0)
2026-09-01T17:49:40.271-03:00 DEBUG 8588 --- [lab] [HikariPool-1:connection-adder] com.zaxxer.hikari.pool.HikariPool        : HikariPool-1 - Connection not added, stats (total=18/30, idle=11/10, active=7, waiting=0)
2026-09-01T17:49:40.274-03:00 DEBUG 8588 --- [lab] [HikariPool-1:connection-adder] com.zaxxer.hikari.pool.HikariPool        : HikariPool-1 - Connection not added, stats (total=18/30, idle=11/10, active=7, waiting=0)
2026-09-01T17:49:40.313-03:00 DEBUG 8588 --- [lab] [HikariPool-1:connection-adder] com.zaxxer.hikari.pool.HikariPool        : HikariPool-1 - Connection not added, stats (total=18/30, idle=15/10, active=3, waiting=0)
2026-09-01T17:49:40.321-03:00 DEBUG 8588 --- [lab] [HikariPool-1:connection-adder] com.zaxxer.hikari.pool.HikariPool        : HikariPool-1 - Connection not added, stats (total=18/30, idle=15/10, active=3, waiting=0)
2026-09-01T17:49:40.322-03:00 DEBUG 8588 --- [lab] [HikariPool-1:connection-adder] com.zaxxer.hikari.pool.HikariPool        : HikariPool-1 - Connection not added, stats (total=18/30, idle=14/10, active=4, waiting=0)
2026-09-01T17:49:40.331-03:00 DEBUG 8588 --- [lab] [HikariPool-1:connection-adder] com.zaxxer.hikari.pool.HikariPool        : HikariPool-1 - Connection not added, stats (total=18/30, idle=17/10, active=1, waiting=0)
2026-09-01T17:49:40.369-03:00 DEBUG 8588 --- [lab] [HikariPool-1:connection-adder] com.zaxxer.hikari.pool.HikariPool        : HikariPool-1 - Connection not added, stats (total=18/30, idle=15/10, active=3, waiting=0)
2026-09-01T17:49:40.374-03:00 DEBUG 8588 --- [lab] [HikariPool-1:connection-adder] com.zaxxer.hikari.pool.HikariPool        : HikariPool-1 - Connection not added, stats (total=18/30, idle=16/10, active=2, waiting=0)
2026-09-01T17:49:40.427-03:00 DEBUG 8588 --- [lab] [HikariPool-1:connection-adder] com.zaxxer.hikari.pool.HikariPool        : HikariPool-1 - Connection not added, stats (total=18/30, idle=12/10, active=6, waiting=0)
2026-09-01T17:49:40.442-03:00 DEBUG 8588 --- [lab] [HikariPool-1:connection-adder] com.zaxxer.hikari.pool.HikariPool        : HikariPool-1 - Connection not added, stats (total=18/30, idle=14/10, active=4, waiting=0)
2026-09-01T17:49:40.450-03:00 DEBUG 8588 --- [lab] [HikariPool-1:connection-adder] com.zaxxer.hikari.pool.HikariPool        : HikariPool-1 - Connection not added, stats (total=18/30, idle=15/10, active=3, waiting=0)
2026-09-01T17:49:40.526-03:00 DEBUG 8588 --- [lab] [HikariPool-1:connection-adder] com.zaxxer.hikari.pool.HikariPool        : HikariPool-1 - Connection not added, stats (total=18/30, idle=15/10, active=3, waiting=0)
2026-09-01T17:49:40.531-03:00 DEBUG 8588 --- [lab] [HikariPool-1:connection-adder] com.zaxxer.hikari.pool.HikariPool        : HikariPool-1 - Connection not added, stats (total=18/30, idle=15/10, active=3, waiting=0)
2026-09-01T17:49:40.533-03:00 DEBUG 8588 --- [lab] [HikariPool-1:connection-adder] com.zaxxer.hikari.pool.HikariPool        : HikariPool-1 - Connection not added, stats (total=18/30, idle=15/10, active=3, waiting=0)
2026-09-01T17:49:40.541-03:00 DEBUG 8588 --- [lab] [HikariPool-1:connection-adder] com.zaxxer.hikari.pool.HikariPool        : HikariPool-1 - Connection not added, stats (total=18/30, idle=15/10, active=3, waiting=0)
2026-09-01T17:49:40.547-03:00 DEBUG 8588 --- [lab] [HikariPool-1:connection-adder] com.zaxxer.hikari.pool.HikariPool        : HikariPool-1 - Connection not added, stats (total=18/30, idle=12/10, active=6, waiting=0)
2026-09-01T17:49:40.578-03:00 DEBUG 8588 --- [lab] [HikariPool-1:connection-adder] com.zaxxer.hikari.pool.HikariPool        : HikariPool-1 - Connection not added, stats (total=18/30, idle=15/10, active=3, waiting=0)
2026-09-01T17:49:40.645-03:00 DEBUG 8588 --- [lab] [HikariPool-1:connection-adder] com.zaxxer.hikari.pool.HikariPool        : HikariPool-1 - Connection not added, stats (total=18/30, idle=14/10, active=4, waiting=0)
2026-09-01T17:49:40.656-03:00 DEBUG 8588 --- [lab] [HikariPool-1:connection-adder] com.zaxxer.hikari.pool.HikariPool        : HikariPool-1 - Connection not added, stats (total=18/30, idle=17/10, active=1, waiting=0)
2026-09-01T17:49:40.681-03:00 DEBUG 8588 --- [lab] [HikariPool-1:connection-adder] com.zaxxer.hikari.pool.HikariPool        : HikariPool-1 - Connection not added, stats (total=18/30, idle=15/10, active=3, waiting=0)
2026-09-01T17:49:40.687-03:00 DEBUG 8588 --- [lab] [HikariPool-1:connection-adder] com.zaxxer.hikari.pool.HikariPool        : HikariPool-1 - Connection not added, stats (total=18/30, idle=16/10, active=2, waiting=0)
2026-09-01T17:49:40.920-03:00 DEBUG 8588 --- [lab] [HikariPool-1:connection-adder] com.zaxxer.hikari.pool.HikariPool        : HikariPool-1 - Connection not added, stats (total=18/30, idle=15/10, active=3, waiting=0)
2026-09-01T17:49:40.937-03:00 DEBUG 8588 --- [lab] [HikariPool-1:connection-adder] com.zaxxer.hikari.pool.HikariPool        : HikariPool-1 - Connection not added, stats (total=18/30, idle=15/10, active=3, waiting=0)
2026-09-01T17:49:40.943-03:00 DEBUG 8588 --- [lab] [HikariPool-1:connection-adder] com.zaxxer.hikari.pool.HikariPool        : HikariPool-1 - Connection not added, stats (total=18/30, idle=16/10, active=2, waiting=0)
2026-09-01T17:49:40.947-03:00 DEBUG 8588 --- [lab] [HikariPool-1:connection-adder] com.zaxxer.hikari.pool.HikariPool        : HikariPool-1 - Connection not added, stats (total=18/30, idle=16/10, active=2, waiting=0)
2026-09-01T17:49:41.001-03:00 DEBUG 8588 --- [lab] [HikariPool-1:connection-adder] com.zaxxer.hikari.pool.HikariPool        : HikariPool-1 - Connection not added, stats (total=18/30, idle=14/10, active=4, waiting=0)
2026-09-01T17:49:41.002-03:00 DEBUG 8588 --- [lab] [HikariPool-1:connection-adder] com.zaxxer.hikari.pool.HikariPool        : HikariPool-1 - Connection not added, stats (total=18/30, idle=14/10, active=4, waiting=0)
2026-09-01T17:49:41.015-03:00 DEBUG 8588 --- [lab] [HikariPool-1:connection-adder] com.zaxxer.hikari.pool.HikariPool        : HikariPool-1 - Connection not added, stats (total=18/30, idle=15/10, active=3, waiting=0)
2026-09-01T17:49:41.024-03:00 DEBUG 8588 --- [lab] [HikariPool-1:connection-adder] com.zaxxer.hikari.pool.HikariPool        : HikariPool-1 - Connection not added, stats (total=18/30, idle=16/10, active=2, waiting=0)
2026-09-01T17:49:41.034-03:00 DEBUG 8588 --- [lab] [HikariPool-1:connection-adder] com.zaxxer.hikari.pool.HikariPool        : HikariPool-1 - Connection not added, stats (total=18/30, idle=15/10, active=3, waiting=0)
2026-09-01T17:49:41.040-03:00 DEBUG 8588 --- [lab] [HikariPool-1:connection-adder] com.zaxxer.hikari.pool.HikariPool        : HikariPool-1 - Connection not added, stats (total=18/30, idle=14/10, active=4, waiting=0)
2026-09-01T17:49:41.065-03:00 DEBUG 8588 --- [lab] [HikariPool-1:connection-adder] com.zaxxer.hikari.pool.HikariPool        : HikariPool-1 - Connection not added, stats (total=18/30, idle=15/10, active=3, waiting=0)
2026-09-01T17:49:41.077-03:00 DEBUG 8588 --- [lab] [HikariPool-1:connection-adder] com.zaxxer.hikari.pool.HikariPool        : HikariPool-1 - Connection not added, stats (total=18/30, idle=15/10, active=3, waiting=0)
2026-09-01T17:49:41.082-03:00 DEBUG 8588 --- [lab] [HikariPool-1:connection-adder] com.zaxxer.hikari.pool.HikariPool        : HikariPool-1 - Connection not added, stats (total=18/30, idle=15/10, active=3, waiting=0)
2026-09-01T17:49:41.200-03:00 DEBUG 8588 --- [lab] [HikariPool-1:connection-adder] com.zaxxer.hikari.pool.HikariPool        : HikariPool-1 - Connection not added, stats (total=18/30, idle=15/10, active=3, waiting=0)
2026-09-01T17:49:41.253-03:00 DEBUG 8588 --- [lab] [HikariPool-1:connection-adder] com.zaxxer.hikari.pool.HikariPool        : HikariPool-1 - Connection not added, stats (total=18/30, idle=15/10, active=3, waiting=0)
2026-09-01T17:49:41.256-03:00 DEBUG 8588 --- [lab] [HikariPool-1:connection-adder] com.zaxxer.hikari.pool.HikariPool        : HikariPool-1 - Connection not added, stats (total=18/30, idle=15/10, active=3, waiting=0)
2026-09-01T17:49:41.264-03:00 DEBUG 8588 --- [lab] [HikariPool-1:connection-adder] com.zaxxer.hikari.pool.HikariPool        : HikariPool-1 - Connection not added, stats (total=18/30, idle=14/10, active=4, waiting=0)
2026-09-01T17:49:41.268-03:00 DEBUG 8588 --- [lab] [HikariPool-1:connection-adder] com.zaxxer.hikari.pool.HikariPool        : HikariPool-1 - Connection not added, stats (total=18/30, idle=15/10, active=3, waiting=0)
2026-09-01T17:49:41.314-03:00 DEBUG 8588 --- [lab] [HikariPool-1:connection-adder] com.zaxxer.hikari.pool.HikariPool        : HikariPool-1 - Connection not added, stats (total=18/30, idle=15/10, active=3, waiting=0)
2026-09-01T17:49:41.318-03:00 DEBUG 8588 --- [lab] [HikariPool-1:connection-adder] com.zaxxer.hikari.pool.HikariPool        : HikariPool-1 - Connection not added, stats (total=18/30, idle=14/10, active=4, waiting=0)
2026-09-01T17:49:41.334-03:00 DEBUG 8588 --- [lab] [HikariPool-1:connection-adder] com.zaxxer.hikari.pool.HikariPool        : HikariPool-1 - Connection not added, stats (total=18/30, idle=15/10, active=3, waiting=0)
2026-09-01T17:49:41.366-03:00 DEBUG 8588 --- [lab] [HikariPool-1:connection-adder] com.zaxxer.hikari.pool.HikariPool        : HikariPool-1 - Connection not added, stats (total=18/30, idle=15/10, active=3, waiting=0)
2026-09-01T17:49:41.367-03:00 DEBUG 8588 --- [lab] [HikariPool-1:connection-adder] com.zaxxer.hikari.pool.HikariPool        : HikariPool-1 - Connection not added, stats (total=18/30, idle=14/10, active=4, waiting=0)
2026-09-01T17:49:41.370-03:00 DEBUG 8588 --- [lab] [HikariPool-1:connection-adder] com.zaxxer.hikari.pool.HikariPool        : HikariPool-1 - Connection not added, stats (total=18/30, idle=14/10, active=4, waiting=0)
2026-09-01T17:49:41.373-03:00 DEBUG 8588 --- [lab] [HikariPool-1:connection-adder] com.zaxxer.hikari.pool.HikariPool        : HikariPool-1 - Connection not added, stats (total=18/30, idle=14/10, active=4, waiting=0)
2026-09-01T17:49:41.377-03:00 DEBUG 8588 --- [lab] [HikariPool-1:connection-adder] com.zaxxer.hikari.pool.HikariPool        : HikariPool-1 - Connection not added, stats (total=18/30, idle=14/10, active=4, waiting=0)
2026-09-01T17:49:41.378-03:00 DEBUG 8588 --- [lab] [HikariPool-1:connection-adder] com.zaxxer.hikari.pool.HikariPool        : HikariPool-1 - Connection not added, stats (total=18/30, idle=14/10, active=4, waiting=0)
2026-09-01T17:49:41.379-03:00 DEBUG 8588 --- [lab] [HikariPool-1:connection-adder] com.zaxxer.hikari.pool.HikariPool        : HikariPool-1 - Connection not added, stats (total=18/30, idle=14/10, active=4, waiting=0)
2026-09-01T17:49:41.436-03:00 DEBUG 8588 --- [lab] [HikariPool-1:connection-adder] com.zaxxer.hikari.pool.HikariPool        : HikariPool-1 - Connection not added, stats (total=18/30, idle=15/10, active=3, waiting=0)
2026-09-01T17:49:41.455-03:00 DEBUG 8588 --- [lab] [HikariPool-1:connection-adder] com.zaxxer.hikari.pool.HikariPool        : HikariPool-1 - Connection not added, stats (total=18/30, idle=14/10, active=4, waiting=0)
2026-09-01T17:49:41.462-03:00 DEBUG 8588 --- [lab] [HikariPool-1:connection-adder] com.zaxxer.hikari.pool.HikariPool        : HikariPool-1 - Connection not added, stats (total=18/30, idle=14/10, active=4, waiting=0)
2026-09-01T17:49:41.471-03:00 DEBUG 8588 --- [lab] [HikariPool-1:connection-adder] com.zaxxer.hikari.pool.HikariPool        : HikariPool-1 - Connection not added, stats (total=18/30, idle=13/10, active=5, waiting=0)
2026-09-01T17:49:41.482-03:00 DEBUG 8588 --- [lab] [HikariPool-1:connection-adder] com.zaxxer.hikari.pool.HikariPool        : HikariPool-1 - Connection not added, stats (total=18/30, idle=14/10, active=4, waiting=0)
2026-09-01T17:49:41.493-03:00 DEBUG 8588 --- [lab] [HikariPool-1:connection-adder] com.zaxxer.hikari.pool.HikariPool        : HikariPool-1 - Connection not added, stats (total=18/30, idle=14/10, active=4, waiting=0)
2026-09-01T17:49:41.545-03:00 DEBUG 8588 --- [lab] [HikariPool-1:connection-adder] com.zaxxer.hikari.pool.HikariPool        : HikariPool-1 - Connection not added, stats (total=18/30, idle=15/10, active=3, waiting=0)
2026-09-01T17:49:41.562-03:00 DEBUG 8588 --- [lab] [HikariPool-1:connection-adder] com.zaxxer.hikari.pool.HikariPool        : HikariPool-1 - Connection not added, stats (total=18/30, idle=15/10, active=3, waiting=0)
2026-09-01T17:49:41.601-03:00 DEBUG 8588 --- [lab] [HikariPool-1:connection-adder] com.zaxxer.hikari.pool.HikariPool        : HikariPool-1 - Connection not added, stats (total=18/30, idle=14/10, active=4, waiting=0)
2026-09-01T17:49:41.607-03:00 DEBUG 8588 --- [lab] [HikariPool-1:connection-adder] com.zaxxer.hikari.pool.HikariPool        : HikariPool-1 - Connection not added, stats (total=18/30, idle=11/10, active=7, waiting=0)
2026-09-01T17:49:41.785-03:00 DEBUG 8588 --- [lab] [HikariPool-1:connection-adder] com.zaxxer.hikari.pool.HikariPool        : HikariPool-1 - Connection not added, stats (total=18/30, idle=15/10, active=3, waiting=0)
2026-09-01T17:49:41.803-03:00 DEBUG 8588 --- [lab] [HikariPool-1:connection-adder] com.zaxxer.hikari.pool.HikariPool        : HikariPool-1 - Connection not added, stats (total=18/30, idle=15/10, active=3, waiting=0)
2026-09-01T17:49:41.831-03:00 DEBUG 8588 --- [lab] [HikariPool-1:connection-adder] com.zaxxer.hikari.pool.HikariPool        : HikariPool-1 - Connection not added, stats (total=18/30, idle=16/10, active=2, waiting=0)
2026-09-01T17:49:41.845-03:00 DEBUG 8588 --- [lab] [HikariPool-1:connection-adder] com.zaxxer.hikari.pool.HikariPool        : HikariPool-1 - Connection not added, stats (total=18/30, idle=17/10, active=1, waiting=0)
2026-09-01T17:49:41.849-03:00 DEBUG 8588 --- [lab] [HikariPool-1:connection-adder] com.zaxxer.hikari.pool.HikariPool        : HikariPool-1 - Connection not added, stats (total=18/30, idle=16/10, active=2, waiting=0)
2026-09-01T17:49:41.852-03:00 DEBUG 8588 --- [lab] [HikariPool-1:connection-adder] com.zaxxer.hikari.pool.HikariPool        : HikariPool-1 - Connection not added, stats (total=18/30, idle=16/10, active=2, waiting=0)
2026-09-01T17:49:41.881-03:00 DEBUG 8588 --- [lab] [HikariPool-1:connection-adder] com.zaxxer.hikari.pool.HikariPool        : HikariPool-1 - Connection not added, stats (total=18/30, idle=16/10, active=2, waiting=0)
2026-09-01T17:49:41.892-03:00 DEBUG 8588 --- [lab] [HikariPool-1:connection-adder] com.zaxxer.hikari.pool.HikariPool        : HikariPool-1 - Connection not added, stats (total=18/30, idle=16/10, active=2, waiting=0)
2026-09-01T17:49:41.897-03:00 DEBUG 8588 --- [lab] [HikariPool-1:connection-adder] com.zaxxer.hikari.pool.HikariPool        : HikariPool-1 - Connection not added, stats (total=18/30, idle=16/10, active=2, waiting=0)
2026-09-01T17:49:41.923-03:00 DEBUG 8588 --- [lab] [HikariPool-1:connection-adder] com.zaxxer.hikari.pool.HikariPool        : HikariPool-1 - Connection not added, stats (total=18/30, idle=16/10, active=2, waiting=0)
2026-09-01T17:49:41.963-03:00 DEBUG 8588 --- [lab] [HikariPool-1:connection-adder] com.zaxxer.hikari.pool.HikariPool        : HikariPool-1 - Connection not added, stats (total=18/30, idle=16/10, active=2, waiting=0)
2026-09-01T17:49:41.975-03:00 DEBUG 8588 --- [lab] [HikariPool-1:connection-adder] com.zaxxer.hikari.pool.HikariPool        : HikariPool-1 - Connection not added, stats (total=18/30, idle=11/10, active=7, waiting=0)
2026-09-01T17:49:42.008-03:00 DEBUG 8588 --- [lab] [HikariPool-1:connection-adder] com.zaxxer.hikari.pool.HikariPool        : HikariPool-1 - Connection not added, stats (total=18/30, idle=15/10, active=3, waiting=0)
2026-09-01T17:49:42.014-03:00 DEBUG 8588 --- [lab] [HikariPool-1:connection-adder] com.zaxxer.hikari.pool.HikariPool        : HikariPool-1 - Connection not added, stats (total=18/30, idle=17/10, active=1, waiting=0)
2026-09-01T17:49:42.056-03:00 DEBUG 8588 --- [lab] [HikariPool-1:connection-adder] com.zaxxer.hikari.pool.HikariPool        : HikariPool-1 - Connection not added, stats (total=18/30, idle=15/10, active=3, waiting=0)
2026-09-01T17:49:42.061-03:00 DEBUG 8588 --- [lab] [HikariPool-1:connection-adder] com.zaxxer.hikari.pool.HikariPool        : HikariPool-1 - Connection not added, stats (total=18/30, idle=15/10, active=3, waiting=0)
2026-09-01T17:49:42.075-03:00 DEBUG 8588 --- [lab] [HikariPool-1:connection-adder] com.zaxxer.hikari.pool.HikariPool        : HikariPool-1 - Connection not added, stats (total=18/30, idle=16/10, active=2, waiting=0)
2026-09-01T17:49:42.079-03:00 DEBUG 8588 --- [lab] [HikariPool-1:connection-adder] com.zaxxer.hikari.pool.HikariPool        : HikariPool-1 - Connection not added, stats (total=18/30, idle=16/10, active=2, waiting=0)
2026-09-01T17:49:42.091-03:00 DEBUG 8588 --- [lab] [HikariPool-1:connection-adder] com.zaxxer.hikari.pool.HikariPool        : HikariPool-1 - Connection not added, stats (total=18/30, idle=15/10, active=3, waiting=0)
2026-09-01T17:49:42.100-03:00 DEBUG 8588 --- [lab] [HikariPool-1:connection-adder] com.zaxxer.hikari.pool.HikariPool        : HikariPool-1 - Connection not added, stats (total=18/30, idle=16/10, active=2, waiting=0)
2026-09-01T17:49:42.108-03:00 DEBUG 8588 --- [lab] [HikariPool-1:connection-adder] com.zaxxer.hikari.pool.HikariPool        : HikariPool-1 - Connection not added, stats (total=18/30, idle=14/10, active=4, waiting=0)
2026-09-01T17:49:42.110-03:00 DEBUG 8588 --- [lab] [HikariPool-1:connection-adder] com.zaxxer.hikari.pool.HikariPool        : HikariPool-1 - Connection not added, stats (total=18/30, idle=13/10, active=5, waiting=0)
2026-09-01T17:49:42.116-03:00 DEBUG 8588 --- [lab] [HikariPool-1:connection-adder] com.zaxxer.hikari.pool.HikariPool        : HikariPool-1 - Connection not added, stats (total=18/30, idle=16/10, active=2, waiting=0)
2026-09-01T17:49:42.144-03:00 DEBUG 8588 --- [lab] [HikariPool-1:connection-adder] com.zaxxer.hikari.pool.HikariPool        : HikariPool-1 - Connection not added, stats (total=18/30, idle=16/10, active=2, waiting=0)
2026-09-01T17:49:42.156-03:00 DEBUG 8588 --- [lab] [HikariPool-1:connection-adder] com.zaxxer.hikari.pool.HikariPool        : HikariPool-1 - Connection not added, stats (total=18/30, idle=13/10, active=5, waiting=0)
2026-09-01T17:49:42.161-03:00 DEBUG 8588 --- [lab] [HikariPool-1:connection-adder] com.zaxxer.hikari.pool.HikariPool        : HikariPool-1 - Connection not added, stats (total=18/30, idle=11/10, active=7, waiting=0)
2026-09-01T17:49:42.182-03:00 DEBUG 8588 --- [lab] [HikariPool-1:connection-adder] com.zaxxer.hikari.pool.HikariPool        : HikariPool-1 - Connection not added, stats (total=18/30, idle=15/10, active=3, waiting=0)
2026-09-01T17:49:42.199-03:00 DEBUG 8588 --- [lab] [HikariPool-1:connection-adder] com.zaxxer.hikari.pool.HikariPool        : HikariPool-1 - Connection not added, stats (total=18/30, idle=14/10, active=4, waiting=0)
2026-09-01T17:49:42.231-03:00 DEBUG 8588 --- [lab] [HikariPool-1:connection-adder] com.zaxxer.hikari.pool.HikariPool        : HikariPool-1 - Connection not added, stats (total=18/30, idle=16/10, active=2, waiting=0)
2026-09-01T17:49:42.265-03:00 DEBUG 8588 --- [lab] [HikariPool-1:connection-adder] com.zaxxer.hikari.pool.HikariPool        : HikariPool-1 - Connection not added, stats (total=18/30, idle=16/10, active=2, waiting=0)
2026-09-01T17:49:42.274-03:00 DEBUG 8588 --- [lab] [HikariPool-1:connection-adder] com.zaxxer.hikari.pool.HikariPool        : HikariPool-1 - Connection not added, stats (total=18/30, idle=16/10, active=2, waiting=0)
2026-09-01T17:49:42.293-03:00 DEBUG 8588 --- [lab] [HikariPool-1:connection-adder] com.zaxxer.hikari.pool.HikariPool        : HikariPool-1 - Connection not added, stats (total=18/30, idle=16/10, active=2, waiting=0)
2026-09-01T17:49:42.328-03:00 DEBUG 8588 --- [lab] [HikariPool-1:connection-adder] com.zaxxer.hikari.pool.HikariPool        : HikariPool-1 - Connection not added, stats (total=18/30, idle=15/10, active=3, waiting=0)
2026-09-01T17:49:42.332-03:00 DEBUG 8588 --- [lab] [HikariPool-1:connection-adder] com.zaxxer.hikari.pool.HikariPool        : HikariPool-1 - Connection not added, stats (total=18/30, idle=15/10, active=3, waiting=0)
2026-09-01T17:49:42.332-03:00 DEBUG 8588 --- [lab] [HikariPool-1:connection-adder] com.zaxxer.hikari.pool.HikariPool        : HikariPool-1 - Connection not added, stats (total=18/30, idle=15/10, active=3, waiting=0)
2026-09-01T17:49:42.337-03:00 DEBUG 8588 --- [lab] [HikariPool-1:connection-adder] com.zaxxer.hikari.pool.HikariPool        : HikariPool-1 - Connection not added, stats (total=18/30, idle=16/10, active=2, waiting=0)
2026-09-01T17:49:42.340-03:00 DEBUG 8588 --- [lab] [HikariPool-1:connection-adder] com.zaxxer.hikari.pool.HikariPool        : HikariPool-1 - Connection not added, stats (total=18/30, idle=13/10, active=5, waiting=0)
2026-09-01T17:49:42.388-03:00 DEBUG 8588 --- [lab] [HikariPool-1:connection-adder] com.zaxxer.hikari.pool.HikariPool        : HikariPool-1 - Connection not added, stats (total=18/30, idle=16/10, active=2, waiting=0)
2026-09-01T17:49:42.412-03:00 DEBUG 8588 --- [lab] [HikariPool-1:connection-adder] com.zaxxer.hikari.pool.HikariPool        : HikariPool-1 - Connection not added, stats (total=18/30, idle=16/10, active=2, waiting=0)
2026-09-01T17:49:42.462-03:00 DEBUG 8588 --- [lab] [HikariPool-1:connection-adder] com.zaxxer.hikari.pool.HikariPool        : HikariPool-1 - Connection not added, stats (total=18/30, idle=16/10, active=2, waiting=0)
2026-09-01T17:49:42.542-03:00 DEBUG 8588 --- [lab] [HikariPool-1:connection-adder] com.zaxxer.hikari.pool.HikariPool        : HikariPool-1 - Connection not added, stats (total=18/30, idle=15/10, active=3, waiting=0)
2026-09-01T17:49:42.581-03:00 DEBUG 8588 --- [lab] [HikariPool-1:connection-adder] com.zaxxer.hikari.pool.HikariPool        : HikariPool-1 - Connection not added, stats (total=18/30, idle=15/10, active=3, waiting=0)
2026-09-01T17:49:42.586-03:00 DEBUG 8588 --- [lab] [HikariPool-1:connection-adder] com.zaxxer.hikari.pool.HikariPool        : HikariPool-1 - Connection not added, stats (total=18/30, idle=16/10, active=2, waiting=0)
2026-09-01T17:49:42.588-03:00 DEBUG 8588 --- [lab] [HikariPool-1:connection-adder] com.zaxxer.hikari.pool.HikariPool        : HikariPool-1 - Connection not added, stats (total=18/30, idle=16/10, active=2, waiting=0)
2026-09-01T17:49:42.595-03:00 DEBUG 8588 --- [lab] [HikariPool-1:connection-adder] com.zaxxer.hikari.pool.HikariPool        : HikariPool-1 - Connection not added, stats (total=18/30, idle=16/10, active=2, waiting=0)
2026-09-01T17:49:42.618-03:00 DEBUG 8588 --- [lab] [HikariPool-1:connection-adder] com.zaxxer.hikari.pool.HikariPool        : HikariPool-1 - Connection not added, stats (total=18/30, idle=11/10, active=7, waiting=0)
2026-09-01T17:49:42.651-03:00 DEBUG 8588 --- [lab] [HikariPool-1:connection-adder] com.zaxxer.hikari.pool.HikariPool        : HikariPool-1 - Connection not added, stats (total=18/30, idle=16/10, active=2, waiting=0)
2026-09-01T17:49:42.658-03:00 DEBUG 8588 --- [lab] [HikariPool-1:connection-adder] com.zaxxer.hikari.pool.HikariPool        : HikariPool-1 - Connection not added, stats (total=18/30, idle=15/10, active=3, waiting=0)
2026-09-01T17:49:42.672-03:00 DEBUG 8588 --- [lab] [HikariPool-1:connection-adder] com.zaxxer.hikari.pool.HikariPool        : HikariPool-1 - Connection not added, stats (total=18/30, idle=15/10, active=3, waiting=0)
2026-09-01T17:49:42.675-03:00 DEBUG 8588 --- [lab] [HikariPool-1:connection-adder] com.zaxxer.hikari.pool.HikariPool        : HikariPool-1 - Connection not added, stats (total=18/30, idle=15/10, active=3, waiting=0)
2026-09-01T17:49:42.697-03:00 DEBUG 8588 --- [lab] [HikariPool-1:connection-adder] com.zaxxer.hikari.pool.HikariPool        : HikariPool-1 - Connection not added, stats (total=18/30, idle=16/10, active=2, waiting=0)
2026-09-01T17:49:42.711-03:00 DEBUG 8588 --- [lab] [HikariPool-1:connection-adder] com.zaxxer.hikari.pool.HikariPool        : HikariPool-1 - Connection not added, stats (total=18/30, idle=15/10, active=3, waiting=0)
2026-09-01T17:49:42.715-03:00 DEBUG 8588 --- [lab] [HikariPool-1:connection-adder] com.zaxxer.hikari.pool.HikariPool        : HikariPool-1 - Connection not added, stats (total=18/30, idle=16/10, active=2, waiting=0)
2026-09-01T17:49:42.776-03:00 DEBUG 8588 --- [lab] [HikariPool-1:connection-adder] com.zaxxer.hikari.pool.HikariPool        : HikariPool-1 - Connection not added, stats (total=18/30, idle=15/10, active=3, waiting=0)
2026-09-01T17:49:42.798-03:00 DEBUG 8588 --- [lab] [HikariPool-1:connection-adder] com.zaxxer.hikari.pool.HikariPool        : HikariPool-1 - Connection not added, stats (total=18/30, idle=15/10, active=3, waiting=0)
2026-09-01T17:49:42.804-03:00 DEBUG 8588 --- [lab] [HikariPool-1:connection-adder] com.zaxxer.hikari.pool.HikariPool        : HikariPool-1 - Connection not added, stats (total=18/30, idle=15/10, active=3, waiting=0)
2026-09-01T17:49:42.809-03:00 DEBUG 8588 --- [lab] [HikariPool-1:connection-adder] com.zaxxer.hikari.pool.HikariPool        : HikariPool-1 - Connection not added, stats (total=18/30, idle=15/10, active=3, waiting=0)
2026-09-01T17:49:42.813-03:00 DEBUG 8588 --- [lab] [HikariPool-1:connection-adder] com.zaxxer.hikari.pool.HikariPool        : HikariPool-1 - Connection not added, stats (total=18/30, idle=15/10, active=3, waiting=0)
2026-09-01T17:49:42.818-03:00 DEBUG 8588 --- [lab] [HikariPool-1:connection-adder] com.zaxxer.hikari.pool.HikariPool        : HikariPool-1 - Connection not added, stats (total=18/30, idle=15/10, active=3, waiting=0)
2026-09-01T17:49:42.829-03:00 DEBUG 8588 --- [lab] [HikariPool-1:connection-adder] com.zaxxer.hikari.pool.HikariPool        : HikariPool-1 - Connection not added, stats (total=18/30, idle=15/10, active=3, waiting=0)
2026-09-01T17:49:42.846-03:00 DEBUG 8588 --- [lab] [HikariPool-1:connection-adder] com.zaxxer.hikari.pool.HikariPool        : HikariPool-1 - Connection not added, stats (total=18/30, idle=15/10, active=3, waiting=0)
2026-09-01T17:49:42.866-03:00 DEBUG 8588 --- [lab] [HikariPool-1:connection-adder] com.zaxxer.hikari.pool.HikariPool        : HikariPool-1 - Connection not added, stats (total=18/30, idle=16/10, active=2, waiting=0)
2026-09-01T17:49:42.873-03:00 DEBUG 8588 --- [lab] [HikariPool-1:connection-adder] com.zaxxer.hikari.pool.HikariPool        : HikariPool-1 - Connection not added, stats (total=18/30, idle=16/10, active=2, waiting=0)
2026-09-01T17:49:42.883-03:00 DEBUG 8588 --- [lab] [HikariPool-1:connection-adder] com.zaxxer.hikari.pool.HikariPool        : HikariPool-1 - Connection not added, stats (total=18/30, idle=16/10, active=2, waiting=0)
2026-09-01T17:49:42.924-03:00 DEBUG 8588 --- [lab] [HikariPool-1:connection-adder] com.zaxxer.hikari.pool.HikariPool        : HikariPool-1 - Connection not added, stats (total=18/30, idle=15/10, active=3, waiting=0)
2026-09-01T17:49:42.925-03:00 DEBUG 8588 --- [lab] [HikariPool-1:connection-adder] com.zaxxer.hikari.pool.HikariPool        : HikariPool-1 - Connection not added, stats (total=18/30, idle=16/10, active=2, waiting=0)
2026-09-01T17:49:42.946-03:00 DEBUG 8588 --- [lab] [HikariPool-1:connection-adder] com.zaxxer.hikari.pool.HikariPool        : HikariPool-1 - Connection not added, stats (total=18/30, idle=16/10, active=2, waiting=0)
2026-09-01T17:49:42.963-03:00 DEBUG 8588 --- [lab] [HikariPool-1:connection-adder] com.zaxxer.hikari.pool.HikariPool        : HikariPool-1 - Connection not added, stats (total=18/30, idle=16/10, active=2, waiting=0)
2026-09-01T17:49:42.982-03:00 DEBUG 8588 --- [lab] [HikariPool-1:connection-adder] com.zaxxer.hikari.pool.HikariPool        : HikariPool-1 - Connection not added, stats (total=18/30, idle=16/10, active=2, waiting=0)
2026-09-01T17:49:42.993-03:00 DEBUG 8588 --- [lab] [HikariPool-1:connection-adder] com.zaxxer.hikari.pool.HikariPool        : HikariPool-1 - Connection not added, stats (total=18/30, idle=16/10, active=2, waiting=0)
2026-09-01T17:49:43.006-03:00 DEBUG 8588 --- [lab] [HikariPool-1:connection-adder] com.zaxxer.hikari.pool.HikariPool        : HikariPool-1 - Connection not added, stats (total=18/30, idle=15/10, active=3, waiting=0)
2026-09-01T17:49:43.011-03:00 DEBUG 8588 --- [lab] [HikariPool-1:connection-adder] com.zaxxer.hikari.pool.HikariPool        : HikariPool-1 - Connection not added, stats (total=18/30, idle=16/10, active=2, waiting=0)
2026-09-01T17:49:43.031-03:00 DEBUG 8588 --- [lab] [HikariPool-1:connection-adder] com.zaxxer.hikari.pool.HikariPool        : HikariPool-1 - Connection not added, stats (total=18/30, idle=12/10, active=6, waiting=0)
2026-09-01T17:49:43.077-03:00 DEBUG 8588 --- [lab] [HikariPool-1:connection-adder] com.zaxxer.hikari.pool.HikariPool        : HikariPool-1 - Connection not added, stats (total=18/30, idle=15/10, active=3, waiting=0)
2026-09-01T17:49:43.092-03:00 DEBUG 8588 --- [lab] [HikariPool-1:connection-adder] com.zaxxer.hikari.pool.HikariPool        : HikariPool-1 - Connection not added, stats (total=18/30, idle=16/10, active=2, waiting=0)
2026-09-01T17:49:43.097-03:00 DEBUG 8588 --- [lab] [HikariPool-1:connection-adder] com.zaxxer.hikari.pool.HikariPool        : HikariPool-1 - Connection not added, stats (total=18/30, idle=16/10, active=2, waiting=0)
2026-09-01T17:49:43.121-03:00 DEBUG 8588 --- [lab] [HikariPool-1:connection-adder] com.zaxxer.hikari.pool.HikariPool        : HikariPool-1 - Connection not added, stats (total=18/30, idle=15/10, active=3, waiting=0)
2026-09-01T17:49:43.125-03:00 DEBUG 8588 --- [lab] [HikariPool-1:connection-adder] com.zaxxer.hikari.pool.HikariPool        : HikariPool-1 - Connection not added, stats (total=18/30, idle=16/10, active=2, waiting=0)
2026-09-01T17:49:43.134-03:00 DEBUG 8588 --- [lab] [HikariPool-1:connection-adder] com.zaxxer.hikari.pool.HikariPool        : HikariPool-1 - Connection not added, stats (total=18/30, idle=16/10, active=2, waiting=0)
2026-09-01T17:49:43.141-03:00 DEBUG 8588 --- [lab] [HikariPool-1:connection-adder] com.zaxxer.hikari.pool.HikariPool        : HikariPool-1 - Connection not added, stats (total=18/30, idle=16/10, active=2, waiting=0)
2026-09-01T17:49:43.146-03:00 DEBUG 8588 --- [lab] [HikariPool-1:connection-adder] com.zaxxer.hikari.pool.HikariPool        : HikariPool-1 - Connection not added, stats (total=18/30, idle=16/10, active=2, waiting=0)
2026-09-01T17:49:43.148-03:00 DEBUG 8588 --- [lab] [HikariPool-1:connection-adder] com.zaxxer.hikari.pool.HikariPool        : HikariPool-1 - Connection not added, stats (total=18/30, idle=16/10, active=2, waiting=0)
2026-09-01T17:49:43.168-03:00 DEBUG 8588 --- [lab] [HikariPool-1:connection-adder] com.zaxxer.hikari.pool.HikariPool        : HikariPool-1 - Connection not added, stats (total=18/30, idle=16/10, active=2, waiting=0)
2026-09-01T17:49:43.189-03:00 DEBUG 8588 --- [lab] [HikariPool-1:connection-adder] com.zaxxer.hikari.pool.HikariPool        : HikariPool-1 - Connection not added, stats (total=18/30, idle=16/10, active=2, waiting=0)
2026-09-01T17:49:43.269-03:00 DEBUG 8588 --- [lab] [HikariPool-1:connection-adder] com.zaxxer.hikari.pool.HikariPool        : HikariPool-1 - Connection not added, stats (total=18/30, idle=10/10, active=8, waiting=0)
2026-09-01T17:49:43.303-03:00 DEBUG 8588 --- [lab] [HikariPool-1:connection-adder] com.zaxxer.hikari.pool.HikariPool        : HikariPool-1 - Connection not added, stats (total=18/30, idle=15/10, active=3, waiting=0)
2026-09-01T17:49:43.306-03:00 DEBUG 8588 --- [lab] [HikariPool-1:connection-adder] com.zaxxer.hikari.pool.HikariPool        : HikariPool-1 - Connection not added, stats (total=18/30, idle=15/10, active=3, waiting=0)
2026-09-01T17:49:43.315-03:00 DEBUG 8588 --- [lab] [HikariPool-1:connection-adder] com.zaxxer.hikari.pool.HikariPool        : HikariPool-1 - Connection not added, stats (total=18/30, idle=15/10, active=3, waiting=0)
2026-09-01T17:49:43.319-03:00 DEBUG 8588 --- [lab] [HikariPool-1:connection-adder] com.zaxxer.hikari.pool.HikariPool        : HikariPool-1 - Connection not added, stats (total=18/30, idle=15/10, active=3, waiting=0)
2026-09-01T17:49:43.323-03:00 DEBUG 8588 --- [lab] [HikariPool-1:connection-adder] com.zaxxer.hikari.pool.HikariPool        : HikariPool-1 - Connection not added, stats (total=18/30, idle=15/10, active=3, waiting=0)
2026-09-01T17:49:43.328-03:00 DEBUG 8588 --- [lab] [HikariPool-1:connection-adder] com.zaxxer.hikari.pool.HikariPool        : HikariPool-1 - Connection not added, stats (total=18/30, idle=15/10, active=3, waiting=0)
2026-09-01T17:49:43.351-03:00 DEBUG 8588 --- [lab] [HikariPool-1:connection-adder] com.zaxxer.hikari.pool.HikariPool        : HikariPool-1 - Connection not added, stats (total=18/30, idle=16/10, active=2, waiting=0)
2026-09-01T17:49:43.476-03:00 DEBUG 8588 --- [lab] [HikariPool-1:connection-adder] com.zaxxer.hikari.pool.HikariPool        : HikariPool-1 - Connection not added, stats (total=18/30, idle=16/10, active=2, waiting=0)
2026-09-01T17:49:43.486-03:00 DEBUG 8588 --- [lab] [HikariPool-1:connection-adder] com.zaxxer.hikari.pool.HikariPool        : HikariPool-1 - Connection not added, stats (total=18/30, idle=16/10, active=2, waiting=0)
2026-09-01T17:49:43.523-03:00 DEBUG 8588 --- [lab] [HikariPool-1:connection-adder] com.zaxxer.hikari.pool.HikariPool        : HikariPool-1 - Connection not added, stats (total=18/30, idle=15/10, active=3, waiting=0)
2026-09-01T17:49:43.529-03:00 DEBUG 8588 --- [lab] [HikariPool-1:connection-adder] com.zaxxer.hikari.pool.HikariPool        : HikariPool-1 - Connection not added, stats (total=18/30, idle=15/10, active=3, waiting=0)
2026-09-01T17:49:43.535-03:00 DEBUG 8588 --- [lab] [HikariPool-1:connection-adder] com.zaxxer.hikari.pool.HikariPool        : HikariPool-1 - Connection not added, stats (total=18/30, idle=16/10, active=2, waiting=0)
2026-09-01T17:49:43.541-03:00 DEBUG 8588 --- [lab] [HikariPool-1:connection-adder] com.zaxxer.hikari.pool.HikariPool        : HikariPool-1 - Connection not added, stats (total=18/30, idle=16/10, active=2, waiting=0)
2026-09-01T17:49:43.545-03:00 DEBUG 8588 --- [lab] [HikariPool-1:connection-adder] com.zaxxer.hikari.pool.HikariPool        : HikariPool-1 - Connection not added, stats (total=18/30, idle=16/10, active=2, waiting=0)
2026-09-01T17:49:43.552-03:00 DEBUG 8588 --- [lab] [HikariPool-1:connection-adder] com.zaxxer.hikari.pool.HikariPool        : HikariPool-1 - Connection not added, stats (total=18/30, idle=16/10, active=2, waiting=0)
2026-09-01T17:49:43.562-03:00 DEBUG 8588 --- [lab] [HikariPool-1:connection-adder] com.zaxxer.hikari.pool.HikariPool        : HikariPool-1 - Connection not added, stats (total=18/30, idle=16/10, active=2, waiting=0)
2026-09-01T17:49:43.597-03:00 DEBUG 8588 --- [lab] [HikariPool-1:housekeeper] com.zaxxer.hikari.pool.HikariPool        : HikariPool-1 - Before cleanup stats (total=18/30, idle=16/10, active=2, waiting=0)
2026-09-01T17:49:43.607-03:00 DEBUG 8588 --- [lab] [HikariPool-1:housekeeper] com.zaxxer.hikari.pool.HikariPool        : HikariPool-1 - After  cleanup stats (total=18/30, idle=15/10, active=3, waiting=0)
2026-09-01T17:49:43.607-03:00 DEBUG 8588 --- [lab] [HikariPool-1:housekeeper] com.zaxxer.hikari.pool.HikariPool        : HikariPool-1 - Fill pool skipped, pool has sufficient level or currently being filled.
2026-09-01T17:49:43.625-03:00 DEBUG 8588 --- [lab] [HikariPool-1:connection-adder] com.zaxxer.hikari.pool.HikariPool        : HikariPool-1 - Connection not added, stats (total=18/30, idle=15/10, active=3, waiting=0)
2026-09-01T17:49:43.631-03:00 DEBUG 8588 --- [lab] [HikariPool-1:connection-adder] com.zaxxer.hikari.pool.HikariPool        : HikariPool-1 - Connection not added, stats (total=18/30, idle=15/10, active=3, waiting=0)
2026-09-01T17:49:43.817-03:00 DEBUG 8588 --- [lab] [HikariPool-1:connection-adder] com.zaxxer.hikari.pool.HikariPool        : HikariPool-1 - Connection not added, stats (total=18/30, idle=15/10, active=3, waiting=0)
2026-09-01T17:49:43.818-03:00 DEBUG 8588 --- [lab] [HikariPool-1:connection-adder] com.zaxxer.hikari.pool.HikariPool        : HikariPool-1 - Connection not added, stats (total=18/30, idle=15/10, active=3, waiting=0)
2026-09-01T17:49:43.976-03:00 DEBUG 8588 --- [lab] [HikariPool-1:connection-adder] com.zaxxer.hikari.pool.HikariPool        : HikariPool-1 - Connection not added, stats (total=18/30, idle=15/10, active=3, waiting=0)
2026-09-01T17:49:43.994-03:00 DEBUG 8588 --- [lab] [HikariPool-1:connection-adder] com.zaxxer.hikari.pool.HikariPool        : HikariPool-1 - Connection not added, stats (total=18/30, idle=15/10, active=3, waiting=0)
2026-09-01T17:49:44.162-03:00 DEBUG 8588 --- [lab] [HikariPool-1:connection-adder] com.zaxxer.hikari.pool.HikariPool        : HikariPool-1 - Connection not added, stats (total=18/30, idle=16/10, active=2, waiting=0)
2026-09-01T17:49:44.223-03:00 DEBUG 8588 --- [lab] [HikariPool-1:connection-adder] com.zaxxer.hikari.pool.HikariPool        : HikariPool-1 - Connection not added, stats (total=18/30, idle=16/10, active=2, waiting=0)
2026-09-01T17:49:44.228-03:00 DEBUG 8588 --- [lab] [HikariPool-1:connection-adder] com.zaxxer.hikari.pool.HikariPool        : HikariPool-1 - Connection not added, stats (total=18/30, idle=17/10, active=1, waiting=0)
2026-09-01T17:49:44.248-03:00 DEBUG 8588 --- [lab] [HikariPool-1:connection-adder] com.zaxxer.hikari.pool.HikariPool        : HikariPool-1 - Connection not added, stats (total=18/30, idle=16/10, active=2, waiting=0)
2026-09-01T17:49:44.263-03:00 DEBUG 8588 --- [lab] [HikariPool-1:connection-adder] com.zaxxer.hikari.pool.HikariPool        : HikariPool-1 - Connection not added, stats (total=18/30, idle=15/10, active=3, waiting=0)
2026-09-01T17:49:44.274-03:00 DEBUG 8588 --- [lab] [HikariPool-1:connection-adder] com.zaxxer.hikari.pool.HikariPool        : HikariPool-1 - Connection not added, stats (total=18/30, idle=16/10, active=2, waiting=0)
2026-09-01T17:49:44.311-03:00 DEBUG 8588 --- [lab] [HikariPool-1:connection-adder] com.zaxxer.hikari.pool.HikariPool        : HikariPool-1 - Connection not added, stats (total=18/30, idle=16/10, active=2, waiting=0)
2026-09-01T17:49:44.314-03:00 DEBUG 8588 --- [lab] [HikariPool-1:connection-adder] com.zaxxer.hikari.pool.HikariPool        : HikariPool-1 - Connection not added, stats (total=18/30, idle=16/10, active=2, waiting=0)
2026-09-01T17:49:44.319-03:00 DEBUG 8588 --- [lab] [HikariPool-1:connection-adder] com.zaxxer.hikari.pool.HikariPool        : HikariPool-1 - Connection not added, stats (total=18/30, idle=16/10, active=2, waiting=0)
2026-09-01T17:49:44.344-03:00 DEBUG 8588 --- [lab] [HikariPool-1:connection-adder] com.zaxxer.hikari.pool.HikariPool        : HikariPool-1 - Connection not added, stats (total=18/30, idle=14/10, active=4, waiting=0)
2026-09-01T17:49:44.348-03:00 DEBUG 8588 --- [lab] [HikariPool-1:connection-adder] com.zaxxer.hikari.pool.HikariPool        : HikariPool-1 - Connection not added, stats (total=18/30, idle=15/10, active=3, waiting=0)
2026-09-01T17:49:44.353-03:00 DEBUG 8588 --- [lab] [HikariPool-1:connection-adder] com.zaxxer.hikari.pool.HikariPool        : HikariPool-1 - Connection not added, stats (total=18/30, idle=14/10, active=4, waiting=0)
2026-09-01T17:49:44.390-03:00 DEBUG 8588 --- [lab] [HikariPool-1:connection-adder] com.zaxxer.hikari.pool.HikariPool        : HikariPool-1 - Connection not added, stats (total=18/30, idle=16/10, active=2, waiting=0)
2026-09-01T17:49:44.395-03:00 DEBUG 8588 --- [lab] [HikariPool-1:connection-adder] com.zaxxer.hikari.pool.HikariPool        : HikariPool-1 - Connection not added, stats (total=18/30, idle=16/10, active=2, waiting=0)
2026-09-01T17:49:44.404-03:00 DEBUG 8588 --- [lab] [HikariPool-1:connection-adder] com.zaxxer.hikari.pool.HikariPool        : HikariPool-1 - Connection not added, stats (total=18/30, idle=15/10, active=3, waiting=0)
2026-09-01T17:49:44.410-03:00 DEBUG 8588 --- [lab] [HikariPool-1:connection-adder] com.zaxxer.hikari.pool.HikariPool        : HikariPool-1 - Connection not added, stats (total=18/30, idle=15/10, active=3, waiting=0)
2026-09-01T17:49:44.438-03:00 DEBUG 8588 --- [lab] [HikariPool-1:connection-adder] com.zaxxer.hikari.pool.HikariPool        : HikariPool-1 - Connection not added, stats (total=18/30, idle=15/10, active=3, waiting=0)
2026-09-01T17:49:44.494-03:00 DEBUG 8588 --- [lab] [HikariPool-1:connection-adder] com.zaxxer.hikari.pool.HikariPool        : HikariPool-1 - Connection not added, stats (total=18/30, idle=14/10, active=4, waiting=0)
2026-09-01T17:49:44.498-03:00 DEBUG 8588 --- [lab] [HikariPool-1:connection-adder] com.zaxxer.hikari.pool.HikariPool        : HikariPool-1 - Connection not added, stats (total=18/30, idle=14/10, active=4, waiting=0)
2026-09-01T17:49:44.500-03:00 DEBUG 8588 --- [lab] [HikariPool-1:connection-adder] com.zaxxer.hikari.pool.HikariPool        : HikariPool-1 - Connection not added, stats (total=18/30, idle=15/10, active=3, waiting=0)
2026-09-01T17:49:44.501-03:00 DEBUG 8588 --- [lab] [HikariPool-1:connection-adder] com.zaxxer.hikari.pool.HikariPool        : HikariPool-1 - Connection not added, stats (total=18/30, idle=15/10, active=3, waiting=0)
2026-09-01T17:49:44.517-03:00 DEBUG 8588 --- [lab] [HikariPool-1:connection-adder] com.zaxxer.hikari.pool.HikariPool        : HikariPool-1 - Connection not added, stats (total=18/30, idle=14/10, active=4, waiting=0)
2026-09-01T17:49:44.520-03:00 DEBUG 8588 --- [lab] [HikariPool-1:connection-adder] com.zaxxer.hikari.pool.HikariPool        : HikariPool-1 - Connection not added, stats (total=18/30, idle=13/10, active=5, waiting=0)
2026-09-01T17:49:44.522-03:00 DEBUG 8588 --- [lab] [HikariPool-1:connection-adder] com.zaxxer.hikari.pool.HikariPool        : HikariPool-1 - Connection not added, stats (total=18/30, idle=13/10, active=5, waiting=0)
2026-09-01T17:49:44.527-03:00 DEBUG 8588 --- [lab] [HikariPool-1:connection-adder] com.zaxxer.hikari.pool.HikariPool        : HikariPool-1 - Connection not added, stats (total=18/30, idle=13/10, active=5, waiting=0)
2026-09-01T17:49:44.529-03:00 DEBUG 8588 --- [lab] [HikariPool-1:connection-adder] com.zaxxer.hikari.pool.HikariPool        : HikariPool-1 - Connection not added, stats (total=18/30, idle=13/10, active=5, waiting=0)
2026-09-01T17:49:44.531-03:00 DEBUG 8588 --- [lab] [HikariPool-1:connection-adder] com.zaxxer.hikari.pool.HikariPool        : HikariPool-1 - Connection not added, stats (total=18/30, idle=14/10, active=4, waiting=0)
2026-09-01T17:49:46.605-03:00 DEBUG 8588 --- [lab] [HikariPool-1:connection-adder] com.zaxxer.hikari.pool.HikariPool        : HikariPool-1 - Connection not added, stats (total=18/30, idle=10/10, active=8, waiting=0)
2026-09-01T17:49:46.605-03:00 DEBUG 8588 --- [lab] [HikariPool-1:connection-adder] com.zaxxer.hikari.pool.HikariPool        : HikariPool-1 - Connection not added, stats (total=18/30, idle=10/10, active=8, waiting=0)
2026-09-01T17:49:46.638-03:00 DEBUG 8588 --- [lab] [HikariPool-1:connection-adder] com.zaxxer.hikari.pool.HikariPool        : HikariPool-1 - Connection not added, stats (total=18/30, idle=11/10, active=7, waiting=0)
2026-09-01T17:49:46.667-03:00 DEBUG 8588 --- [lab] [HikariPool-1:connection-adder] com.zaxxer.hikari.pool.HikariPool        : HikariPool-1 - Connection not added, stats (total=18/30, idle=16/10, active=2, waiting=0)
2026-09-01T17:49:46.679-03:00 DEBUG 8588 --- [lab] [HikariPool-1:connection-adder] com.zaxxer.hikari.pool.HikariPool        : HikariPool-1 - Connection not added, stats (total=18/30, idle=16/10, active=2, waiting=0)
2026-09-01T17:49:46.690-03:00 DEBUG 8588 --- [lab] [HikariPool-1:connection-adder] com.zaxxer.hikari.pool.HikariPool        : HikariPool-1 - Connection not added, stats (total=18/30, idle=17/10, active=1, waiting=0)
2026-09-01T17:49:46.740-03:00 DEBUG 8588 --- [lab] [HikariPool-1:connection-adder] com.zaxxer.hikari.pool.HikariPool        : HikariPool-1 - Connection not added, stats (total=18/30, idle=16/10, active=2, waiting=0)
2026-09-01T17:49:46.747-03:00 DEBUG 8588 --- [lab] [HikariPool-1:connection-adder] com.zaxxer.hikari.pool.HikariPool        : HikariPool-1 - Connection not added, stats (total=18/30, idle=16/10, active=2, waiting=0)
2026-09-01T17:49:46.771-03:00 DEBUG 8588 --- [lab] [HikariPool-1:connection-adder] com.zaxxer.hikari.pool.HikariPool        : HikariPool-1 - Connection not added, stats (total=18/30, idle=16/10, active=2, waiting=0)
2026-09-01T17:49:46.788-03:00 DEBUG 8588 --- [lab] [HikariPool-1:connection-adder] com.zaxxer.hikari.pool.HikariPool        : HikariPool-1 - Connection not added, stats (total=18/30, idle=14/10, active=4, waiting=1)
2026-09-01T17:49:46.792-03:00 DEBUG 8588 --- [lab] [HikariPool-1:connection-adder] com.zaxxer.hikari.pool.HikariPool        : HikariPool-1 - Connection not added, stats (total=18/30, idle=14/10, active=4, waiting=2)
2026-09-01T17:49:46.844-03:00 DEBUG 8588 --- [lab] [HikariPool-1:connection-adder] com.zaxxer.hikari.pool.HikariPool        : HikariPool-1 - Connection not added, stats (total=18/30, idle=15/10, active=3, waiting=0)
2026-09-01T17:49:46.861-03:00 DEBUG 8588 --- [lab] [HikariPool-1:connection-adder] com.zaxxer.hikari.pool.HikariPool        : HikariPool-1 - Connection not added, stats (total=18/30, idle=16/10, active=2, waiting=0)
2026-09-01T17:49:46.865-03:00 DEBUG 8588 --- [lab] [HikariPool-1:connection-adder] com.zaxxer.hikari.pool.HikariPool        : HikariPool-1 - Connection not added, stats (total=18/30, idle=16/10, active=2, waiting=0)
2026-09-01T17:49:46.875-03:00 DEBUG 8588 --- [lab] [HikariPool-1:connection-adder] com.zaxxer.hikari.pool.HikariPool        : HikariPool-1 - Connection not added, stats (total=18/30, idle=15/10, active=3, waiting=0)
2026-09-01T17:49:46.893-03:00 DEBUG 8588 --- [lab] [HikariPool-1:connection-adder] com.zaxxer.hikari.pool.HikariPool        : HikariPool-1 - Connection not added, stats (total=18/30, idle=16/10, active=2, waiting=0)
2026-09-01T17:49:46.898-03:00 DEBUG 8588 --- [lab] [HikariPool-1:connection-adder] com.zaxxer.hikari.pool.HikariPool        : HikariPool-1 - Connection not added, stats (total=18/30, idle=16/10, active=2, waiting=0)
2026-09-01T17:49:46.925-03:00 DEBUG 8588 --- [lab] [HikariPool-1:connection-adder] com.zaxxer.hikari.pool.HikariPool        : HikariPool-1 - Connection not added, stats (total=18/30, idle=16/10, active=2, waiting=0)
2026-09-01T17:49:46.930-03:00 DEBUG 8588 --- [lab] [HikariPool-1:connection-adder] com.zaxxer.hikari.pool.HikariPool        : HikariPool-1 - Connection not added, stats (total=18/30, idle=16/10, active=2, waiting=0)
2026-09-01T17:49:46.948-03:00 DEBUG 8588 --- [lab] [HikariPool-1:connection-adder] com.zaxxer.hikari.pool.HikariPool        : HikariPool-1 - Connection not added, stats (total=18/30, idle=15/10, active=3, waiting=0)
2026-09-01T17:49:46.964-03:00 DEBUG 8588 --- [lab] [HikariPool-1:connection-adder] com.zaxxer.hikari.pool.HikariPool        : HikariPool-1 - Connection not added, stats (total=18/30, idle=15/10, active=3, waiting=0)
2026-09-01T17:49:46.986-03:00 DEBUG 8588 --- [lab] [HikariPool-1:connection-adder] com.zaxxer.hikari.pool.HikariPool        : HikariPool-1 - Connection not added, stats (total=18/30, idle=12/10, active=6, waiting=0)
2026-09-01T17:49:46.997-03:00 DEBUG 8588 --- [lab] [HikariPool-1:connection-adder] com.zaxxer.hikari.pool.HikariPool        : HikariPool-1 - Connection not added, stats (total=18/30, idle=16/10, active=2, waiting=0)
2026-09-01T17:49:47.014-03:00 DEBUG 8588 --- [lab] [HikariPool-1:connection-adder] com.zaxxer.hikari.pool.HikariPool        : HikariPool-1 - Connection not added, stats (total=18/30, idle=15/10, active=3, waiting=0)
2026-09-01T17:49:47.025-03:00 DEBUG 8588 --- [lab] [HikariPool-1:connection-adder] com.zaxxer.hikari.pool.HikariPool        : HikariPool-1 - Connection not added, stats (total=18/30, idle=14/10, active=4, waiting=0)
2026-09-01T17:49:47.030-03:00 DEBUG 8588 --- [lab] [HikariPool-1:connection-adder] com.zaxxer.hikari.pool.HikariPool        : HikariPool-1 - Connection not added, stats (total=18/30, idle=15/10, active=3, waiting=0)
2026-09-01T17:49:47.098-03:00 DEBUG 8588 --- [lab] [HikariPool-1:connection-adder] com.zaxxer.hikari.pool.HikariPool        : HikariPool-1 - Connection not added, stats (total=18/30, idle=15/10, active=3, waiting=0)
2026-09-01T17:49:47.136-03:00 DEBUG 8588 --- [lab] [HikariPool-1:connection-adder] com.zaxxer.hikari.pool.HikariPool        : HikariPool-1 - Connection not added, stats (total=18/30, idle=16/10, active=2, waiting=0)
2026-09-01T17:49:47.167-03:00 DEBUG 8588 --- [lab] [HikariPool-1:connection-adder] com.zaxxer.hikari.pool.HikariPool        : HikariPool-1 - Connection not added, stats (total=18/30, idle=16/10, active=2, waiting=0)
2026-09-01T17:49:47.215-03:00 DEBUG 8588 --- [lab] [HikariPool-1:connection-adder] com.zaxxer.hikari.pool.HikariPool        : HikariPool-1 - Connection not added, stats (total=18/30, idle=15/10, active=3, waiting=0)
2026-09-01T17:49:47.220-03:00 DEBUG 8588 --- [lab] [HikariPool-1:connection-adder] com.zaxxer.hikari.pool.HikariPool        : HikariPool-1 - Connection not added, stats (total=18/30, idle=16/10, active=2, waiting=0)
2026-09-01T17:49:47.389-03:00 DEBUG 8588 --- [lab] [HikariPool-1:connection-adder] com.zaxxer.hikari.pool.HikariPool        : HikariPool-1 - Connection not added, stats (total=18/30, idle=15/10, active=3, waiting=0)
2026-09-01T17:49:47.600-03:00 DEBUG 8588 --- [lab] [HikariPool-1:connection-adder] com.zaxxer.hikari.pool.HikariPool        : HikariPool-1 - Connection not added, stats (total=18/30, idle=16/10, active=2, waiting=0)
2026-09-01T17:49:47.749-03:00 DEBUG 8588 --- [lab] [HikariPool-1:connection-adder] com.zaxxer.hikari.pool.HikariPool        : HikariPool-1 - Connection not added, stats (total=18/30, idle=16/10, active=2, waiting=0)
2026-09-01T17:49:47.963-03:00 DEBUG 8588 --- [lab] [HikariPool-1:connection-adder] com.zaxxer.hikari.pool.HikariPool        : HikariPool-1 - Connection not added, stats (total=18/30, idle=16/10, active=2, waiting=0)
2026-09-01T17:49:47.970-03:00 DEBUG 8588 --- [lab] [HikariPool-1:connection-adder] com.zaxxer.hikari.pool.HikariPool        : HikariPool-1 - Connection not added, stats (total=18/30, idle=17/10, active=1, waiting=0)
2026-09-01T17:49:47.983-03:00 DEBUG 8588 --- [lab] [HikariPool-1:connection-adder] com.zaxxer.hikari.pool.HikariPool        : HikariPool-1 - Connection not added, stats (total=18/30, idle=15/10, active=3, waiting=0)
2026-09-01T17:49:47.986-03:00 DEBUG 8588 --- [lab] [HikariPool-1:connection-adder] com.zaxxer.hikari.pool.HikariPool        : HikariPool-1 - Connection not added, stats (total=18/30, idle=15/10, active=3, waiting=0)
2026-09-01T17:49:48.029-03:00 DEBUG 8588 --- [lab] [HikariPool-1:connection-adder] com.zaxxer.hikari.pool.HikariPool        : HikariPool-1 - Connection not added, stats (total=18/30, idle=15/10, active=3, waiting=0)
2026-09-01T17:49:48.034-03:00 DEBUG 8588 --- [lab] [HikariPool-1:connection-adder] com.zaxxer.hikari.pool.HikariPool        : HikariPool-1 - Connection not added, stats (total=18/30, idle=16/10, active=2, waiting=0)
2026-09-01T17:49:48.046-03:00 DEBUG 8588 --- [lab] [HikariPool-1:connection-adder] com.zaxxer.hikari.pool.HikariPool        : HikariPool-1 - Connection not added, stats (total=18/30, idle=17/10, active=1, waiting=0)
2026-09-01T17:49:48.126-03:00 DEBUG 8588 --- [lab] [HikariPool-1:connection-adder] com.zaxxer.hikari.pool.HikariPool        : HikariPool-1 - Connection not added, stats (total=18/30, idle=15/10, active=3, waiting=0)
2026-09-01T17:49:48.129-03:00 DEBUG 8588 --- [lab] [HikariPool-1:connection-adder] com.zaxxer.hikari.pool.HikariPool        : HikariPool-1 - Connection not added, stats (total=18/30, idle=14/10, active=4, waiting=0)
2026-09-01T17:49:48.129-03:00 DEBUG 8588 --- [lab] [HikariPool-1:connection-adder] com.zaxxer.hikari.pool.HikariPool        : HikariPool-1 - Connection not added, stats (total=18/30, idle=14/10, active=4, waiting=0)
2026-09-01T17:49:48.131-03:00 DEBUG 8588 --- [lab] [HikariPool-1:connection-adder] com.zaxxer.hikari.pool.HikariPool        : HikariPool-1 - Connection not added, stats (total=18/30, idle=14/10, active=4, waiting=0)
2026-09-01T17:49:48.143-03:00 DEBUG 8588 --- [lab] [HikariPool-1:connection-adder] com.zaxxer.hikari.pool.HikariPool        : HikariPool-1 - Connection not added, stats (total=18/30, idle=14/10, active=4, waiting=0)
2026-09-01T17:49:48.145-03:00 DEBUG 8588 --- [lab] [HikariPool-1:connection-adder] com.zaxxer.hikari.pool.HikariPool        : HikariPool-1 - Connection not added, stats (total=18/30, idle=14/10, active=4, waiting=0)
2026-09-01T17:49:48.165-03:00 DEBUG 8588 --- [lab] [HikariPool-1:connection-adder] com.zaxxer.hikari.pool.HikariPool        : HikariPool-1 - Connection not added, stats (total=18/30, idle=14/10, active=4, waiting=0)
2026-09-01T17:49:48.171-03:00 DEBUG 8588 --- [lab] [HikariPool-1:connection-adder] com.zaxxer.hikari.pool.HikariPool        : HikariPool-1 - Connection not added, stats (total=18/30, idle=13/10, active=5, waiting=0)
2026-09-01T17:49:48.182-03:00 DEBUG 8588 --- [lab] [HikariPool-1:connection-adder] com.zaxxer.hikari.pool.HikariPool        : HikariPool-1 - Connection not added, stats (total=18/30, idle=14/10, active=4, waiting=0)
2026-09-01T17:49:48.184-03:00 DEBUG 8588 --- [lab] [HikariPool-1:connection-adder] com.zaxxer.hikari.pool.HikariPool        : HikariPool-1 - Connection not added, stats (total=18/30, idle=14/10, active=4, waiting=0)
2026-09-01T17:49:48.200-03:00 DEBUG 8588 --- [lab] [HikariPool-1:connection-adder] com.zaxxer.hikari.pool.HikariPool        : HikariPool-1 - Connection not added, stats (total=18/30, idle=14/10, active=4, waiting=0)
2026-09-01T17:49:48.205-03:00 DEBUG 8588 --- [lab] [HikariPool-1:connection-adder] com.zaxxer.hikari.pool.HikariPool        : HikariPool-1 - Connection not added, stats (total=18/30, idle=13/10, active=5, waiting=0)
2026-09-01T17:49:48.213-03:00 DEBUG 8588 --- [lab] [HikariPool-1:connection-adder] com.zaxxer.hikari.pool.HikariPool        : HikariPool-1 - Connection not added, stats (total=18/30, idle=14/10, active=4, waiting=0)
2026-09-01T17:49:48.232-03:00 DEBUG 8588 --- [lab] [HikariPool-1:connection-adder] com.zaxxer.hikari.pool.HikariPool        : HikariPool-1 - Connection not added, stats (total=18/30, idle=16/10, active=2, waiting=0)
2026-09-01T17:49:50.021-03:00 DEBUG 8588 --- [lab] [HikariPool-1:connection-adder] com.zaxxer.hikari.pool.HikariPool        : HikariPool-1 - Connection not added, stats (total=18/30, idle=16/10, active=2, waiting=0)
2026-09-01T17:49:50.021-03:00 DEBUG 8588 --- [lab] [HikariPool-1:connection-adder] com.zaxxer.hikari.pool.HikariPool        : HikariPool-1 - Connection not added, stats (total=18/30, idle=17/10, active=1, waiting=0)
2026-09-01T17:49:50.054-03:00 DEBUG 8588 --- [lab] [HikariPool-1:connection-adder] com.zaxxer.hikari.pool.HikariPool        : HikariPool-1 - Connection not added, stats (total=18/30, idle=16/10, active=2, waiting=0)
2026-09-01T17:49:50.059-03:00 DEBUG 8588 --- [lab] [HikariPool-1:connection-adder] com.zaxxer.hikari.pool.HikariPool        : HikariPool-1 - Connection not added, stats (total=18/30, idle=15/10, active=3, waiting=0)
2026-09-01T17:49:50.061-03:00 DEBUG 8588 --- [lab] [HikariPool-1:connection-adder] com.zaxxer.hikari.pool.HikariPool        : HikariPool-1 - Connection not added, stats (total=18/30, idle=16/10, active=2, waiting=0)
2026-09-01T17:49:50.082-03:00 DEBUG 8588 --- [lab] [HikariPool-1:connection-adder] com.zaxxer.hikari.pool.HikariPool        : HikariPool-1 - Connection not added, stats (total=18/30, idle=16/10, active=2, waiting=0)
2026-09-01T17:49:50.087-03:00 DEBUG 8588 --- [lab] [HikariPool-1:connection-adder] com.zaxxer.hikari.pool.HikariPool        : HikariPool-1 - Connection not added, stats (total=18/30, idle=15/10, active=3, waiting=0)
2026-09-01T17:49:50.109-03:00 DEBUG 8588 --- [lab] [HikariPool-1:connection-adder] com.zaxxer.hikari.pool.HikariPool        : HikariPool-1 - Connection not added, stats (total=18/30, idle=15/10, active=3, waiting=0)
2026-09-01T17:49:50.110-03:00 DEBUG 8588 --- [lab] [HikariPool-1:connection-adder] com.zaxxer.hikari.pool.HikariPool        : HikariPool-1 - Connection not added, stats (total=18/30, idle=15/10, active=3, waiting=0)
2026-09-01T17:49:50.120-03:00 DEBUG 8588 --- [lab] [HikariPool-1:connection-adder] com.zaxxer.hikari.pool.HikariPool        : HikariPool-1 - Connection not added, stats (total=18/30, idle=16/10, active=2, waiting=0)
2026-09-01T17:49:50.123-03:00 DEBUG 8588 --- [lab] [HikariPool-1:connection-adder] com.zaxxer.hikari.pool.HikariPool        : HikariPool-1 - Connection not added, stats (total=18/30, idle=15/10, active=3, waiting=0)
2026-09-01T17:49:50.136-03:00 DEBUG 8588 --- [lab] [HikariPool-1:connection-adder] com.zaxxer.hikari.pool.HikariPool        : HikariPool-1 - Connection not added, stats (total=18/30, idle=16/10, active=2, waiting=0)
2026-09-01T17:49:50.141-03:00 DEBUG 8588 --- [lab] [HikariPool-1:connection-adder] com.zaxxer.hikari.pool.HikariPool        : HikariPool-1 - Connection not added, stats (total=18/30, idle=14/10, active=4, waiting=0)
2026-09-01T17:49:50.141-03:00 DEBUG 8588 --- [lab] [HikariPool-1:connection-adder] com.zaxxer.hikari.pool.HikariPool        : HikariPool-1 - Connection not added, stats (total=18/30, idle=14/10, active=4, waiting=0)
2026-09-01T17:49:50.146-03:00 DEBUG 8588 --- [lab] [HikariPool-1:connection-adder] com.zaxxer.hikari.pool.HikariPool        : HikariPool-1 - Connection not added, stats (total=18/30, idle=14/10, active=4, waiting=0)
2026-09-01T17:49:50.165-03:00 DEBUG 8588 --- [lab] [HikariPool-1:connection-adder] com.zaxxer.hikari.pool.HikariPool        : HikariPool-1 - Connection not added, stats (total=18/30, idle=14/10, active=4, waiting=0)
2026-09-01T17:49:50.203-03:00 DEBUG 8588 --- [lab] [HikariPool-1:connection-adder] com.zaxxer.hikari.pool.HikariPool        : HikariPool-1 - Connection not added, stats (total=18/30, idle=15/10, active=3, waiting=0)
2026-09-01T17:49:50.209-03:00 DEBUG 8588 --- [lab] [HikariPool-1:connection-adder] com.zaxxer.hikari.pool.HikariPool        : HikariPool-1 - Connection not added, stats (total=18/30, idle=14/10, active=4, waiting=0)
2026-09-01T17:49:50.280-03:00 DEBUG 8588 --- [lab] [HikariPool-1:connection-adder] com.zaxxer.hikari.pool.HikariPool        : HikariPool-1 - Connection not added, stats (total=18/30, idle=16/10, active=2, waiting=0)
2026-09-01T17:49:50.293-03:00 DEBUG 8588 --- [lab] [HikariPool-1:connection-adder] com.zaxxer.hikari.pool.HikariPool        : HikariPool-1 - Connection not added, stats (total=18/30, idle=16/10, active=2, waiting=0)
2026-09-01T17:49:50.301-03:00 DEBUG 8588 --- [lab] [HikariPool-1:connection-adder] com.zaxxer.hikari.pool.HikariPool        : HikariPool-1 - Connection not added, stats (total=18/30, idle=14/10, active=4, waiting=0)
2026-09-01T17:49:50.314-03:00 DEBUG 8588 --- [lab] [HikariPool-1:connection-adder] com.zaxxer.hikari.pool.HikariPool        : HikariPool-1 - Connection not added, stats (total=18/30, idle=14/10, active=4, waiting=0)
2026-09-01T17:49:50.317-03:00 DEBUG 8588 --- [lab] [HikariPool-1:connection-adder] com.zaxxer.hikari.pool.HikariPool        : HikariPool-1 - Connection not added, stats (total=18/30, idle=14/10, active=4, waiting=0)
2026-09-01T17:49:50.325-03:00 DEBUG 8588 --- [lab] [HikariPool-1:connection-adder] com.zaxxer.hikari.pool.HikariPool        : HikariPool-1 - Connection not added, stats (total=18/30, idle=16/10, active=2, waiting=0)
2026-09-01T17:49:50.332-03:00 DEBUG 8588 --- [lab] [HikariPool-1:connection-adder] com.zaxxer.hikari.pool.HikariPool        : HikariPool-1 - Connection not added, stats (total=18/30, idle=15/10, active=3, waiting=0)
2026-09-01T17:49:50.535-03:00 DEBUG 8588 --- [lab] [HikariPool-1:connection-adder] com.zaxxer.hikari.pool.HikariPool        : HikariPool-1 - Connection not added, stats (total=18/30, idle=15/10, active=3, waiting=0)
2026-09-01T17:49:50.539-03:00 DEBUG 8588 --- [lab] [HikariPool-1:connection-adder] com.zaxxer.hikari.pool.HikariPool        : HikariPool-1 - Connection not added, stats (total=18/30, idle=15/10, active=3, waiting=0)
2026-09-01T17:49:50.540-03:00 DEBUG 8588 --- [lab] [HikariPool-1:connection-adder] com.zaxxer.hikari.pool.HikariPool        : HikariPool-1 - Connection not added, stats (total=18/30, idle=16/10, active=2, waiting=0)
2026-09-01T17:49:50.608-03:00 DEBUG 8588 --- [lab] [HikariPool-1:connection-adder] com.zaxxer.hikari.pool.HikariPool        : HikariPool-1 - Connection not added, stats (total=18/30, idle=15/10, active=3, waiting=0)
2026-09-01T17:49:50.617-03:00 DEBUG 8588 --- [lab] [HikariPool-1:connection-adder] com.zaxxer.hikari.pool.HikariPool        : HikariPool-1 - Connection not added, stats (total=18/30, idle=14/10, active=4, waiting=0)
2026-09-01T17:49:50.618-03:00 DEBUG 8588 --- [lab] [HikariPool-1:connection-adder] com.zaxxer.hikari.pool.HikariPool        : HikariPool-1 - Connection not added, stats (total=18/30, idle=14/10, active=4, waiting=0)
2026-09-01T17:49:50.631-03:00 DEBUG 8588 --- [lab] [HikariPool-1:connection-adder] com.zaxxer.hikari.pool.HikariPool        : HikariPool-1 - Connection not added, stats (total=18/30, idle=14/10, active=4, waiting=0)
2026-09-01T17:49:50.631-03:00 DEBUG 8588 --- [lab] [HikariPool-1:connection-adder] com.zaxxer.hikari.pool.HikariPool        : HikariPool-1 - Connection not added, stats (total=18/30, idle=14/10, active=4, waiting=0)
2026-09-01T17:49:50.637-03:00 DEBUG 8588 --- [lab] [HikariPool-1:connection-adder] com.zaxxer.hikari.pool.HikariPool        : HikariPool-1 - Connection not added, stats (total=18/30, idle=15/10, active=3, waiting=0)
2026-09-01T17:49:50.660-03:00 DEBUG 8588 --- [lab] [HikariPool-1:connection-adder] com.zaxxer.hikari.pool.HikariPool        : HikariPool-1 - Connection not added, stats (total=18/30, idle=14/10, active=4, waiting=0)
2026-09-01T17:49:50.660-03:00 DEBUG 8588 --- [lab] [HikariPool-1:connection-adder] com.zaxxer.hikari.pool.HikariPool        : HikariPool-1 - Connection not added, stats (total=18/30, idle=14/10, active=4, waiting=0)
2026-09-01T17:49:50.669-03:00 DEBUG 8588 --- [lab] [HikariPool-1:connection-adder] com.zaxxer.hikari.pool.HikariPool        : HikariPool-1 - Connection not added, stats (total=18/30, idle=14/10, active=4, waiting=0)
2026-09-01T17:49:50.754-03:00 DEBUG 8588 --- [lab] [HikariPool-1:connection-adder] com.zaxxer.hikari.pool.HikariPool        : HikariPool-1 - Connection not added, stats (total=18/30, idle=16/10, active=2, waiting=0)
2026-09-01T17:49:50.758-03:00 DEBUG 8588 --- [lab] [HikariPool-1:connection-adder] com.zaxxer.hikari.pool.HikariPool        : HikariPool-1 - Connection not added, stats (total=18/30, idle=14/10, active=4, waiting=0)
2026-09-01T17:49:50.766-03:00 DEBUG 8588 --- [lab] [HikariPool-1:connection-adder] com.zaxxer.hikari.pool.HikariPool        : HikariPool-1 - Connection not added, stats (total=18/30, idle=15/10, active=3, waiting=0)
2026-09-01T17:49:50.775-03:00 DEBUG 8588 --- [lab] [HikariPool-1:connection-adder] com.zaxxer.hikari.pool.HikariPool        : HikariPool-1 - Connection not added, stats (total=18/30, idle=15/10, active=3, waiting=0)
2026-09-01T17:49:50.805-03:00 DEBUG 8588 --- [lab] [HikariPool-1:connection-adder] com.zaxxer.hikari.pool.HikariPool        : HikariPool-1 - Connection not added, stats (total=18/30, idle=14/10, active=4, waiting=0)
2026-09-01T17:49:50.806-03:00 DEBUG 8588 --- [lab] [HikariPool-1:connection-adder] com.zaxxer.hikari.pool.HikariPool        : HikariPool-1 - Connection not added, stats (total=18/30, idle=15/10, active=3, waiting=0)
2026-09-01T17:49:50.818-03:00 DEBUG 8588 --- [lab] [HikariPool-1:connection-adder] com.zaxxer.hikari.pool.HikariPool        : HikariPool-1 - Connection not added, stats (total=18/30, idle=15/10, active=3, waiting=0)
2026-09-01T17:49:50.825-03:00 DEBUG 8588 --- [lab] [HikariPool-1:connection-adder] com.zaxxer.hikari.pool.HikariPool        : HikariPool-1 - Connection not added, stats (total=18/30, idle=16/10, active=2, waiting=0)
2026-09-01T17:49:50.837-03:00 DEBUG 8588 --- [lab] [HikariPool-1:connection-adder] com.zaxxer.hikari.pool.HikariPool        : HikariPool-1 - Connection not added, stats (total=18/30, idle=16/10, active=2, waiting=0)
2026-09-01T17:49:50.841-03:00 DEBUG 8588 --- [lab] [HikariPool-1:connection-adder] com.zaxxer.hikari.pool.HikariPool        : HikariPool-1 - Connection not added, stats (total=18/30, idle=15/10, active=2, waiting=0)
2026-09-01T17:49:50.850-03:00 DEBUG 8588 --- [lab] [HikariPool-1:connection-adder] com.zaxxer.hikari.pool.HikariPool        : HikariPool-1 - Connection not added, stats (total=18/30, idle=16/10, active=2, waiting=0)
2026-09-01T17:49:50.854-03:00 DEBUG 8588 --- [lab] [HikariPool-1:connection-adder] com.zaxxer.hikari.pool.HikariPool        : HikariPool-1 - Connection not added, stats (total=18/30, idle=15/10, active=3, waiting=0)
2026-09-01T17:49:50.931-03:00 DEBUG 8588 --- [lab] [HikariPool-1:connection-adder] com.zaxxer.hikari.pool.HikariPool        : HikariPool-1 - Connection not added, stats (total=18/30, idle=16/10, active=2, waiting=0)
2026-09-01T17:49:50.933-03:00 DEBUG 8588 --- [lab] [HikariPool-1:connection-adder] com.zaxxer.hikari.pool.HikariPool        : HikariPool-1 - Connection not added, stats (total=18/30, idle=15/10, active=3, waiting=0)
2026-09-01T17:49:50.938-03:00 DEBUG 8588 --- [lab] [HikariPool-1:connection-adder] com.zaxxer.hikari.pool.HikariPool        : HikariPool-1 - Connection not added, stats (total=18/30, idle=16/10, active=2, waiting=0)
2026-09-01T17:49:50.942-03:00 DEBUG 8588 --- [lab] [HikariPool-1:connection-adder] com.zaxxer.hikari.pool.HikariPool        : HikariPool-1 - Connection not added, stats (total=18/30, idle=15/10, active=3, waiting=0)
2026-09-01T17:49:50.942-03:00 DEBUG 8588 --- [lab] [HikariPool-1:connection-adder] com.zaxxer.hikari.pool.HikariPool        : HikariPool-1 - Connection not added, stats (total=18/30, idle=15/10, active=3, waiting=0)
2026-09-01T17:49:50.943-03:00 DEBUG 8588 --- [lab] [HikariPool-1:connection-adder] com.zaxxer.hikari.pool.HikariPool        : HikariPool-1 - Connection not added, stats (total=18/30, idle=15/10, active=3, waiting=0)
2026-09-01T17:49:50.944-03:00 DEBUG 8588 --- [lab] [HikariPool-1:connection-adder] com.zaxxer.hikari.pool.HikariPool        : HikariPool-1 - Connection not added, stats (total=18/30, idle=15/10, active=3, waiting=0)
2026-09-01T17:49:50.947-03:00 DEBUG 8588 --- [lab] [HikariPool-1:connection-adder] com.zaxxer.hikari.pool.HikariPool        : HikariPool-1 - Connection not added, stats (total=18/30, idle=15/10, active=3, waiting=0)
2026-09-01T17:49:50.951-03:00 DEBUG 8588 --- [lab] [HikariPool-1:connection-adder] com.zaxxer.hikari.pool.HikariPool        : HikariPool-1 - Connection not added, stats (total=18/30, idle=15/10, active=3, waiting=0)
2026-09-01T17:49:50.986-03:00 DEBUG 8588 --- [lab] [HikariPool-1:connection-adder] com.zaxxer.hikari.pool.HikariPool        : HikariPool-1 - Connection not added, stats (total=18/30, idle=15/10, active=3, waiting=0)
2026-09-01T17:49:50.991-03:00 DEBUG 8588 --- [lab] [HikariPool-1:connection-adder] com.zaxxer.hikari.pool.HikariPool        : HikariPool-1 - Connection not added, stats (total=18/30, idle=16/10, active=2, waiting=0)
2026-09-01T17:49:51.004-03:00 DEBUG 8588 --- [lab] [HikariPool-1:connection-adder] com.zaxxer.hikari.pool.HikariPool        : HikariPool-1 - Connection not added, stats (total=18/30, idle=15/10, active=3, waiting=0)
2026-09-01T17:49:51.021-03:00 DEBUG 8588 --- [lab] [HikariPool-1:connection-adder] com.zaxxer.hikari.pool.HikariPool        : HikariPool-1 - Connection not added, stats (total=18/30, idle=17/10, active=1, waiting=0)
2026-09-01T17:49:51.031-03:00 DEBUG 8588 --- [lab] [HikariPool-1:connection-adder] com.zaxxer.hikari.pool.HikariPool        : HikariPool-1 - Connection not added, stats (total=18/30, idle=16/10, active=2, waiting=0)
2026-09-01T17:49:51.053-03:00 DEBUG 8588 --- [lab] [HikariPool-1:connection-adder] com.zaxxer.hikari.pool.HikariPool        : HikariPool-1 - Connection not added, stats (total=18/30, idle=16/10, active=2, waiting=0)
2026-09-01T17:49:51.083-03:00 DEBUG 8588 --- [lab] [HikariPool-1:connection-adder] com.zaxxer.hikari.pool.HikariPool        : HikariPool-1 - Connection not added, stats (total=18/30, idle=16/10, active=2, waiting=0)
2026-09-01T17:49:51.090-03:00 DEBUG 8588 --- [lab] [HikariPool-1:connection-adder] com.zaxxer.hikari.pool.HikariPool        : HikariPool-1 - Connection not added, stats (total=18/30, idle=15/10, active=3, waiting=0)
2026-09-01T17:49:51.116-03:00 DEBUG 8588 --- [lab] [HikariPool-1:connection-adder] com.zaxxer.hikari.pool.HikariPool        : HikariPool-1 - Connection not added, stats (total=18/30, idle=16/10, active=2, waiting=0)
2026-09-01T17:49:51.127-03:00 DEBUG 8588 --- [lab] [HikariPool-1:connection-adder] com.zaxxer.hikari.pool.HikariPool        : HikariPool-1 - Connection not added, stats (total=18/30, idle=15/10, active=3, waiting=0)
2026-09-01T17:49:51.137-03:00 DEBUG 8588 --- [lab] [HikariPool-1:connection-adder] com.zaxxer.hikari.pool.HikariPool        : HikariPool-1 - Connection not added, stats (total=18/30, idle=16/10, active=2, waiting=0)
2026-09-01T17:49:51.158-03:00 DEBUG 8588 --- [lab] [HikariPool-1:connection-adder] com.zaxxer.hikari.pool.HikariPool        : HikariPool-1 - Connection not added, stats (total=18/30, idle=15/10, active=3, waiting=0)
2026-09-01T17:49:51.164-03:00 DEBUG 8588 --- [lab] [HikariPool-1:connection-adder] com.zaxxer.hikari.pool.HikariPool        : HikariPool-1 - Connection not added, stats (total=18/30, idle=15/10, active=3, waiting=0)
2026-09-01T17:49:51.169-03:00 DEBUG 8588 --- [lab] [HikariPool-1:connection-adder] com.zaxxer.hikari.pool.HikariPool        : HikariPool-1 - Connection not added, stats (total=18/30, idle=15/10, active=3, waiting=0)
2026-09-01T17:49:51.175-03:00 DEBUG 8588 --- [lab] [HikariPool-1:connection-adder] com.zaxxer.hikari.pool.HikariPool        : HikariPool-1 - Connection not added, stats (total=18/30, idle=15/10, active=3, waiting=0)
2026-09-01T17:49:51.280-03:00 DEBUG 8588 --- [lab] [HikariPool-1:connection-adder] com.zaxxer.hikari.pool.HikariPool        : HikariPool-1 - Connection not added, stats (total=18/30, idle=15/10, active=3, waiting=0)
2026-09-01T17:49:51.283-03:00 DEBUG 8588 --- [lab] [HikariPool-1:connection-adder] com.zaxxer.hikari.pool.HikariPool        : HikariPool-1 - Connection not added, stats (total=18/30, idle=14/10, active=4, waiting=0)
2026-09-01T17:49:51.284-03:00 DEBUG 8588 --- [lab] [HikariPool-1:connection-adder] com.zaxxer.hikari.pool.HikariPool        : HikariPool-1 - Connection not added, stats (total=18/30, idle=14/10, active=4, waiting=0)
2026-09-01T17:49:51.292-03:00 DEBUG 8588 --- [lab] [HikariPool-1:connection-adder] com.zaxxer.hikari.pool.HikariPool        : HikariPool-1 - Connection not added, stats (total=18/30, idle=15/10, active=3, waiting=0)
2026-09-01T17:49:51.293-03:00 DEBUG 8588 --- [lab] [HikariPool-1:connection-adder] com.zaxxer.hikari.pool.HikariPool        : HikariPool-1 - Connection not added, stats (total=18/30, idle=15/10, active=3, waiting=0)
2026-09-01T17:49:51.307-03:00 DEBUG 8588 --- [lab] [HikariPool-1:connection-adder] com.zaxxer.hikari.pool.HikariPool        : HikariPool-1 - Connection not added, stats (total=18/30, idle=14/10, active=4, waiting=0)
2026-09-01T17:49:51.318-03:00 DEBUG 8588 --- [lab] [HikariPool-1:connection-adder] com.zaxxer.hikari.pool.HikariPool        : HikariPool-1 - Connection not added, stats (total=18/30, idle=15/10, active=3, waiting=0)
2026-09-01T17:49:51.341-03:00 DEBUG 8588 --- [lab] [HikariPool-1:connection-adder] com.zaxxer.hikari.pool.HikariPool        : HikariPool-1 - Connection not added, stats (total=18/30, idle=14/10, active=4, waiting=0)
2026-09-01T17:49:52.532-03:00 DEBUG 8588 --- [lab] [HikariPool-1:connection-adder] com.zaxxer.hikari.pool.HikariPool        : HikariPool-1 - Connection not added, stats (total=18/30, idle=18/10, active=0, waiting=0)
2026-09-01T17:49:52.532-03:00 DEBUG 8588 --- [lab] [HikariPool-1:connection-adder] com.zaxxer.hikari.pool.HikariPool        : HikariPool-1 - Connection not added, stats (total=18/30, idle=18/10, active=0, waiting=0)
2026-09-01T17:49:52.532-03:00 DEBUG 8588 --- [lab] [HikariPool-1:connection-adder] com.zaxxer.hikari.pool.HikariPool        : HikariPool-1 - Connection not added, stats (total=18/30, idle=18/10, active=0, waiting=0)
2026-09-01T17:49:52.689-03:00 DEBUG 8588 --- [lab] [HikariPool-1:connection-adder] com.zaxxer.hikari.pool.HikariPool        : HikariPool-1 - Connection not added, stats (total=18/30, idle=16/10, active=2, waiting=0)
2026-09-01T17:49:52.693-03:00 DEBUG 8588 --- [lab] [HikariPool-1:connection-adder] com.zaxxer.hikari.pool.HikariPool        : HikariPool-1 - Connection not added, stats (total=18/30, idle=16/10, active=2, waiting=0)
2026-09-01T17:49:52.701-03:00 DEBUG 8588 --- [lab] [HikariPool-1:connection-adder] com.zaxxer.hikari.pool.HikariPool        : HikariPool-1 - Connection not added, stats (total=18/30, idle=15/10, active=3, waiting=0)
2026-09-01T17:49:52.705-03:00 DEBUG 8588 --- [lab] [HikariPool-1:connection-adder] com.zaxxer.hikari.pool.HikariPool        : HikariPool-1 - Connection not added, stats (total=18/30, idle=15/10, active=3, waiting=0)
2026-09-01T17:49:52.714-03:00 DEBUG 8588 --- [lab] [HikariPool-1:connection-adder] com.zaxxer.hikari.pool.HikariPool        : HikariPool-1 - Connection not added, stats (total=18/30, idle=16/10, active=2, waiting=0)
2026-09-01T17:49:52.720-03:00 DEBUG 8588 --- [lab] [HikariPool-1:connection-adder] com.zaxxer.hikari.pool.HikariPool        : HikariPool-1 - Connection not added, stats (total=18/30, idle=15/10, active=3, waiting=0)
2026-09-01T17:49:52.723-03:00 DEBUG 8588 --- [lab] [HikariPool-1:connection-adder] com.zaxxer.hikari.pool.HikariPool        : HikariPool-1 - Connection not added, stats (total=18/30, idle=15/10, active=3, waiting=0)
2026-09-01T17:49:52.729-03:00 DEBUG 8588 --- [lab] [HikariPool-1:connection-adder] com.zaxxer.hikari.pool.HikariPool        : HikariPool-1 - Connection not added, stats (total=18/30, idle=16/10, active=2, waiting=0)
2026-09-01T17:49:52.732-03:00 DEBUG 8588 --- [lab] [HikariPool-1:connection-adder] com.zaxxer.hikari.pool.HikariPool        : HikariPool-1 - Connection not added, stats (total=18/30, idle=15/10, active=3, waiting=0)
2026-09-01T17:49:52.738-03:00 DEBUG 8588 --- [lab] [HikariPool-1:connection-adder] com.zaxxer.hikari.pool.HikariPool        : HikariPool-1 - Connection not added, stats (total=18/30, idle=14/10, active=4, waiting=0)
2026-09-01T17:49:52.746-03:00 DEBUG 8588 --- [lab] [HikariPool-1:connection-adder] com.zaxxer.hikari.pool.HikariPool        : HikariPool-1 - Connection not added, stats (total=18/30, idle=15/10, active=3, waiting=0)
2026-09-01T17:49:52.746-03:00 DEBUG 8588 --- [lab] [HikariPool-1:connection-adder] com.zaxxer.hikari.pool.HikariPool        : HikariPool-1 - Connection not added, stats (total=18/30, idle=15/10, active=3, waiting=0)
2026-09-01T17:49:52.771-03:00 DEBUG 8588 --- [lab] [HikariPool-1:connection-adder] com.zaxxer.hikari.pool.HikariPool        : HikariPool-1 - Connection not added, stats (total=18/30, idle=16/10, active=2, waiting=0)
2026-09-01T17:49:52.822-03:00 DEBUG 8588 --- [lab] [HikariPool-1:connection-adder] com.zaxxer.hikari.pool.HikariPool        : HikariPool-1 - Connection not added, stats (total=18/30, idle=15/10, active=3, waiting=0)
2026-09-01T17:49:52.832-03:00 DEBUG 8588 --- [lab] [HikariPool-1:connection-adder] com.zaxxer.hikari.pool.HikariPool        : HikariPool-1 - Connection not added, stats (total=18/30, idle=14/10, active=4, waiting=0)
2026-09-01T17:49:52.856-03:00 DEBUG 8588 --- [lab] [HikariPool-1:connection-adder] com.zaxxer.hikari.pool.HikariPool        : HikariPool-1 - Connection not added, stats (total=18/30, idle=14/10, active=4, waiting=0)
2026-09-01T17:49:52.865-03:00 DEBUG 8588 --- [lab] [HikariPool-1:connection-adder] com.zaxxer.hikari.pool.HikariPool        : HikariPool-1 - Connection not added, stats (total=18/30, idle=14/10, active=4, waiting=0)
2026-09-01T17:49:52.866-03:00 DEBUG 8588 --- [lab] [HikariPool-1:connection-adder] com.zaxxer.hikari.pool.HikariPool        : HikariPool-1 - Connection not added, stats (total=18/30, idle=14/10, active=4, waiting=0)
2026-09-01T17:49:52.905-03:00 DEBUG 8588 --- [lab] [HikariPool-1:connection-adder] com.zaxxer.hikari.pool.HikariPool        : HikariPool-1 - Connection not added, stats (total=18/30, idle=15/10, active=3, waiting=0)
2026-09-01T17:49:52.949-03:00 DEBUG 8588 --- [lab] [HikariPool-1:connection-adder] com.zaxxer.hikari.pool.HikariPool        : HikariPool-1 - Connection not added, stats (total=18/30, idle=15/10, active=3, waiting=0)
2026-09-01T17:49:52.964-03:00 DEBUG 8588 --- [lab] [HikariPool-1:connection-adder] com.zaxxer.hikari.pool.HikariPool        : HikariPool-1 - Connection not added, stats (total=18/30, idle=14/10, active=4, waiting=0)
2026-09-01T17:49:52.966-03:00 DEBUG 8588 --- [lab] [HikariPool-1:connection-adder] com.zaxxer.hikari.pool.HikariPool        : HikariPool-1 - Connection not added, stats (total=18/30, idle=14/10, active=4, waiting=0)
2026-09-01T17:49:53.023-03:00 DEBUG 8588 --- [lab] [HikariPool-1:connection-adder] com.zaxxer.hikari.pool.HikariPool        : HikariPool-1 - Connection not added, stats (total=18/30, idle=15/10, active=3, waiting=0)
2026-09-01T17:49:53.025-03:00 DEBUG 8588 --- [lab] [HikariPool-1:connection-adder] com.zaxxer.hikari.pool.HikariPool        : HikariPool-1 - Connection not added, stats (total=18/30, idle=16/10, active=2, waiting=0)
2026-09-01T17:49:53.029-03:00 DEBUG 8588 --- [lab] [HikariPool-1:connection-adder] com.zaxxer.hikari.pool.HikariPool        : HikariPool-1 - Connection not added, stats (total=18/30, idle=16/10, active=2, waiting=0)
2026-09-01T17:49:53.033-03:00 DEBUG 8588 --- [lab] [HikariPool-1:connection-adder] com.zaxxer.hikari.pool.HikariPool        : HikariPool-1 - Connection not added, stats (total=18/30, idle=16/10, active=2, waiting=0)
2026-09-01T17:49:53.044-03:00 DEBUG 8588 --- [lab] [HikariPool-1:connection-adder] com.zaxxer.hikari.pool.HikariPool        : HikariPool-1 - Connection not added, stats (total=18/30, idle=14/10, active=4, waiting=0)
2026-09-01T17:49:53.052-03:00 DEBUG 8588 --- [lab] [HikariPool-1:connection-adder] com.zaxxer.hikari.pool.HikariPool        : HikariPool-1 - Connection not added, stats (total=18/30, idle=15/10, active=3, waiting=0)
2026-09-01T17:49:53.065-03:00 DEBUG 8588 --- [lab] [HikariPool-1:connection-adder] com.zaxxer.hikari.pool.HikariPool        : HikariPool-1 - Connection not added, stats (total=18/30, idle=16/10, active=2, waiting=0)
2026-09-01T17:49:53.113-03:00 DEBUG 8588 --- [lab] [HikariPool-1:connection-adder] com.zaxxer.hikari.pool.HikariPool        : HikariPool-1 - Connection not added, stats (total=18/30, idle=16/10, active=2, waiting=0)
2026-09-01T17:49:53.180-03:00 DEBUG 8588 --- [lab] [HikariPool-1:connection-adder] com.zaxxer.hikari.pool.HikariPool        : HikariPool-1 - Connection not added, stats (total=18/30, idle=14/10, active=4, waiting=0)
2026-09-01T17:49:53.181-03:00 DEBUG 8588 --- [lab] [HikariPool-1:connection-adder] com.zaxxer.hikari.pool.HikariPool        : HikariPool-1 - Connection not added, stats (total=18/30, idle=15/10, active=3, waiting=0)
2026-09-01T17:49:53.186-03:00 DEBUG 8588 --- [lab] [HikariPool-1:connection-adder] com.zaxxer.hikari.pool.HikariPool        : HikariPool-1 - Connection not added, stats (total=18/30, idle=15/10, active=3, waiting=0)
2026-09-01T17:49:53.187-03:00 DEBUG 8588 --- [lab] [HikariPool-1:connection-adder] com.zaxxer.hikari.pool.HikariPool        : HikariPool-1 - Connection not added, stats (total=18/30, idle=16/10, active=2, waiting=0)
2026-09-01T17:49:53.196-03:00 DEBUG 8588 --- [lab] [HikariPool-1:connection-adder] com.zaxxer.hikari.pool.HikariPool        : HikariPool-1 - Connection not added, stats (total=18/30, idle=16/10, active=2, waiting=0)
2026-09-01T17:49:53.197-03:00 DEBUG 8588 --- [lab] [HikariPool-1:connection-adder] com.zaxxer.hikari.pool.HikariPool        : HikariPool-1 - Connection not added, stats (total=18/30, idle=16/10, active=2, waiting=0)
2026-09-01T17:49:53.204-03:00 DEBUG 8588 --- [lab] [HikariPool-1:connection-adder] com.zaxxer.hikari.pool.HikariPool        : HikariPool-1 - Connection not added, stats (total=18/30, idle=14/10, active=4, waiting=0)
2026-09-01T17:49:53.206-03:00 DEBUG 8588 --- [lab] [HikariPool-1:connection-adder] com.zaxxer.hikari.pool.HikariPool        : HikariPool-1 - Connection not added, stats (total=18/30, idle=14/10, active=4, waiting=0)
2026-09-01T17:49:53.206-03:00 DEBUG 8588 --- [lab] [HikariPool-1:connection-adder] com.zaxxer.hikari.pool.HikariPool        : HikariPool-1 - Connection not added, stats (total=18/30, idle=13/10, active=5, waiting=0)
2026-09-01T17:49:53.210-03:00 DEBUG 8588 --- [lab] [HikariPool-1:connection-adder] com.zaxxer.hikari.pool.HikariPool        : HikariPool-1 - Connection not added, stats (total=18/30, idle=15/10, active=3, waiting=0)
2026-09-01T17:49:53.212-03:00 DEBUG 8588 --- [lab] [HikariPool-1:connection-adder] com.zaxxer.hikari.pool.HikariPool        : HikariPool-1 - Connection not added, stats (total=18/30, idle=14/10, active=4, waiting=0)
2026-09-01T17:49:53.214-03:00 DEBUG 8588 --- [lab] [HikariPool-1:connection-adder] com.zaxxer.hikari.pool.HikariPool        : HikariPool-1 - Connection not added, stats (total=18/30, idle=14/10, active=4, waiting=0)
2026-09-01T17:49:53.214-03:00 DEBUG 8588 --- [lab] [HikariPool-1:connection-adder] com.zaxxer.hikari.pool.HikariPool        : HikariPool-1 - Connection not added, stats (total=18/30, idle=14/10, active=4, waiting=0)
2026-09-01T17:49:53.223-03:00 DEBUG 8588 --- [lab] [HikariPool-1:connection-adder] com.zaxxer.hikari.pool.HikariPool        : HikariPool-1 - Connection not added, stats (total=18/30, idle=15/10, active=3, waiting=0)
2026-09-01T17:49:53.249-03:00 DEBUG 8588 --- [lab] [HikariPool-1:connection-adder] com.zaxxer.hikari.pool.HikariPool        : HikariPool-1 - Connection not added, stats (total=18/30, idle=18/10, active=0, waiting=0)
2026-09-01T17:49:53.286-03:00 DEBUG 8588 --- [lab] [HikariPool-1:connection-adder] com.zaxxer.hikari.pool.HikariPool        : HikariPool-1 - Connection not added, stats (total=18/30, idle=15/10, active=3, waiting=0)
2026-09-01T17:49:53.294-03:00 DEBUG 8588 --- [lab] [HikariPool-1:connection-adder] com.zaxxer.hikari.pool.HikariPool        : HikariPool-1 - Connection not added, stats (total=18/30, idle=15/10, active=3, waiting=0)
2026-09-01T17:49:53.304-03:00 DEBUG 8588 --- [lab] [HikariPool-1:connection-adder] com.zaxxer.hikari.pool.HikariPool        : HikariPool-1 - Connection not added, stats (total=18/30, idle=15/10, active=3, waiting=0)
2026-09-01T17:49:53.305-03:00 DEBUG 8588 --- [lab] [HikariPool-1:connection-adder] com.zaxxer.hikari.pool.HikariPool        : HikariPool-1 - Connection not added, stats (total=18/30, idle=15/10, active=3, waiting=0)
2026-09-01T17:49:53.311-03:00 DEBUG 8588 --- [lab] [HikariPool-1:connection-adder] com.zaxxer.hikari.pool.HikariPool        : HikariPool-1 - Connection not added, stats (total=18/30, idle=14/10, active=4, waiting=0)
2026-09-01T17:49:53.477-03:00 DEBUG 8588 --- [lab] [HikariPool-1:connection-adder] com.zaxxer.hikari.pool.HikariPool        : HikariPool-1 - Connection not added, stats (total=18/30, idle=16/10, active=2, waiting=0)
2026-09-01T17:49:53.570-03:00 DEBUG 8588 --- [lab] [HikariPool-1:connection-adder] com.zaxxer.hikari.pool.HikariPool        : HikariPool-1 - Connection not added, stats (total=18/30, idle=16/10, active=2, waiting=0)
2026-09-01T17:49:53.818-03:00 DEBUG 8588 --- [lab] [HikariPool-1:connection-adder] com.zaxxer.hikari.pool.HikariPool        : HikariPool-1 - Connection not added, stats (total=18/30, idle=15/10, active=3, waiting=0)
2026-09-01T17:49:53.822-03:00 DEBUG 8588 --- [lab] [HikariPool-1:connection-adder] com.zaxxer.hikari.pool.HikariPool        : HikariPool-1 - Connection not added, stats (total=18/30, idle=15/10, active=3, waiting=0)
2026-09-01T17:49:53.824-03:00 DEBUG 8588 --- [lab] [HikariPool-1:connection-adder] com.zaxxer.hikari.pool.HikariPool        : HikariPool-1 - Connection not added, stats (total=18/30, idle=15/10, active=3, waiting=0)
2026-09-01T17:49:53.833-03:00 DEBUG 8588 --- [lab] [HikariPool-1:connection-adder] com.zaxxer.hikari.pool.HikariPool        : HikariPool-1 - Connection not added, stats (total=18/30, idle=15/10, active=3, waiting=0)
2026-09-01T17:49:53.841-03:00 DEBUG 8588 --- [lab] [HikariPool-1:connection-adder] com.zaxxer.hikari.pool.HikariPool        : HikariPool-1 - Connection not added, stats (total=18/30, idle=15/10, active=3, waiting=0)
2026-09-01T17:49:53.855-03:00 DEBUG 8588 --- [lab] [HikariPool-1:connection-adder] com.zaxxer.hikari.pool.HikariPool        : HikariPool-1 - Connection not added, stats (total=18/30, idle=15/10, active=3, waiting=0)
2026-09-01T17:49:53.859-03:00 DEBUG 8588 --- [lab] [HikariPool-1:connection-adder] com.zaxxer.hikari.pool.HikariPool        : HikariPool-1 - Connection not added, stats (total=18/30, idle=15/10, active=3, waiting=0)
2026-09-01T17:49:53.862-03:00 DEBUG 8588 --- [lab] [HikariPool-1:connection-adder] com.zaxxer.hikari.pool.HikariPool        : HikariPool-1 - Connection not added, stats (total=18/30, idle=16/10, active=2, waiting=0)
2026-09-01T17:49:53.867-03:00 DEBUG 8588 --- [lab] [HikariPool-1:connection-adder] com.zaxxer.hikari.pool.HikariPool        : HikariPool-1 - Connection not added, stats (total=18/30, idle=16/10, active=2, waiting=0)
2026-09-01T17:49:53.869-03:00 DEBUG 8588 --- [lab] [HikariPool-1:connection-adder] com.zaxxer.hikari.pool.HikariPool        : HikariPool-1 - Connection not added, stats (total=18/30, idle=16/10, active=2, waiting=0)
2026-09-01T17:49:53.875-03:00 DEBUG 8588 --- [lab] [HikariPool-1:connection-adder] com.zaxxer.hikari.pool.HikariPool        : HikariPool-1 - Connection not added, stats (total=18/30, idle=16/10, active=2, waiting=0)
2026-09-01T17:49:53.884-03:00 DEBUG 8588 --- [lab] [HikariPool-1:connection-adder] com.zaxxer.hikari.pool.HikariPool        : HikariPool-1 - Connection not added, stats (total=18/30, idle=15/10, active=3, waiting=0)
2026-09-01T17:49:53.887-03:00 DEBUG 8588 --- [lab] [HikariPool-1:connection-adder] com.zaxxer.hikari.pool.HikariPool        : HikariPool-1 - Connection not added, stats (total=18/30, idle=15/10, active=3, waiting=0)
2026-09-01T17:49:53.905-03:00 DEBUG 8588 --- [lab] [HikariPool-1:connection-adder] com.zaxxer.hikari.pool.HikariPool        : HikariPool-1 - Connection not added, stats (total=18/30, idle=16/10, active=2, waiting=0)
2026-09-01T17:49:53.929-03:00 DEBUG 8588 --- [lab] [HikariPool-1:connection-adder] com.zaxxer.hikari.pool.HikariPool        : HikariPool-1 - Connection not added, stats (total=18/30, idle=15/10, active=3, waiting=0)
2026-09-01T17:49:53.947-03:00 DEBUG 8588 --- [lab] [HikariPool-1:connection-adder] com.zaxxer.hikari.pool.HikariPool        : HikariPool-1 - Connection not added, stats (total=18/30, idle=16/10, active=2, waiting=0)
2026-09-01T17:49:53.949-03:00 DEBUG 8588 --- [lab] [HikariPool-1:connection-adder] com.zaxxer.hikari.pool.HikariPool        : HikariPool-1 - Connection not added, stats (total=18/30, idle=15/10, active=3, waiting=0)
2026-09-01T17:49:53.954-03:00 DEBUG 8588 --- [lab] [HikariPool-1:connection-adder] com.zaxxer.hikari.pool.HikariPool        : HikariPool-1 - Connection not added, stats (total=18/30, idle=15/10, active=3, waiting=0)
2026-09-01T17:49:53.999-03:00 DEBUG 8588 --- [lab] [HikariPool-1:connection-adder] com.zaxxer.hikari.pool.HikariPool        : HikariPool-1 - Connection not added, stats (total=18/30, idle=16/10, active=2, waiting=0)
2026-09-01T17:49:54.011-03:00 DEBUG 8588 --- [lab] [HikariPool-1:connection-adder] com.zaxxer.hikari.pool.HikariPool        : HikariPool-1 - Connection not added, stats (total=18/30, idle=16/10, active=2, waiting=0)
2026-09-01T17:49:54.023-03:00 DEBUG 8588 --- [lab] [HikariPool-1:connection-adder] com.zaxxer.hikari.pool.HikariPool        : HikariPool-1 - Connection not added, stats (total=18/30, idle=16/10, active=2, waiting=0)
2026-09-01T17:49:54.175-03:00 DEBUG 8588 --- [lab] [HikariPool-1:connection-adder] com.zaxxer.hikari.pool.HikariPool        : HikariPool-1 - Connection not added, stats (total=18/30, idle=16/10, active=2, waiting=0)
2026-09-01T17:49:54.175-03:00 DEBUG 8588 --- [lab] [HikariPool-1:connection-adder] com.zaxxer.hikari.pool.HikariPool        : HikariPool-1 - Connection not added, stats (total=18/30, idle=16/10, active=2, waiting=0)
2026-09-01T17:49:54.185-03:00 DEBUG 8588 --- [lab] [HikariPool-1:connection-adder] com.zaxxer.hikari.pool.HikariPool        : HikariPool-1 - Connection not added, stats (total=18/30, idle=15/10, active=3, waiting=0)
2026-09-01T17:49:54.189-03:00 DEBUG 8588 --- [lab] [HikariPool-1:connection-adder] com.zaxxer.hikari.pool.HikariPool        : HikariPool-1 - Connection not added, stats (total=18/30, idle=15/10, active=3, waiting=0)
2026-09-01T17:49:54.197-03:00 DEBUG 8588 --- [lab] [HikariPool-1:connection-adder] com.zaxxer.hikari.pool.HikariPool        : HikariPool-1 - Connection not added, stats (total=18/30, idle=16/10, active=2, waiting=0)
2026-09-01T17:49:54.201-03:00 DEBUG 8588 --- [lab] [HikariPool-1:connection-adder] com.zaxxer.hikari.pool.HikariPool        : HikariPool-1 - Connection not added, stats (total=18/30, idle=16/10, active=2, waiting=0)
2026-09-01T17:49:54.205-03:00 DEBUG 8588 --- [lab] [HikariPool-1:connection-adder] com.zaxxer.hikari.pool.HikariPool        : HikariPool-1 - Connection not added, stats (total=18/30, idle=15/10, active=3, waiting=1)
2026-09-01T17:49:54.223-03:00 DEBUG 8588 --- [lab] [HikariPool-1:connection-adder] com.zaxxer.hikari.pool.HikariPool        : HikariPool-1 - Connection not added, stats (total=18/30, idle=15/10, active=3, waiting=0)
2026-09-01T17:49:54.266-03:00 DEBUG 8588 --- [lab] [HikariPool-1:connection-adder] com.zaxxer.hikari.pool.HikariPool        : HikariPool-1 - Connection not added, stats (total=18/30, idle=15/10, active=3, waiting=0)
2026-09-01T17:49:54.271-03:00 DEBUG 8588 --- [lab] [HikariPool-1:connection-adder] com.zaxxer.hikari.pool.HikariPool        : HikariPool-1 - Connection not added, stats (total=18/30, idle=14/10, active=4, waiting=0)
2026-09-01T17:49:54.271-03:00 DEBUG 8588 --- [lab] [HikariPool-1:connection-adder] com.zaxxer.hikari.pool.HikariPool        : HikariPool-1 - Connection not added, stats (total=18/30, idle=14/10, active=4, waiting=0)
2026-09-01T17:49:54.293-03:00 DEBUG 8588 --- [lab] [HikariPool-1:connection-adder] com.zaxxer.hikari.pool.HikariPool        : HikariPool-1 - Connection not added, stats (total=18/30, idle=16/10, active=2, waiting=0)
2026-09-01T17:49:54.295-03:00 DEBUG 8588 --- [lab] [HikariPool-1:connection-adder] com.zaxxer.hikari.pool.HikariPool        : HikariPool-1 - Connection not added, stats (total=18/30, idle=14/10, active=4, waiting=0)
2026-09-01T17:49:54.299-03:00 DEBUG 8588 --- [lab] [HikariPool-1:connection-adder] com.zaxxer.hikari.pool.HikariPool        : HikariPool-1 - Connection not added, stats (total=18/30, idle=14/10, active=4, waiting=0)
2026-09-01T17:49:54.300-03:00 DEBUG 8588 --- [lab] [HikariPool-1:connection-adder] com.zaxxer.hikari.pool.HikariPool        : HikariPool-1 - Connection not added, stats (total=18/30, idle=14/10, active=4, waiting=0)
2026-09-01T17:49:54.306-03:00 DEBUG 8588 --- [lab] [HikariPool-1:connection-adder] com.zaxxer.hikari.pool.HikariPool        : HikariPool-1 - Connection not added, stats (total=18/30, idle=14/10, active=4, waiting=0)
2026-09-01T17:49:54.309-03:00 DEBUG 8588 --- [lab] [HikariPool-1:connection-adder] com.zaxxer.hikari.pool.HikariPool        : HikariPool-1 - Connection not added, stats (total=18/30, idle=14/10, active=4, waiting=0)
2026-09-01T17:49:54.316-03:00 DEBUG 8588 --- [lab] [HikariPool-1:connection-adder] com.zaxxer.hikari.pool.HikariPool        : HikariPool-1 - Connection not added, stats (total=18/30, idle=14/10, active=4, waiting=0)
2026-09-01T17:49:54.318-03:00 DEBUG 8588 --- [lab] [HikariPool-1:connection-adder] com.zaxxer.hikari.pool.HikariPool        : HikariPool-1 - Connection not added, stats (total=18/30, idle=14/10, active=4, waiting=0)
2026-09-01T17:49:54.426-03:00 ERROR 8588 --- [lab] [tomcat-handler-20358] o.a.c.c.C.[.[.[/].[dispatcherServlet]    : Servlet.service() for servlet [dispatcherServlet] in context with path [] threw exception [Request processing failed: java.lang.RuntimeException: Erro ao processar JSON do pedido para a procedure] with root cause

org.postgresql.util.PSQLException: ERRO: não foi possível estender o arquivo "base/16513/16541": No space left on device
  Dica: Verifique o espaço em disco livre.
  Onde: função SQL "sp_inserir_pedido" comando 1
	at org.postgresql.core.v3.QueryExecutorImpl.receiveErrorResponse(QueryExecutorImpl.java:2904) ~[postgresql-42.7.11.jar:42.7.11]
	at org.postgresql.core.v3.QueryExecutorImpl.processResults(QueryExecutorImpl.java:2589) ~[postgresql-42.7.11.jar:42.7.11]
	at org.postgresql.core.v3.QueryExecutorImpl.execute(QueryExecutorImpl.java:431) ~[postgresql-42.7.11.jar:42.7.11]
	at org.postgresql.jdbc.PgStatement.executeInternal(PgStatement.java:534) ~[postgresql-42.7.11.jar:42.7.11]
	at org.postgresql.jdbc.PgStatement.execute(PgStatement.java:437) ~[postgresql-42.7.11.jar:42.7.11]
	at org.postgresql.jdbc.PgPreparedStatement.executeWithFlags(PgPreparedStatement.java:196) ~[postgresql-42.7.11.jar:42.7.11]
	at org.postgresql.jdbc.PgPreparedStatement.executeUpdate(PgPreparedStatement.java:157) ~[postgresql-42.7.11.jar:42.7.11]
	at com.zaxxer.hikari.pool.ProxyPreparedStatement.executeUpdate(ProxyPreparedStatement.java:61) ~[HikariCP-7.0.2.jar:na]
	at com.zaxxer.hikari.pool.HikariProxyPreparedStatement.executeUpdate(HikariProxyPreparedStatement.java) ~[HikariCP-7.0.2.jar:na]
	at org.springframework.jdbc.core.JdbcTemplate.lambda$update$0(JdbcTemplate.java:971) ~[spring-jdbc-7.0.8.jar:7.0.8]
	at org.springframework.jdbc.core.JdbcTemplate.execute(JdbcTemplate.java:670) ~[spring-jdbc-7.0.8.jar:7.0.8]
	at org.springframework.jdbc.core.JdbcTemplate.update(JdbcTemplate.java:966) ~[spring-jdbc-7.0.8.jar:7.0.8]
	at org.springframework.jdbc.core.JdbcTemplate.update(JdbcTemplate.java:987) ~[spring-jdbc-7.0.8.jar:7.0.8]
	at org.springframework.jdbc.core.namedparam.NamedParameterJdbcTemplate.update(NamedParameterJdbcTemplate.java:339) ~[spring-jdbc-7.0.8.jar:7.0.8]
	at org.springframework.jdbc.core.simple.DefaultJdbcClient$DefaultStatementSpec.update(DefaultJdbcClient.java:281) ~[spring-jdbc-7.0.8.jar:7.0.8]
	at com.lab.jdbcclientsample.pedido.repository.PedidoRepository.salvar(PedidoRepository.java:21) ~[classes/:na]
	at java.base/jdk.internal.reflect.DirectMethodHandleAccessor.invoke(DirectMethodHandleAccessor.java:103) ~[na:na]
	at java.base/java.lang.reflect.Method.invoke(Method.java:580) ~[na:na]
	at org.springframework.aop.support.AopUtils.invokeJoinpointUsingReflection(AopUtils.java:359) ~[spring-aop-7.0.8.jar:7.0.8]
	at org.springframework.aop.framework.ReflectiveMethodInvocation.invokeJoinpoint(ReflectiveMethodInvocation.java:190) ~[spring-aop-7.0.8.jar:7.0.8]
	at org.springframework.aop.framework.ReflectiveMethodInvocation.proceed(ReflectiveMethodInvocation.java:158) ~[spring-aop-7.0.8.jar:7.0.8]
	at org.springframework.dao.support.PersistenceExceptionTranslationInterceptor.invoke(PersistenceExceptionTranslationInterceptor.java:135) ~[spring-tx-7.0.8.jar:7.0.8]
	at org.springframework.aop.framework.ReflectiveMethodInvocation.proceed(ReflectiveMethodInvocation.java:179) ~[spring-aop-7.0.8.jar:7.0.8]
	at org.springframework.aop.framework.CglibAopProxy$DynamicAdvisedInterceptor.intercept(CglibAopProxy.java:719) ~[spring-aop-7.0.8.jar:7.0.8]
	at com.lab.jdbcclientsample.pedido.repository.PedidoRepository$$SpringCGLIB$$0.salvar(<generated>) ~[classes/:na]
	at com.lab.jdbcclientsample.pedido.service.PedidoService.salvar(PedidoService.java:19) ~[classes/:na]
	at java.base/jdk.internal.reflect.DirectMethodHandleAccessor.invoke(DirectMethodHandleAccessor.java:103) ~[na:na]
	at java.base/java.lang.reflect.Method.invoke(Method.java:580) ~[na:na]
	at org.springframework.aop.support.AopUtils.invokeJoinpointUsingReflection(AopUtils.java:359) ~[spring-aop-7.0.8.jar:7.0.8]
	at org.springframework.aop.framework.ReflectiveMethodInvocation.invokeJoinpoint(ReflectiveMethodInvocation.java:190) ~[spring-aop-7.0.8.jar:7.0.8]
	at org.springframework.aop.framework.ReflectiveMethodInvocation.proceed(ReflectiveMethodInvocation.java:158) ~[spring-aop-7.0.8.jar:7.0.8]
	at org.springframework.transaction.interceptor.TransactionInterceptor$1.proceedWithInvocation(TransactionInterceptor.java:133) ~[spring-tx-7.0.8.jar:7.0.8]
	at org.springframework.transaction.interceptor.TransactionAspectSupport.invokeWithinTransaction(TransactionAspectSupport.java:371) ~[spring-tx-7.0.8.jar:7.0.8]
	at org.springframework.transaction.interceptor.TransactionInterceptor.invoke(TransactionInterceptor.java:130) ~[spring-tx-7.0.8.jar:7.0.8]
	at org.springframework.aop.framework.ReflectiveMethodInvocation.proceed(ReflectiveMethodInvocation.java:179) ~[spring-aop-7.0.8.jar:7.0.8]
	at org.springframework.aop.framework.CglibAopProxy$DynamicAdvisedInterceptor.intercept(CglibAopProxy.java:719) ~[spring-aop-7.0.8.jar:7.0.8]
	at com.lab.jdbcclientsample.pedido.service.PedidoService$$SpringCGLIB$$0.salvar(<generated>) ~[classes/:na]
	at com.lab.jdbcclientsample.pedido.controller.PedidoController.criar(PedidoController.java:30) ~[classes/:na]
	at java.base/jdk.internal.reflect.DirectMethodHandleAccessor.invoke(DirectMethodHandleAccessor.java:103) ~[na:na]
	at java.base/java.lang.reflect.Method.invoke(Method.java:580) ~[na:na]
	at org.springframework.web.method.support.InvocableHandlerMethod.doInvoke(InvocableHandlerMethod.java:252) ~[spring-web-7.0.8.jar:7.0.8]
	at org.springframework.web.method.support.InvocableHandlerMethod.invokeForRequest(InvocableHandlerMethod.java:184) ~[spring-web-7.0.8.jar:7.0.8]
	at org.springframework.web.servlet.mvc.method.annotation.ServletInvocableHandlerMethod.invokeAndHandle(ServletInvocableHandlerMethod.java:117) ~[spring-webmvc-7.0.8.jar:7.0.8]
	at org.springframework.web.servlet.mvc.method.annotation.RequestMappingHandlerAdapter.invokeHandlerMethod(RequestMappingHandlerAdapter.java:934) ~[spring-webmvc-7.0.8.jar:7.0.8]
	at org.springframework.web.servlet.mvc.method.annotation.RequestMappingHandlerAdapter.handleInternal(RequestMappingHandlerAdapter.java:853) ~[spring-webmvc-7.0.8.jar:7.0.8]
	at org.springframework.web.servlet.mvc.method.AbstractHandlerMethodAdapter.handle(AbstractHandlerMethodAdapter.java:86) ~[spring-webmvc-7.0.8.jar:7.0.8]
	at org.springframework.web.servlet.DispatcherServlet.doDispatch(DispatcherServlet.java:963) ~[spring-webmvc-7.0.8.jar:7.0.8]
	at org.springframework.web.servlet.DispatcherServlet.doService(DispatcherServlet.java:866) ~[spring-webmvc-7.0.8.jar:7.0.8]
	at org.springframework.web.servlet.FrameworkServlet.processRequest(FrameworkServlet.java:1000) ~[spring-webmvc-7.0.8.jar:7.0.8]
	at org.springframework.web.servlet.FrameworkServlet.doPost(FrameworkServlet.java:903) ~[spring-webmvc-7.0.8.jar:7.0.8]
	at jakarta.servlet.http.HttpServlet.service(HttpServlet.java:649) ~[tomcat-embed-core-11.0.22.jar:6.1]
	at org.springframework.web.servlet.FrameworkServlet.service(FrameworkServlet.java:874) ~[spring-webmvc-7.0.8.jar:7.0.8]
	at jakarta.servlet.http.HttpServlet.service(HttpServlet.java:710) ~[tomcat-embed-core-11.0.22.jar:6.1]
	at org.apache.catalina.core.ApplicationFilterChain.doFilter(ApplicationFilterChain.java:128) ~[tomcat-embed-core-11.0.22.jar:11.0.22]
	at org.apache.tomcat.websocket.server.WsFilter.doFilter(WsFilter.java:53) ~[tomcat-embed-websocket-11.0.22.jar:11.0.22]
	at org.apache.catalina.core.ApplicationFilterChain.doFilter(ApplicationFilterChain.java:107) ~[tomcat-embed-core-11.0.22.jar:11.0.22]
	at org.springframework.web.filter.RequestContextFilter.doFilterInternal(RequestContextFilter.java:100) ~[spring-web-7.0.8.jar:7.0.8]
	at org.springframework.web.filter.OncePerRequestFilter.doFilter(OncePerRequestFilter.java:116) ~[spring-web-7.0.8.jar:7.0.8]
	at org.apache.catalina.core.ApplicationFilterChain.doFilter(ApplicationFilterChain.java:107) ~[tomcat-embed-core-11.0.22.jar:11.0.22]
	at org.springframework.web.filter.FormContentFilter.doFilterInternal(FormContentFilter.java:93) ~[spring-web-7.0.8.jar:7.0.8]
	at org.springframework.web.filter.OncePerRequestFilter.doFilter(OncePerRequestFilter.java:116) ~[spring-web-7.0.8.jar:7.0.8]
	at org.apache.catalina.core.ApplicationFilterChain.doFilter(ApplicationFilterChain.java:107) ~[tomcat-embed-core-11.0.22.jar:11.0.22]
	at org.springframework.web.filter.CharacterEncodingFilter.doFilterInternal(CharacterEncodingFilter.java:199) ~[spring-web-7.0.8.jar:7.0.8]
	at org.springframework.web.filter.OncePerRequestFilter.doFilter(OncePerRequestFilter.java:116) ~[spring-web-7.0.8.jar:7.0.8]
	at org.apache.catalina.core.ApplicationFilterChain.doFilter(ApplicationFilterChain.java:107) ~[tomcat-embed-core-11.0.22.jar:11.0.22]
	at org.apache.catalina.core.StandardWrapperValve.invoke(StandardWrapperValve.java:165) ~[tomcat-embed-core-11.0.22.jar:11.0.22]
	at org.apache.catalina.core.StandardContextValve.invoke(StandardContextValve.java:77) ~[tomcat-embed-core-11.0.22.jar:11.0.22]
	at org.apache.catalina.authenticator.AuthenticatorBase.invoke(AuthenticatorBase.java:492) ~[tomcat-embed-core-11.0.22.jar:11.0.22]
	at org.apache.catalina.core.StandardHostValve.invoke(StandardHostValve.java:113) ~[tomcat-embed-core-11.0.22.jar:11.0.22]
	at org.apache.catalina.valves.ErrorReportValve.invoke(ErrorReportValve.java:83) ~[tomcat-embed-core-11.0.22.jar:11.0.22]
	at org.apache.catalina.core.StandardEngineValve.invoke(StandardEngineValve.java:72) ~[tomcat-embed-core-11.0.22.jar:11.0.22]
	at org.apache.catalina.connector.CoyoteAdapter.service(CoyoteAdapter.java:341) ~[tomcat-embed-core-11.0.22.jar:11.0.22]
	at org.apache.coyote.http11.Http11Processor.service(Http11Processor.java:397) ~[tomcat-embed-core-11.0.22.jar:11.0.22]
	at org.apache.coyote.AbstractProcessorLight.process(AbstractProcessorLight.java:63) ~[tomcat-embed-core-11.0.22.jar:11.0.22]
	at org.apache.coyote.AbstractProtocol$ConnectionHandler.process(AbstractProtocol.java:1272) ~[tomcat-embed-core-11.0.22.jar:11.0.22]
	at org.apache.tomcat.util.net.NioEndpoint$SocketProcessor.doRun(NioEndpoint.java:1801) ~[tomcat-embed-core-11.0.22.jar:11.0.22]
	at org.apache.tomcat.util.net.SocketProcessorBase.run(SocketProcessorBase.java:52) ~[tomcat-embed-core-11.0.22.jar:11.0.22]
	at java.base/java.lang.VirtualThread.run(VirtualThread.java:329) ~[na:na]

2026-09-01T17:49:54.426-03:00 ERROR 8588 --- [lab] [tomcat-handler-20361] o.a.c.c.C.[.[.[/].[dispatcherServlet]    : Servlet.service() for servlet [dispatcherServlet] in context with path [] threw exception [Request processing failed: java.lang.RuntimeException: Erro ao processar JSON do pedido para a procedure] with root cause

org.postgresql.util.PSQLException: ERRO: não foi possível estender o arquivo "base/16513/16541": No space left on device
  Dica: Verifique o espaço em disco livre.
  Onde: função SQL "sp_inserir_pedido" comando 1
	at org.postgresql.core.v3.QueryExecutorImpl.receiveErrorResponse(QueryExecutorImpl.java:2904) ~[postgresql-42.7.11.jar:42.7.11]
	at org.postgresql.core.v3.QueryExecutorImpl.processResults(QueryExecutorImpl.java:2589) ~[postgresql-42.7.11.jar:42.7.11]
	at org.postgresql.core.v3.QueryExecutorImpl.execute(QueryExecutorImpl.java:431) ~[postgresql-42.7.11.jar:42.7.11]
	at org.postgresql.jdbc.PgStatement.executeInternal(PgStatement.java:534) ~[postgresql-42.7.11.jar:42.7.11]
	at org.postgresql.jdbc.PgStatement.execute(PgStatement.java:437) ~[postgresql-42.7.11.jar:42.7.11]
	at org.postgresql.jdbc.PgPreparedStatement.executeWithFlags(PgPreparedStatement.java:196) ~[postgresql-42.7.11.jar:42.7.11]
	at org.postgresql.jdbc.PgPreparedStatement.executeUpdate(PgPreparedStatement.java:157) ~[postgresql-42.7.11.jar:42.7.11]
	at com.zaxxer.hikari.pool.ProxyPreparedStatement.executeUpdate(ProxyPreparedStatement.java:61) ~[HikariCP-7.0.2.jar:na]
	at com.zaxxer.hikari.pool.HikariProxyPreparedStatement.executeUpdate(HikariProxyPreparedStatement.java) ~[HikariCP-7.0.2.jar:na]
	at org.springframework.jdbc.core.JdbcTemplate.lambda$update$0(JdbcTemplate.java:971) ~[spring-jdbc-7.0.8.jar:7.0.8]
	at org.springframework.jdbc.core.JdbcTemplate.execute(JdbcTemplate.java:670) ~[spring-jdbc-7.0.8.jar:7.0.8]
	at org.springframework.jdbc.core.JdbcTemplate.update(JdbcTemplate.java:966) ~[spring-jdbc-7.0.8.jar:7.0.8]
	at org.springframework.jdbc.core.JdbcTemplate.update(JdbcTemplate.java:987) ~[spring-jdbc-7.0.8.jar:7.0.8]
	at org.springframework.jdbc.core.namedparam.NamedParameterJdbcTemplate.update(NamedParameterJdbcTemplate.java:339) ~[spring-jdbc-7.0.8.jar:7.0.8]
	at org.springframework.jdbc.core.simple.DefaultJdbcClient$DefaultStatementSpec.update(DefaultJdbcClient.java:281) ~[spring-jdbc-7.0.8.jar:7.0.8]
	at com.lab.jdbcclientsample.pedido.repository.PedidoRepository.salvar(PedidoRepository.java:21) ~[classes/:na]
	at java.base/jdk.internal.reflect.DirectMethodHandleAccessor.invoke(DirectMethodHandleAccessor.java:103) ~[na:na]
	at java.base/java.lang.reflect.Method.invoke(Method.java:580) ~[na:na]
	at org.springframework.aop.support.AopUtils.invokeJoinpointUsingReflection(AopUtils.java:359) ~[spring-aop-7.0.8.jar:7.0.8]
	at org.springframework.aop.framework.ReflectiveMethodInvocation.invokeJoinpoint(ReflectiveMethodInvocation.java:190) ~[spring-aop-7.0.8.jar:7.0.8]
	at org.springframework.aop.framework.ReflectiveMethodInvocation.proceed(ReflectiveMethodInvocation.java:158) ~[spring-aop-7.0.8.jar:7.0.8]
	at org.springframework.dao.support.PersistenceExceptionTranslationInterceptor.invoke(PersistenceExceptionTranslationInterceptor.java:135) ~[spring-tx-7.0.8.jar:7.0.8]
	at org.springframework.aop.framework.ReflectiveMethodInvocation.proceed(ReflectiveMethodInvocation.java:179) ~[spring-aop-7.0.8.jar:7.0.8]
	at org.springframework.aop.framework.CglibAopProxy$DynamicAdvisedInterceptor.intercept(CglibAopProxy.java:719) ~[spring-aop-7.0.8.jar:7.0.8]
	at com.lab.jdbcclientsample.pedido.repository.PedidoRepository$$SpringCGLIB$$0.salvar(<generated>) ~[classes/:na]
	at com.lab.jdbcclientsample.pedido.service.PedidoService.salvar(PedidoService.java:19) ~[classes/:na]
	at java.base/jdk.internal.reflect.DirectMethodHandleAccessor.invoke(DirectMethodHandleAccessor.java:103) ~[na:na]
	at java.base/java.lang.reflect.Method.invoke(Method.java:580) ~[na:na]
	at org.springframework.aop.support.AopUtils.invokeJoinpointUsingReflection(AopUtils.java:359) ~[spring-aop-7.0.8.jar:7.0.8]
	at org.springframework.aop.framework.ReflectiveMethodInvocation.invokeJoinpoint(ReflectiveMethodInvocation.java:190) ~[spring-aop-7.0.8.jar:7.0.8]
	at org.springframework.aop.framework.ReflectiveMethodInvocation.proceed(ReflectiveMethodInvocation.java:158) ~[spring-aop-7.0.8.jar:7.0.8]
	at org.springframework.transaction.interceptor.TransactionInterceptor$1.proceedWithInvocation(TransactionInterceptor.java:133) ~[spring-tx-7.0.8.jar:7.0.8]
	at org.springframework.transaction.interceptor.TransactionAspectSupport.invokeWithinTransaction(TransactionAspectSupport.java:371) ~[spring-tx-7.0.8.jar:7.0.8]
	at org.springframework.transaction.interceptor.TransactionInterceptor.invoke(TransactionInterceptor.java:130) ~[spring-tx-7.0.8.jar:7.0.8]
	at org.springframework.aop.framework.ReflectiveMethodInvocation.proceed(ReflectiveMethodInvocation.java:179) ~[spring-aop-7.0.8.jar:7.0.8]
	at org.springframework.aop.framework.CglibAopProxy$DynamicAdvisedInterceptor.intercept(CglibAopProxy.java:719) ~[spring-aop-7.0.8.jar:7.0.8]
	at com.lab.jdbcclientsample.pedido.service.PedidoService$$SpringCGLIB$$0.salvar(<generated>) ~[classes/:na]
	at com.lab.jdbcclientsample.pedido.controller.PedidoController.criar(PedidoController.java:30) ~[classes/:na]
	at java.base/jdk.internal.reflect.DirectMethodHandleAccessor.invoke(DirectMethodHandleAccessor.java:103) ~[na:na]
	at java.base/java.lang.reflect.Method.invoke(Method.java:580) ~[na:na]
	at org.springframework.web.method.support.InvocableHandlerMethod.doInvoke(InvocableHandlerMethod.java:252) ~[spring-web-7.0.8.jar:7.0.8]
	at org.springframework.web.method.support.InvocableHandlerMethod.invokeForRequest(InvocableHandlerMethod.java:184) ~[spring-web-7.0.8.jar:7.0.8]
	at org.springframework.web.servlet.mvc.method.annotation.ServletInvocableHandlerMethod.invokeAndHandle(ServletInvocableHandlerMethod.java:117) ~[spring-webmvc-7.0.8.jar:7.0.8]
	at org.springframework.web.servlet.mvc.method.annotation.RequestMappingHandlerAdapter.invokeHandlerMethod(RequestMappingHandlerAdapter.java:934) ~[spring-webmvc-7.0.8.jar:7.0.8]
	at org.springframework.web.servlet.mvc.method.annotation.RequestMappingHandlerAdapter.handleInternal(RequestMappingHandlerAdapter.java:853) ~[spring-webmvc-7.0.8.jar:7.0.8]
	at org.springframework.web.servlet.mvc.method.AbstractHandlerMethodAdapter.handle(AbstractHandlerMethodAdapter.java:86) ~[spring-webmvc-7.0.8.jar:7.0.8]
	at org.springframework.web.servlet.DispatcherServlet.doDispatch(DispatcherServlet.java:963) ~[spring-webmvc-7.0.8.jar:7.0.8]
	at org.springframework.web.servlet.DispatcherServlet.doService(DispatcherServlet.java:866) ~[spring-webmvc-7.0.8.jar:7.0.8]
	at org.springframework.web.servlet.FrameworkServlet.processRequest(FrameworkServlet.java:1000) ~[spring-webmvc-7.0.8.jar:7.0.8]
	at org.springframework.web.servlet.FrameworkServlet.doPost(FrameworkServlet.java:903) ~[spring-webmvc-7.0.8.jar:7.0.8]
	at jakarta.servlet.http.HttpServlet.service(HttpServlet.java:649) ~[tomcat-embed-core-11.0.22.jar:6.1]
	at org.springframework.web.servlet.FrameworkServlet.service(FrameworkServlet.java:874) ~[spring-webmvc-7.0.8.jar:7.0.8]
	at jakarta.servlet.http.HttpServlet.service(HttpServlet.java:710) ~[tomcat-embed-core-11.0.22.jar:6.1]
	at org.apache.catalina.core.ApplicationFilterChain.doFilter(ApplicationFilterChain.java:128) ~[tomcat-embed-core-11.0.22.jar:11.0.22]
	at org.apache.tomcat.websocket.server.WsFilter.doFilter(WsFilter.java:53) ~[tomcat-embed-websocket-11.0.22.jar:11.0.22]
	at org.apache.catalina.core.ApplicationFilterChain.doFilter(ApplicationFilterChain.java:107) ~[tomcat-embed-core-11.0.22.jar:11.0.22]
	at org.springframework.web.filter.RequestContextFilter.doFilterInternal(RequestContextFilter.java:100) ~[spring-web-7.0.8.jar:7.0.8]
	at org.springframework.web.filter.OncePerRequestFilter.doFilter(OncePerRequestFilter.java:116) ~[spring-web-7.0.8.jar:7.0.8]
	at org.apache.catalina.core.ApplicationFilterChain.doFilter(ApplicationFilterChain.java:107) ~[tomcat-embed-core-11.0.22.jar:11.0.22]
	at org.springframework.web.filter.FormContentFilter.doFilterInternal(FormContentFilter.java:93) ~[spring-web-7.0.8.jar:7.0.8]
	at org.springframework.web.filter.OncePerRequestFilter.doFilter(OncePerRequestFilter.java:116) ~[spring-web-7.0.8.jar:7.0.8]
	at org.apache.catalina.core.ApplicationFilterChain.doFilter(ApplicationFilterChain.java:107) ~[tomcat-embed-core-11.0.22.jar:11.0.22]
	at org.springframework.web.filter.CharacterEncodingFilter.doFilterInternal(CharacterEncodingFilter.java:199) ~[spring-web-7.0.8.jar:7.0.8]
	at org.springframework.web.filter.OncePerRequestFilter.doFilter(OncePerRequestFilter.java:116) ~[spring-web-7.0.8.jar:7.0.8]
	at org.apache.catalina.core.ApplicationFilterChain.doFilter(ApplicationFilterChain.java:107) ~[tomcat-embed-core-11.0.22.jar:11.0.22]
	at org.apache.catalina.core.StandardWrapperValve.invoke(StandardWrapperValve.java:165) ~[tomcat-embed-core-11.0.22.jar:11.0.22]
	at org.apache.catalina.core.StandardContextValve.invoke(StandardContextValve.java:77) ~[tomcat-embed-core-11.0.22.jar:11.0.22]
	at org.apache.catalina.authenticator.AuthenticatorBase.invoke(AuthenticatorBase.java:492) ~[tomcat-embed-core-11.0.22.jar:11.0.22]
	at org.apache.catalina.core.StandardHostValve.invoke(StandardHostValve.java:113) ~[tomcat-embed-core-11.0.22.jar:11.0.22]
	at org.apache.catalina.valves.ErrorReportValve.invoke(ErrorReportValve.java:83) ~[tomcat-embed-core-11.0.22.jar:11.0.22]
	at org.apache.catalina.core.StandardEngineValve.invoke(StandardEngineValve.java:72) ~[tomcat-embed-core-11.0.22.jar:11.0.22]
	at org.apache.catalina.connector.CoyoteAdapter.service(CoyoteAdapter.java:341) ~[tomcat-embed-core-11.0.22.jar:11.0.22]
	at org.apache.coyote.http11.Http11Processor.service(Http11Processor.java:397) ~[tomcat-embed-core-11.0.22.jar:11.0.22]
	at org.apache.coyote.AbstractProcessorLight.process(AbstractProcessorLight.java:63) ~[tomcat-embed-core-11.0.22.jar:11.0.22]
	at org.apache.coyote.AbstractProtocol$ConnectionHandler.process(AbstractProtocol.java:1272) ~[tomcat-embed-core-11.0.22.jar:11.0.22]
	at org.apache.tomcat.util.net.NioEndpoint$SocketProcessor.doRun(NioEndpoint.java:1801) ~[tomcat-embed-core-11.0.22.jar:11.0.22]
	at org.apache.tomcat.util.net.SocketProcessorBase.run(SocketProcessorBase.java:52) ~[tomcat-embed-core-11.0.22.jar:11.0.22]
	at java.base/java.lang.VirtualThread.run(VirtualThread.java:329) ~[na:na]

2026-09-01T17:49:55.757-03:00 DEBUG 8588 --- [lab] [HikariPool-1:connection-adder] com.zaxxer.hikari.pool.HikariPool        : HikariPool-1 - Connection not added, stats (total=18/30, idle=16/10, active=2, waiting=0)
2026-09-01T17:49:55.853-03:00 DEBUG 8588 --- [lab] [HikariPool-1:connection-adder] com.zaxxer.hikari.pool.HikariPool        : HikariPool-1 - Connection not added, stats (total=18/30, idle=16/10, active=2, waiting=0)
2026-09-01T17:49:58.837-03:00 DEBUG 8588 --- [lab] [HikariPool-1:connection-adder] com.zaxxer.hikari.pool.HikariPool        : HikariPool-1 - Connection not added, stats (total=18/30, idle=16/10, active=2, waiting=0)
2026-09-01T17:50:00.504-03:00 DEBUG 8588 --- [lab] [HikariPool-1:connection-adder] com.zaxxer.hikari.pool.HikariPool        : HikariPool-1 - Connection not added, stats (total=18/30, idle=18/10, active=0, waiting=0)
2026-09-01T17:50:00.524-03:00 DEBUG 8588 --- [lab] [HikariPool-1:connection-adder] com.zaxxer.hikari.pool.HikariPool        : HikariPool-1 - Connection not added, stats (total=18/30, idle=18/10, active=0, waiting=0)
2026-09-01T17:50:00.569-03:00 DEBUG 8588 --- [lab] [HikariPool-1:connection-adder] com.zaxxer.hikari.pool.HikariPool        : HikariPool-1 - Connection not added, stats (total=18/30, idle=16/10, active=2, waiting=0)
2026-09-01T17:50:00.668-03:00 DEBUG 8588 --- [lab] [HikariPool-1:connection-adder] com.zaxxer.hikari.pool.HikariPool        : HikariPool-1 - Connection not added, stats (total=18/30, idle=16/10, active=2, waiting=0)
2026-09-01T17:50:01.854-03:00 DEBUG 8588 --- [lab] [HikariPool-1:connection-adder] com.zaxxer.hikari.pool.HikariPool        : HikariPool-1 - Connection not added, stats (total=18/30, idle=16/10, active=2, waiting=0)
2026-09-01T17:50:01.868-03:00 DEBUG 8588 --- [lab] [HikariPool-1:connection-adder] com.zaxxer.hikari.pool.HikariPool        : HikariPool-1 - Connection not added, stats (total=18/30, idle=16/10, active=2, waiting=0)
2026-09-01T17:50:01.940-03:00 DEBUG 8588 --- [lab] [HikariPool-1:connection-adder] com.zaxxer.hikari.pool.HikariPool        : HikariPool-1 - Connection not added, stats (total=18/30, idle=16/10, active=2, waiting=0)
2026-09-01T17:50:02.215-03:00 DEBUG 8588 --- [lab] [HikariPool-1:connection-adder] com.zaxxer.hikari.pool.HikariPool        : HikariPool-1 - Connection not added, stats (total=18/30, idle=16/10, active=2, waiting=0)
2026-09-01T17:50:02.222-03:00 DEBUG 8588 --- [lab] [HikariPool-1:connection-adder] com.zaxxer.hikari.pool.HikariPool        : HikariPool-1 - Connection not added, stats (total=18/30, idle=16/10, active=2, waiting=0)
2026-09-01T17:50:02.280-03:00 DEBUG 8588 --- [lab] [HikariPool-1:connection-adder] com.zaxxer.hikari.pool.HikariPool        : HikariPool-1 - Connection not added, stats (total=18/30, idle=16/10, active=2, waiting=0)
2026-09-01T17:50:02.335-03:00 DEBUG 8588 --- [lab] [HikariPool-1:connection-adder] com.zaxxer.hikari.pool.HikariPool        : HikariPool-1 - Connection not added, stats (total=18/30, idle=16/10, active=2, waiting=0)
2026-09-01T17:50:02.369-03:00 DEBUG 8588 --- [lab] [HikariPool-1:connection-adder] com.zaxxer.hikari.pool.HikariPool        : HikariPool-1 - Connection not added, stats (total=18/30, idle=16/10, active=2, waiting=0)
2026-09-01T17:50:02.913-03:00 DEBUG 8588 --- [lab] [HikariPool-1:connection-adder] com.zaxxer.hikari.pool.HikariPool        : HikariPool-1 - Connection not added, stats (total=18/30, idle=16/10, active=2, waiting=0)
2026-09-01T17:50:04.356-03:00 DEBUG 8588 --- [lab] [HikariPool-1:connection-adder] com.zaxxer.hikari.pool.HikariPool        : HikariPool-1 - Connection not added, stats (total=18/30, idle=16/10, active=2, waiting=0)
2026-09-01T17:50:13.624-03:00 DEBUG 8588 --- [lab] [HikariPool-1:housekeeper] com.zaxxer.hikari.pool.HikariPool        : HikariPool-1 - Before cleanup stats (total=18/30, idle=18/10, active=0, waiting=0)
2026-09-01T17:50:13.624-03:00 DEBUG 8588 --- [lab] [HikariPool-1:housekeeper] com.zaxxer.hikari.pool.HikariPool        : HikariPool-1 - After  cleanup stats (total=18/30, idle=18/10, active=0, waiting=0)
2026-09-01T17:50:13.624-03:00 DEBUG 8588 --- [lab] [HikariPool-1:housekeeper] com.zaxxer.hikari.pool.HikariPool        : HikariPool-1 - Fill pool skipped, pool has sufficient level or currently being filled.
2026-09-01T17:50:43.629-03:00 DEBUG 8588 --- [lab] [HikariPool-1:housekeeper] com.zaxxer.hikari.pool.HikariPool        : HikariPool-1 - Before cleanup stats (total=18/30, idle=18/10, active=0, waiting=0)
2026-09-01T17:50:43.629-03:00 DEBUG 8588 --- [lab] [HikariPool-1:housekeeper] com.zaxxer.hikari.pool.HikariPool        : HikariPool-1 - After  cleanup stats (total=18/30, idle=18/10, active=0, waiting=0)
2026-09-01T17:50:43.629-03:00 DEBUG 8588 --- [lab] [HikariPool-1:housekeeper] com.zaxxer.hikari.pool.HikariPool        : HikariPool-1 - Fill pool skipped, pool has sufficient level or currently being filled.
2026-09-01T17:50:51.239-03:00 DEBUG 8588 --- [lab] [HikariPool-1:housekeeper] com.zaxxer.hikari.pool.HikariPool        : HikariPool-1 - keepalive: connection org.postgresql.jdbc.PgConnection@34eb8721 is alive
2026-09-01T17:50:53.450-03:00 DEBUG 8588 --- [lab] [HikariPool-1:housekeeper] com.zaxxer.hikari.pool.HikariPool        : HikariPool-1 - keepalive: connection org.postgresql.jdbc.PgConnection@6d420e6a is alive
2026-09-01T17:50:55.062-03:00 DEBUG 8588 --- [lab] [HikariPool-1:housekeeper] com.zaxxer.hikari.pool.HikariPool        : HikariPool-1 - keepalive: connection org.postgresql.jdbc.PgConnection@d9716cd is alive
2026-09-01T17:50:56.494-03:00 DEBUG 8588 --- [lab] [HikariPool-1:housekeeper] com.zaxxer.hikari.pool.HikariPool        : HikariPool-1 - keepalive: connection org.postgresql.jdbc.PgConnection@16e373d1 is alive
2026-09-01T17:51:01.284-03:00 DEBUG 8588 --- [lab] [HikariPool-1:housekeeper] com.zaxxer.hikari.pool.HikariPool        : HikariPool-1 - keepalive: connection org.postgresql.jdbc.PgConnection@9a89320 is alive
2026-09-01T17:51:01.396-03:00 DEBUG 8588 --- [lab] [HikariPool-1:housekeeper] com.zaxxer.hikari.pool.HikariPool        : HikariPool-1 - keepalive: connection org.postgresql.jdbc.PgConnection@40802eed is alive
2026-09-01T17:51:01.618-03:00 DEBUG 8588 --- [lab] [HikariPool-1:housekeeper] com.zaxxer.hikari.pool.HikariPool        : HikariPool-1 - keepalive: connection org.postgresql.jdbc.PgConnection@cf62b9 is alive
2026-09-01T17:51:02.030-03:00 DEBUG 8588 --- [lab] [HikariPool-1:housekeeper] com.zaxxer.hikari.pool.HikariPool        : HikariPool-1 - keepalive: connection org.postgresql.jdbc.PgConnection@31a01644 is alive
2026-09-01T17:51:02.851-03:00 DEBUG 8588 --- [lab] [HikariPool-1:housekeeper] com.zaxxer.hikari.pool.HikariPool        : HikariPool-1 - keepalive: connection org.postgresql.jdbc.PgConnection@77d27a64 is alive
2026-09-01T17:51:04.860-03:00 DEBUG 8588 --- [lab] [HikariPool-1:housekeeper] com.zaxxer.hikari.pool.HikariPool        : HikariPool-1 - keepalive: connection org.postgresql.jdbc.PgConnection@7e7d11b6 is alive
2026-09-01T17:51:06.052-03:00 DEBUG 8588 --- [lab] [HikariPool-1:housekeeper] com.zaxxer.hikari.pool.HikariPool        : HikariPool-1 - keepalive: connection org.postgresql.jdbc.PgConnection@2cf4ba5f is alive
2026-09-01T17:51:06.752-03:00 DEBUG 8588 --- [lab] [HikariPool-1:housekeeper] com.zaxxer.hikari.pool.HikariPool        : HikariPool-1 - keepalive: connection org.postgresql.jdbc.PgConnection@4c03738e is alive
2026-09-01T17:51:07.851-03:00 DEBUG 8588 --- [lab] [HikariPool-1:housekeeper] com.zaxxer.hikari.pool.HikariPool        : HikariPool-1 - keepalive: connection org.postgresql.jdbc.PgConnection@4895991b is alive
2026-09-01T17:51:08.418-03:00 DEBUG 8588 --- [lab] [HikariPool-1:housekeeper] com.zaxxer.hikari.pool.HikariPool        : HikariPool-1 - keepalive: connection org.postgresql.jdbc.PgConnection@5707fe2d is alive
2026-09-01T17:51:10.268-03:00 DEBUG 8588 --- [lab] [HikariPool-1:housekeeper] com.zaxxer.hikari.pool.HikariPool        : HikariPool-1 - keepalive: connection org.postgresql.jdbc.PgConnection@7997330f is alive
2026-09-01T17:51:11.446-03:00 DEBUG 8588 --- [lab] [HikariPool-1:housekeeper] com.zaxxer.hikari.pool.HikariPool        : HikariPool-1 - keepalive: connection org.postgresql.jdbc.PgConnection@28ba6654 is alive
2026-09-01T17:51:11.846-03:00 DEBUG 8588 --- [lab] [HikariPool-1:housekeeper] com.zaxxer.hikari.pool.HikariPool        : HikariPool-1 - keepalive: connection org.postgresql.jdbc.PgConnection@76f7dbd is alive
2026-09-01T17:51:13.643-03:00 DEBUG 8588 --- [lab] [HikariPool-1:housekeeper] com.zaxxer.hikari.pool.HikariPool        : HikariPool-1 - Before cleanup stats (total=18/30, idle=18/10, active=0, waiting=0)
2026-09-01T17:51:13.643-03:00 DEBUG 8588 --- [lab] [HikariPool-1:housekeeper] com.zaxxer.hikari.pool.HikariPool        : HikariPool-1 - After  cleanup stats (total=18/30, idle=18/10, active=0, waiting=0)
2026-09-01T17:51:13.644-03:00 DEBUG 8588 --- [lab] [HikariPool-1:housekeeper] com.zaxxer.hikari.pool.HikariPool        : HikariPool-1 - Fill pool skipped, pool has sufficient level or currently being filled.
2026-09-01T17:51:16.475-03:00 DEBUG 8588 --- [lab] [HikariPool-1:housekeeper] com.zaxxer.hikari.pool.HikariPool        : HikariPool-1 - keepalive: connection org.postgresql.jdbc.PgConnection@a9e0baa is alive
2026-09-01T17:51:43.659-03:00 DEBUG 8588 --- [lab] [HikariPool-1:housekeeper] com.zaxxer.hikari.pool.HikariPool        : HikariPool-1 - Before cleanup stats (total=18/30, idle=18/10, active=0, waiting=0)
2026-09-01T17:51:43.659-03:00 DEBUG 8588 --- [lab] [HikariPool-1:housekeeper] com.zaxxer.hikari.pool.HikariPool        : HikariPool-1 - After  cleanup stats (total=18/30, idle=18/10, active=0, waiting=0)
2026-09-01T17:51:43.659-03:00 DEBUG 8588 --- [lab] [HikariPool-1:housekeeper] com.zaxxer.hikari.pool.HikariPool        : HikariPool-1 - Fill pool skipped, pool has sufficient level or currently being filled.
2026-09-01T17:52:13.666-03:00 DEBUG 8588 --- [lab] [HikariPool-1:housekeeper] com.zaxxer.hikari.pool.HikariPool        : HikariPool-1 - Before cleanup stats (total=18/30, idle=18/10, active=0, waiting=0)
2026-09-01T17:52:13.666-03:00 DEBUG 8588 --- [lab] [HikariPool-1:housekeeper] com.zaxxer.hikari.pool.HikariPool        : HikariPool-1 - After  cleanup stats (total=18/30, idle=18/10, active=0, waiting=0)
2026-09-01T17:52:13.666-03:00 DEBUG 8588 --- [lab] [HikariPool-1:housekeeper] com.zaxxer.hikari.pool.HikariPool        : HikariPool-1 - Fill pool skipped, pool has sufficient level or currently being filled.
2026-09-01T17:52:28.620-03:00 DEBUG 8588 --- [lab] [HikariPool-1:housekeeper] com.zaxxer.hikari.pool.HikariPool        : HikariPool-1 - keepalive: connection org.postgresql.jdbc.PgConnection@34eb8721 is alive
2026-09-01T17:52:31.483-03:00 DEBUG 8588 --- [lab] [HikariPool-1:housekeeper] com.zaxxer.hikari.pool.HikariPool        : HikariPool-1 - keepalive: connection org.postgresql.jdbc.PgConnection@6d420e6a is alive
2026-09-01T17:52:36.471-03:00 DEBUG 8588 --- [lab] [HikariPool-1:housekeeper] com.zaxxer.hikari.pool.HikariPool        : HikariPool-1 - keepalive: connection org.postgresql.jdbc.PgConnection@d9716cd is alive
2026-09-01T17:52:37.387-03:00 DEBUG 8588 --- [lab] [HikariPool-1:housekeeper] com.zaxxer.hikari.pool.HikariPool        : HikariPool-1 - keepalive: connection org.postgresql.jdbc.PgConnection@16e373d1 is alive
2026-09-01T17:52:43.680-03:00 DEBUG 8588 --- [lab] [HikariPool-1:housekeeper] com.zaxxer.hikari.pool.HikariPool        : HikariPool-1 - Before cleanup stats (total=18/30, idle=18/10, active=0, waiting=0)
2026-09-01T17:52:43.680-03:00 DEBUG 8588 --- [lab] [HikariPool-1:housekeeper] com.zaxxer.hikari.pool.HikariPool        : HikariPool-1 - After  cleanup stats (total=18/30, idle=18/10, active=0, waiting=0)
2026-09-01T17:52:43.680-03:00 DEBUG 8588 --- [lab] [HikariPool-1:housekeeper] com.zaxxer.hikari.pool.HikariPool        : HikariPool-1 - Fill pool skipped, pool has sufficient level or currently being filled.
2026-09-01T17:52:48.541-03:00 DEBUG 8588 --- [lab] [HikariPool-1:housekeeper] com.zaxxer.hikari.pool.HikariPool        : HikariPool-1 - keepalive: connection org.postgresql.jdbc.PgConnection@40802eed is alive
2026-09-01T17:52:48.557-03:00 DEBUG 8588 --- [lab] [HikariPool-1:housekeeper] com.zaxxer.hikari.pool.HikariPool        : HikariPool-1 - keepalive: connection org.postgresql.jdbc.PgConnection@77d27a64 is alive
2026-09-01T17:52:48.699-03:00 DEBUG 8588 --- [lab] [HikariPool-1:housekeeper] com.zaxxer.hikari.pool.HikariPool        : HikariPool-1 - keepalive: connection org.postgresql.jdbc.PgConnection@cf62b9 is alive
2026-09-01T17:52:49.013-03:00 DEBUG 8588 --- [lab] [HikariPool-1:housekeeper] com.zaxxer.hikari.pool.HikariPool        : HikariPool-1 - keepalive: connection org.postgresql.jdbc.PgConnection@9a89320 is alive
2026-09-01T17:52:50.629-03:00 DEBUG 8588 --- [lab] [HikariPool-1:housekeeper] com.zaxxer.hikari.pool.HikariPool        : HikariPool-1 - keepalive: connection org.postgresql.jdbc.PgConnection@31a01644 is alive
2026-09-01T17:52:53.163-03:00 DEBUG 8588 --- [lab] [HikariPool-1:housekeeper] com.zaxxer.hikari.pool.HikariPool        : HikariPool-1 - keepalive: connection org.postgresql.jdbc.PgConnection@7e7d11b6 is alive
2026-09-01T17:52:57.065-03:00 DEBUG 8588 --- [lab] [HikariPool-1:housekeeper] com.zaxxer.hikari.pool.HikariPool        : HikariPool-1 - keepalive: connection org.postgresql.jdbc.PgConnection@2cf4ba5f is alive
2026-09-01T17:52:59.472-03:00 DEBUG 8588 --- [lab] [HikariPool-1:housekeeper] com.zaxxer.hikari.pool.HikariPool        : HikariPool-1 - keepalive: connection org.postgresql.jdbc.PgConnection@4c03738e is alive
2026-09-01T17:53:01.929-03:00 DEBUG 8588 --- [lab] [HikariPool-1:housekeeper] com.zaxxer.hikari.pool.HikariPool        : HikariPool-1 - keepalive: connection org.postgresql.jdbc.PgConnection@4895991b is alive
2026-09-01T17:53:02.009-03:00 DEBUG 8588 --- [lab] [HikariPool-1:housekeeper] com.zaxxer.hikari.pool.HikariPool        : HikariPool-1 - keepalive: connection org.postgresql.jdbc.PgConnection@5707fe2d is alive
2026-09-01T17:53:06.599-03:00 DEBUG 8588 --- [lab] [HikariPool-1:housekeeper] com.zaxxer.hikari.pool.HikariPool        : HikariPool-1 - keepalive: connection org.postgresql.jdbc.PgConnection@7997330f is alive
2026-09-01T17:53:08.757-03:00 DEBUG 8588 --- [lab] [HikariPool-1:housekeeper] com.zaxxer.hikari.pool.HikariPool        : HikariPool-1 - keepalive: connection org.postgresql.jdbc.PgConnection@28ba6654 is alive
2026-09-01T17:53:10.218-03:00 DEBUG 8588 --- [lab] [HikariPool-1:housekeeper] com.zaxxer.hikari.pool.HikariPool        : HikariPool-1 - keepalive: connection org.postgresql.jdbc.PgConnection@76f7dbd is alive
2026-09-01T17:53:10.968-03:00 DEBUG 8588 --- [lab] [HikariPool-1:housekeeper] com.zaxxer.hikari.pool.HikariPool        : HikariPool-1 - keepalive: connection org.postgresql.jdbc.PgConnection@a9e0baa is alive
2026-09-01T17:53:13.684-03:00 DEBUG 8588 --- [lab] [HikariPool-1:housekeeper] com.zaxxer.hikari.pool.HikariPool        : HikariPool-1 - Before cleanup stats (total=18/30, idle=18/10, active=0, waiting=0)
2026-09-01T17:53:13.684-03:00 DEBUG 8588 --- [lab] [HikariPool-1:housekeeper] com.zaxxer.hikari.pool.HikariPool        : HikariPool-1 - After  cleanup stats (total=18/30, idle=18/10, active=0, waiting=0)
2026-09-01T17:53:13.684-03:00 DEBUG 8588 --- [lab] [HikariPool-1:housekeeper] com.zaxxer.hikari.pool.HikariPool        : HikariPool-1 - Fill pool skipped, pool has sufficient level or currently being filled.
2026-09-01T17:53:43.696-03:00 DEBUG 8588 --- [lab] [HikariPool-1:housekeeper] com.zaxxer.hikari.pool.HikariPool        : HikariPool-1 - Before cleanup stats (total=18/30, idle=18/10, active=0, waiting=0)
2026-09-01T17:53:43.696-03:00 DEBUG 8588 --- [lab] [HikariPool-1:housekeeper] com.zaxxer.hikari.pool.HikariPool        : HikariPool-1 - After  cleanup stats (total=18/30, idle=18/10, active=0, waiting=0)
2026-09-01T17:53:43.696-03:00 DEBUG 8588 --- [lab] [HikariPool-1:housekeeper] com.zaxxer.hikari.pool.HikariPool        : HikariPool-1 - Fill pool skipped, pool has sufficient level or currently being filled.
2026-09-01T17:54:05.992-03:00 DEBUG 8588 --- [lab] [HikariPool-1:housekeeper] com.zaxxer.hikari.pool.HikariPool        : HikariPool-1 - keepalive: connection org.postgresql.jdbc.PgConnection@34eb8721 is alive
2026-09-01T17:54:09.521-03:00 DEBUG 8588 --- [lab] [HikariPool-1:housekeeper] com.zaxxer.hikari.pool.HikariPool        : HikariPool-1 - keepalive: connection org.postgresql.jdbc.PgConnection@6d420e6a is alive
2026-09-01T17:54:13.710-03:00 DEBUG 8588 --- [lab] [HikariPool-1:housekeeper] com.zaxxer.hikari.pool.HikariPool        : HikariPool-1 - Before cleanup stats (total=18/30, idle=18/10, active=0, waiting=0)
2026-09-01T17:54:13.710-03:00 DEBUG 8588 --- [lab] [HikariPool-1:housekeeper] com.zaxxer.hikari.pool.HikariPool        : HikariPool-1 - After  cleanup stats (total=18/30, idle=18/10, active=0, waiting=0)
2026-09-01T17:54:13.710-03:00 DEBUG 8588 --- [lab] [HikariPool-1:housekeeper] com.zaxxer.hikari.pool.HikariPool        : HikariPool-1 - Fill pool skipped, pool has sufficient level or currently being filled.
2026-09-01T17:54:17.856-03:00 DEBUG 8588 --- [lab] [HikariPool-1:housekeeper] com.zaxxer.hikari.pool.HikariPool        : HikariPool-1 - keepalive: connection org.postgresql.jdbc.PgConnection@d9716cd is alive
2026-09-01T17:54:18.283-03:00 DEBUG 8588 --- [lab] [HikariPool-1:housekeeper] com.zaxxer.hikari.pool.HikariPool        : HikariPool-1 - keepalive: connection org.postgresql.jdbc.PgConnection@16e373d1 is alive
2026-09-01T17:54:34.260-03:00 DEBUG 8588 --- [lab] [HikariPool-1:housekeeper] com.zaxxer.hikari.pool.HikariPool        : HikariPool-1 - keepalive: connection org.postgresql.jdbc.PgConnection@77d27a64 is alive
2026-09-01T17:54:35.678-03:00 DEBUG 8588 --- [lab] [HikariPool-1:housekeeper] com.zaxxer.hikari.pool.HikariPool        : HikariPool-1 - keepalive: connection org.postgresql.jdbc.PgConnection@40802eed is alive
2026-09-01T17:54:35.790-03:00 DEBUG 8588 --- [lab] [HikariPool-1:housekeeper] com.zaxxer.hikari.pool.HikariPool        : HikariPool-1 - keepalive: connection org.postgresql.jdbc.PgConnection@cf62b9 is alive
2026-09-01T17:54:36.744-03:00 DEBUG 8588 --- [lab] [HikariPool-1:housekeeper] com.zaxxer.hikari.pool.HikariPool        : HikariPool-1 - keepalive: connection org.postgresql.jdbc.PgConnection@9a89320 is alive
2026-09-01T17:54:39.225-03:00 DEBUG 8588 --- [lab] [HikariPool-1:housekeeper] com.zaxxer.hikari.pool.HikariPool        : HikariPool-1 - keepalive: connection org.postgresql.jdbc.PgConnection@31a01644 is alive
2026-09-01T17:54:41.459-03:00 DEBUG 8588 --- [lab] [HikariPool-1:housekeeper] com.zaxxer.hikari.pool.HikariPool        : HikariPool-1 - keepalive: connection org.postgresql.jdbc.PgConnection@7e7d11b6 is alive
2026-09-01T17:54:43.723-03:00 DEBUG 8588 --- [lab] [HikariPool-1:housekeeper] com.zaxxer.hikari.pool.HikariPool        : HikariPool-1 - Before cleanup stats (total=18/30, idle=18/10, active=0, waiting=0)
2026-09-01T17:54:43.723-03:00 DEBUG 8588 --- [lab] [HikariPool-1:housekeeper] com.zaxxer.hikari.pool.HikariPool        : HikariPool-1 - After  cleanup stats (total=18/30, idle=18/10, active=0, waiting=0)
2026-09-01T17:54:43.723-03:00 DEBUG 8588 --- [lab] [HikariPool-1:housekeeper] com.zaxxer.hikari.pool.HikariPool        : HikariPool-1 - Fill pool skipped, pool has sufficient level or currently being filled.
2026-09-01T17:54:48.086-03:00 DEBUG 8588 --- [lab] [HikariPool-1:housekeeper] com.zaxxer.hikari.pool.HikariPool        : HikariPool-1 - keepalive: connection org.postgresql.jdbc.PgConnection@2cf4ba5f is alive
2026-09-01T17:54:52.187-03:00 DEBUG 8588 --- [lab] [HikariPool-1:housekeeper] com.zaxxer.hikari.pool.HikariPool        : HikariPool-1 - keepalive: connection org.postgresql.jdbc.PgConnection@4c03738e is alive
2026-09-01T17:54:55.593-03:00 DEBUG 8588 --- [lab] [HikariPool-1:housekeeper] com.zaxxer.hikari.pool.HikariPool        : HikariPool-1 - keepalive: connection org.postgresql.jdbc.PgConnection@5707fe2d is alive
2026-09-01T17:54:56.007-03:00 DEBUG 8588 --- [lab] [HikariPool-1:housekeeper] com.zaxxer.hikari.pool.HikariPool        : HikariPool-1 - keepalive: connection org.postgresql.jdbc.PgConnection@4895991b is alive
2026-09-01T17:55:02.929-03:00 DEBUG 8588 --- [lab] [HikariPool-1:housekeeper] com.zaxxer.hikari.pool.HikariPool        : HikariPool-1 - keepalive: connection org.postgresql.jdbc.PgConnection@7997330f is alive
2026-09-01T17:55:05.463-03:00 DEBUG 8588 --- [lab] [HikariPool-1:housekeeper] com.zaxxer.hikari.pool.HikariPool        : HikariPool-1 - keepalive: connection org.postgresql.jdbc.PgConnection@a9e0baa is alive
2026-09-01T17:55:06.068-03:00 DEBUG 8588 --- [lab] [HikariPool-1:housekeeper] com.zaxxer.hikari.pool.HikariPool        : HikariPool-1 - keepalive: connection org.postgresql.jdbc.PgConnection@28ba6654 is alive
2026-09-01T17:55:08.585-03:00 DEBUG 8588 --- [lab] [HikariPool-1:housekeeper] com.zaxxer.hikari.pool.HikariPool        : HikariPool-1 - keepalive: connection org.postgresql.jdbc.PgConnection@76f7dbd is alive
2026-09-01T17:55:13.736-03:00 DEBUG 8588 --- [lab] [HikariPool-1:housekeeper] com.zaxxer.hikari.pool.HikariPool        : HikariPool-1 - Before cleanup stats (total=18/30, idle=18/10, active=0, waiting=0)
2026-09-01T17:55:13.736-03:00 DEBUG 8588 --- [lab] [HikariPool-1:housekeeper] com.zaxxer.hikari.pool.HikariPool        : HikariPool-1 - After  cleanup stats (total=18/30, idle=18/10, active=0, waiting=0)
2026-09-01T17:55:13.736-03:00 DEBUG 8588 --- [lab] [HikariPool-1:housekeeper] com.zaxxer.hikari.pool.HikariPool        : HikariPool-1 - Fill pool skipped, pool has sufficient level or currently being filled.
2026-09-01T17:55:43.376-03:00 DEBUG 8588 --- [lab] [HikariPool-1:housekeeper] com.zaxxer.hikari.pool.HikariPool        : HikariPool-1 - keepalive: connection org.postgresql.jdbc.PgConnection@34eb8721 is alive
2026-09-01T17:55:43.740-03:00 DEBUG 8588 --- [lab] [HikariPool-1:housekeeper] com.zaxxer.hikari.pool.HikariPool        : HikariPool-1 - Before cleanup stats (total=18/30, idle=18/10, active=0, waiting=0)
2026-09-01T17:55:43.740-03:00 DEBUG 8588 --- [lab] [HikariPool-1:housekeeper] com.zaxxer.hikari.pool.HikariPool        : HikariPool-1 - After  cleanup stats (total=18/30, idle=18/10, active=0, waiting=0)
2026-09-01T17:55:43.740-03:00 DEBUG 8588 --- [lab] [HikariPool-1:housekeeper] com.zaxxer.hikari.pool.HikariPool        : HikariPool-1 - Fill pool skipped, pool has sufficient level or currently being filled.
2026-09-01T17:55:47.549-03:00 DEBUG 8588 --- [lab] [HikariPool-1:housekeeper] com.zaxxer.hikari.pool.HikariPool        : HikariPool-1 - keepalive: connection org.postgresql.jdbc.PgConnection@6d420e6a is alive
2026-09-01T17:55:59.170-03:00 DEBUG 8588 --- [lab] [HikariPool-1:housekeeper] com.zaxxer.hikari.pool.HikariPool        : HikariPool-1 - keepalive: connection org.postgresql.jdbc.PgConnection@16e373d1 is alive
2026-09-01T17:55:59.249-03:00 DEBUG 8588 --- [lab] [HikariPool-1:housekeeper] com.zaxxer.hikari.pool.HikariPool        : HikariPool-1 - keepalive: connection org.postgresql.jdbc.PgConnection@d9716cd is alive
2026-09-01T17:56:13.755-03:00 DEBUG 8588 --- [lab] [HikariPool-1:housekeeper] com.zaxxer.hikari.pool.HikariPool        : HikariPool-1 - Before cleanup stats (total=18/30, idle=18/10, active=0, waiting=0)
2026-09-01T17:56:13.755-03:00 DEBUG 8588 --- [lab] [HikariPool-1:housekeeper] com.zaxxer.hikari.pool.HikariPool        : HikariPool-1 - After  cleanup stats (total=18/30, idle=18/10, active=0, waiting=0)
2026-09-01T17:56:13.755-03:00 DEBUG 8588 --- [lab] [HikariPool-1:housekeeper] com.zaxxer.hikari.pool.HikariPool        : HikariPool-1 - Fill pool skipped, pool has sufficient level or currently being filled.
2026-09-01T17:56:19.964-03:00 DEBUG 8588 --- [lab] [HikariPool-1:housekeeper] com.zaxxer.hikari.pool.HikariPool        : HikariPool-1 - keepalive: connection org.postgresql.jdbc.PgConnection@77d27a64 is alive
2026-09-01T17:56:22.815-03:00 DEBUG 8588 --- [lab] [HikariPool-1:housekeeper] com.zaxxer.hikari.pool.HikariPool        : HikariPool-1 - keepalive: connection org.postgresql.jdbc.PgConnection@40802eed is alive
2026-09-01T17:56:22.879-03:00 DEBUG 8588 --- [lab] [HikariPool-1:housekeeper] com.zaxxer.hikari.pool.HikariPool        : HikariPool-1 - keepalive: connection org.postgresql.jdbc.PgConnection@cf62b9 is alive
2026-09-01T17:56:24.477-03:00 DEBUG 8588 --- [lab] [HikariPool-1:housekeeper] com.zaxxer.hikari.pool.HikariPool        : HikariPool-1 - keepalive: connection org.postgresql.jdbc.PgConnection@9a89320 is alive
2026-09-01T17:56:27.829-03:00 DEBUG 8588 --- [lab] [HikariPool-1:housekeeper] com.zaxxer.hikari.pool.HikariPool        : HikariPool-1 - keepalive: connection org.postgresql.jdbc.PgConnection@31a01644 is alive
2026-09-01T17:56:29.759-03:00 DEBUG 8588 --- [lab] [HikariPool-1:housekeeper] com.zaxxer.hikari.pool.HikariPool        : HikariPool-1 - keepalive: connection org.postgresql.jdbc.PgConnection@7e7d11b6 is alive
2026-09-01T17:56:39.103-03:00 DEBUG 8588 --- [lab] [HikariPool-1:housekeeper] com.zaxxer.hikari.pool.HikariPool        : HikariPool-1 - keepalive: connection org.postgresql.jdbc.PgConnection@2cf4ba5f is alive
2026-09-01T17:56:43.768-03:00 DEBUG 8588 --- [lab] [HikariPool-1:housekeeper] com.zaxxer.hikari.pool.HikariPool        : HikariPool-1 - Before cleanup stats (total=18/30, idle=18/10, active=0, waiting=0)
2026-09-01T17:56:43.768-03:00 DEBUG 8588 --- [lab] [HikariPool-1:housekeeper] com.zaxxer.hikari.pool.HikariPool        : HikariPool-1 - After  cleanup stats (total=18/30, idle=18/10, active=0, waiting=0)
2026-09-01T17:56:43.768-03:00 DEBUG 8588 --- [lab] [HikariPool-1:housekeeper] com.zaxxer.hikari.pool.HikariPool        : HikariPool-1 - Fill pool skipped, pool has sufficient level or currently being filled.
2026-09-01T17:56:44.902-03:00 DEBUG 8588 --- [lab] [HikariPool-1:housekeeper] com.zaxxer.hikari.pool.HikariPool        : HikariPool-1 - keepalive: connection org.postgresql.jdbc.PgConnection@4c03738e is alive
2026-09-01T17:56:49.181-03:00 DEBUG 8588 --- [lab] [HikariPool-1:housekeeper] com.zaxxer.hikari.pool.HikariPool        : HikariPool-1 - keepalive: connection org.postgresql.jdbc.PgConnection@5707fe2d is alive
2026-09-01T17:56:50.087-03:00 DEBUG 8588 --- [lab] [HikariPool-1:housekeeper] com.zaxxer.hikari.pool.HikariPool        : HikariPool-1 - keepalive: connection org.postgresql.jdbc.PgConnection@4895991b is alive
2026-09-01T17:56:59.253-03:00 DEBUG 8588 --- [lab] [HikariPool-1:housekeeper] com.zaxxer.hikari.pool.HikariPool        : HikariPool-1 - keepalive: connection org.postgresql.jdbc.PgConnection@7997330f is alive
2026-09-01T17:56:59.951-03:00 DEBUG 8588 --- [lab] [HikariPool-1:housekeeper] com.zaxxer.hikari.pool.HikariPool        : HikariPool-1 - keepalive: connection org.postgresql.jdbc.PgConnection@a9e0baa is alive
2026-09-01T17:57:03.382-03:00 DEBUG 8588 --- [lab] [HikariPool-1:housekeeper] com.zaxxer.hikari.pool.HikariPool        : HikariPool-1 - keepalive: connection org.postgresql.jdbc.PgConnection@28ba6654 is alive
2026-09-01T17:57:06.966-03:00 DEBUG 8588 --- [lab] [HikariPool-1:housekeeper] com.zaxxer.hikari.pool.HikariPool        : HikariPool-1 - keepalive: connection org.postgresql.jdbc.PgConnection@76f7dbd is alive
2026-09-01T17:57:13.784-03:00 DEBUG 8588 --- [lab] [HikariPool-1:housekeeper] com.zaxxer.hikari.pool.HikariPool        : HikariPool-1 - Before cleanup stats (total=18/30, idle=18/10, active=0, waiting=0)
2026-09-01T17:57:13.784-03:00 DEBUG 8588 --- [lab] [HikariPool-1:housekeeper] com.zaxxer.hikari.pool.HikariPool        : HikariPool-1 - After  cleanup stats (total=18/30, idle=18/10, active=0, waiting=0)
2026-09-01T17:57:13.784-03:00 DEBUG 8588 --- [lab] [HikariPool-1:housekeeper] com.zaxxer.hikari.pool.HikariPool        : HikariPool-1 - Fill pool skipped, pool has sufficient level or currently being filled.
2026-09-01T17:57:20.758-03:00 DEBUG 8588 --- [lab] [HikariPool-1:housekeeper] com.zaxxer.hikari.pool.HikariPool        : HikariPool-1 - keepalive: connection org.postgresql.jdbc.PgConnection@34eb8721 is alive
2026-09-01T17:57:25.586-03:00 DEBUG 8588 --- [lab] [HikariPool-1:housekeeper] com.zaxxer.hikari.pool.HikariPool        : HikariPool-1 - keepalive: connection org.postgresql.jdbc.PgConnection@6d420e6a is alive
2026-09-01T17:57:40.057-03:00 DEBUG 8588 --- [lab] [HikariPool-1:housekeeper] com.zaxxer.hikari.pool.HikariPool        : HikariPool-1 - keepalive: connection org.postgresql.jdbc.PgConnection@16e373d1 is alive
2026-09-01T17:57:40.638-03:00 DEBUG 8588 --- [lab] [HikariPool-1:housekeeper] com.zaxxer.hikari.pool.HikariPool        : HikariPool-1 - keepalive: connection org.postgresql.jdbc.PgConnection@d9716cd is alive
2026-09-01T17:57:43.795-03:00 DEBUG 8588 --- [lab] [HikariPool-1:housekeeper] com.zaxxer.hikari.pool.HikariPool        : HikariPool-1 - Before cleanup stats (total=18/30, idle=18/10, active=0, waiting=0)
2026-09-01T17:57:43.795-03:00 DEBUG 8588 --- [lab] [HikariPool-1:housekeeper] com.zaxxer.hikari.pool.HikariPool        : HikariPool-1 - After  cleanup stats (total=18/30, idle=18/10, active=0, waiting=0)
2026-09-01T17:57:43.795-03:00 DEBUG 8588 --- [lab] [HikariPool-1:housekeeper] com.zaxxer.hikari.pool.HikariPool        : HikariPool-1 - Fill pool skipped, pool has sufficient level or currently being filled.
2026-09-01T17:58:05.666-03:00 DEBUG 8588 --- [lab] [HikariPool-1:housekeeper] com.zaxxer.hikari.pool.HikariPool        : HikariPool-1 - keepalive: connection org.postgresql.jdbc.PgConnection@77d27a64 is alive
2026-09-01T17:58:09.948-03:00 DEBUG 8588 --- [lab] [HikariPool-1:housekeeper] com.zaxxer.hikari.pool.HikariPool        : HikariPool-1 - keepalive: connection org.postgresql.jdbc.PgConnection@40802eed is alive
2026-09-01T17:58:09.964-03:00 DEBUG 8588 --- [lab] [HikariPool-1:housekeeper] com.zaxxer.hikari.pool.HikariPool        : HikariPool-1 - keepalive: connection org.postgresql.jdbc.PgConnection@cf62b9 is alive
2026-09-01T17:58:12.213-03:00 DEBUG 8588 --- [lab] [HikariPool-1:housekeeper] com.zaxxer.hikari.pool.HikariPool        : HikariPool-1 - keepalive: connection org.postgresql.jdbc.PgConnection@9a89320 is alive
2026-09-01T17:58:13.809-03:00 DEBUG 8588 --- [lab] [HikariPool-1:housekeeper] com.zaxxer.hikari.pool.HikariPool        : HikariPool-1 - Before cleanup stats (total=18/30, idle=18/10, active=0, waiting=0)
2026-09-01T17:58:13.809-03:00 DEBUG 8588 --- [lab] [HikariPool-1:housekeeper] com.zaxxer.hikari.pool.HikariPool        : HikariPool-1 - After  cleanup stats (total=18/30, idle=18/10, active=0, waiting=0)
2026-09-01T17:58:13.809-03:00 DEBUG 8588 --- [lab] [HikariPool-1:housekeeper] com.zaxxer.hikari.pool.HikariPool        : HikariPool-1 - Fill pool skipped, pool has sufficient level or currently being filled.
2026-09-01T17:58:16.429-03:00 DEBUG 8588 --- [lab] [HikariPool-1:housekeeper] com.zaxxer.hikari.pool.HikariPool        : HikariPool-1 - keepalive: connection org.postgresql.jdbc.PgConnection@31a01644 is alive
2026-09-01T17:58:18.057-03:00 DEBUG 8588 --- [lab] [HikariPool-1:housekeeper] com.zaxxer.hikari.pool.HikariPool        : HikariPool-1 - keepalive: connection org.postgresql.jdbc.PgConnection@7e7d11b6 is alive
2026-09-01T17:58:30.120-03:00 DEBUG 8588 --- [lab] [HikariPool-1:housekeeper] com.zaxxer.hikari.pool.HikariPool        : HikariPool-1 - keepalive: connection org.postgresql.jdbc.PgConnection@2cf4ba5f is alive
2026-09-01T17:58:37.622-03:00 DEBUG 8588 --- [lab] [HikariPool-1:housekeeper] com.zaxxer.hikari.pool.HikariPool        : HikariPool-1 - keepalive: connection org.postgresql.jdbc.PgConnection@4c03738e is alive
2026-09-01T17:58:42.762-03:00 DEBUG 8588 --- [lab] [HikariPool-1:housekeeper] com.zaxxer.hikari.pool.HikariPool        : HikariPool-1 - keepalive: connection org.postgresql.jdbc.PgConnection@5707fe2d is alive
2026-09-01T17:58:43.818-03:00 DEBUG 8588 --- [lab] [HikariPool-1:housekeeper] com.zaxxer.hikari.pool.HikariPool        : HikariPool-1 - Before cleanup stats (total=18/30, idle=18/10, active=0, waiting=0)
2026-09-01T17:58:43.818-03:00 DEBUG 8588 --- [lab] [HikariPool-1:housekeeper] com.zaxxer.hikari.pool.HikariPool        : HikariPool-1 - After  cleanup stats (total=18/30, idle=18/10, active=0, waiting=0)
2026-09-01T17:58:43.818-03:00 DEBUG 8588 --- [lab] [HikariPool-1:housekeeper] com.zaxxer.hikari.pool.HikariPool        : HikariPool-1 - Fill pool skipped, pool has sufficient level or currently being filled.
2026-09-01T17:58:44.166-03:00 DEBUG 8588 --- [lab] [HikariPool-1:housekeeper] com.zaxxer.hikari.pool.HikariPool        : HikariPool-1 - keepalive: connection org.postgresql.jdbc.PgConnection@4895991b is alive
2026-09-01T17:58:54.445-03:00 DEBUG 8588 --- [lab] [HikariPool-1:housekeeper] com.zaxxer.hikari.pool.HikariPool        : HikariPool-1 - keepalive: connection org.postgresql.jdbc.PgConnection@a9e0baa is alive
2026-09-01T17:58:55.582-03:00 DEBUG 8588 --- [lab] [HikariPool-1:housekeeper] com.zaxxer.hikari.pool.HikariPool        : HikariPool-1 - keepalive: connection org.postgresql.jdbc.PgConnection@7997330f is alive
2026-09-01T17:58:58.143-03:00 DEBUG 8588 --- [lab] [HikariPool-1:housekeeper] com.zaxxer.hikari.pool.HikariPool        : HikariPool-1 - keepalive: connection org.postgresql.jdbc.PgConnection@34eb8721 is alive
2026-09-01T17:59:00.689-03:00 DEBUG 8588 --- [lab] [HikariPool-1:housekeeper] com.zaxxer.hikari.pool.HikariPool        : HikariPool-1 - keepalive: connection org.postgresql.jdbc.PgConnection@28ba6654 is alive
2026-09-01T17:59:03.617-03:00 DEBUG 8588 --- [lab] [HikariPool-1:housekeeper] com.zaxxer.hikari.pool.HikariPool        : HikariPool-1 - keepalive: connection org.postgresql.jdbc.PgConnection@6d420e6a is alive
2026-09-01T17:59:05.345-03:00 DEBUG 8588 --- [lab] [HikariPool-1:housekeeper] com.zaxxer.hikari.pool.HikariPool        : HikariPool-1 - keepalive: connection org.postgresql.jdbc.PgConnection@76f7dbd is alive
2026-09-01T17:59:13.833-03:00 DEBUG 8588 --- [lab] [HikariPool-1:housekeeper] com.zaxxer.hikari.pool.HikariPool        : HikariPool-1 - Before cleanup stats (total=18/30, idle=18/10, active=0, waiting=0)
2026-09-01T17:59:13.833-03:00 DEBUG 8588 --- [lab] [HikariPool-1:housekeeper] com.zaxxer.hikari.pool.HikariPool        : HikariPool-1 - After  cleanup stats (total=18/30, idle=18/10, active=0, waiting=0)
2026-09-01T17:59:13.833-03:00 DEBUG 8588 --- [lab] [HikariPool-1:housekeeper] com.zaxxer.hikari.pool.HikariPool        : HikariPool-1 - Fill pool skipped, pool has sufficient level or currently being filled.
2026-09-01T17:59:20.951-03:00 DEBUG 8588 --- [lab] [HikariPool-1:housekeeper] com.zaxxer.hikari.pool.HikariPool        : HikariPool-1 - keepalive: connection org.postgresql.jdbc.PgConnection@16e373d1 is alive
2026-09-01T17:59:22.025-03:00 DEBUG 8588 --- [lab] [HikariPool-1:housekeeper] com.zaxxer.hikari.pool.HikariPool        : HikariPool-1 - keepalive: connection org.postgresql.jdbc.PgConnection@d9716cd is alive
2026-09-01T17:59:43.846-03:00 DEBUG 8588 --- [lab] [HikariPool-1:housekeeper] com.zaxxer.hikari.pool.HikariPool        : HikariPool-1 - Before cleanup stats (total=18/30, idle=18/10, active=0, waiting=0)
2026-09-01T17:59:43.848-03:00 DEBUG 8588 --- [lab] [HikariPool-1:housekeeper] com.zaxxer.hikari.pool.HikariPool        : HikariPool-1 - After  cleanup stats (total=10/30, idle=10/10, active=0, waiting=0)
2026-09-01T17:59:43.849-03:00 DEBUG 8588 --- [lab] [HikariPool-1:housekeeper] com.zaxxer.hikari.pool.HikariPool        : HikariPool-1 - Fill pool skipped, pool has sufficient level or currently being filled.
2026-09-01T17:59:57.079-03:00 DEBUG 8588 --- [lab] [HikariPool-1:housekeeper] com.zaxxer.hikari.pool.HikariPool        : HikariPool-1 - keepalive: connection org.postgresql.jdbc.PgConnection@40802eed is alive
2026-09-01T17:59:59.943-03:00 DEBUG 8588 --- [lab] [HikariPool-1:housekeeper] com.zaxxer.hikari.pool.HikariPool        : HikariPool-1 - keepalive: connection org.postgresql.jdbc.PgConnection@9a89320 is alive
2026-09-01T18:00:05.039-03:00 DEBUG 8588 --- [lab] [HikariPool-1:housekeeper] com.zaxxer.hikari.pool.HikariPool        : HikariPool-1 - keepalive: connection org.postgresql.jdbc.PgConnection@31a01644 is alive
2026-09-01T18:00:12.214-03:00  INFO 8588 --- [lab] [File Watcher] rtingClassPathChangeChangedEventListener : Restarting due to 1 class path change (0 additions, 0 deletions, 1 modification)
2026-09-01T18:00:12.227-03:00  INFO 8588 --- [lab] [Thread-1] o.s.boot.tomcat.GracefulShutdown         : Commencing graceful shutdown. Waiting for active requests to complete
2026-09-01T18:00:12.245-03:00  INFO 8588 --- [lab] [tomcat-shutdown] o.s.boot.tomcat.GracefulShutdown         : Graceful shutdown complete
2026-09-01T18:00:12.267-03:00  INFO 8588 --- [lab] [Thread-1] com.zaxxer.hikari.HikariDataSource       : HikariPool-1 - Shutdown initiated...
2026-09-01T18:00:12.267-03:00 DEBUG 8588 --- [lab] [Thread-1] com.zaxxer.hikari.pool.HikariPool        : HikariPool-1 - Before shutdown stats (total=10/30, idle=10/10, active=0, waiting=0)
2026-09-01T18:00:12.276-03:00 DEBUG 8588 --- [lab] [Thread-1] com.zaxxer.hikari.pool.HikariPool        : HikariPool-1 - After  shutdown stats (total=0/30, idle=0/10, active=0, waiting=0)
2026-09-01T18:00:12.276-03:00  INFO 8588 --- [lab] [Thread-1] com.zaxxer.hikari.HikariDataSource       : HikariPool-1 - Shutdown completed.
2026-09-01T18:00:12.753-03:00  INFO 8588 --- [lab] [restartedMain] com.lab.LabApplication                   : Starting LabApplication using Java 21.0.12 with PID 8588 (C:\Users\mauro\Documents\shared\workspace\lab\target\classes started by mauro in C:\Users\mauro\Documents\shared\workspace\lab)
2026-09-01T18:00:12.754-03:00  INFO 8588 --- [lab] [restartedMain] com.lab.LabApplication                   : No active profile set, falling back to 1 default profile: "default"
2026-09-01T18:00:13.802-03:00  INFO 8588 --- [lab] [restartedMain] o.s.boot.tomcat.TomcatWebServer          : Tomcat initialized with port 8080 (http)
2026-09-01T18:00:13.805-03:00  INFO 8588 --- [lab] [restartedMain] o.apache.catalina.core.StandardService   : Starting service [Tomcat]
2026-09-01T18:00:13.806-03:00  INFO 8588 --- [lab] [restartedMain] o.apache.catalina.core.StandardEngine    : Starting Servlet engine: [Apache Tomcat/11.0.22]
2026-09-01T18:00:13.900-03:00  INFO 8588 --- [lab] [restartedMain] b.w.c.s.WebApplicationContextInitializer : Root WebApplicationContext: initialization completed in 1134 ms
2026-09-01T18:00:14.142-03:00  INFO 8588 --- [lab] [restartedMain] org.flywaydb.core.FlywayExecutor         : Database: jdbc:postgresql://localhost:6432/labdb?prepareThreshold=0 (PostgreSQL 17.11)
2026-09-01T18:00:14.218-03:00  INFO 8588 --- [lab] [restartedMain] o.f.core.internal.command.DbValidate     : Successfully validated 3 migrations (execution time 00:00.029s)
2026-09-01T18:00:14.250-03:00  INFO 8588 --- [lab] [restartedMain] o.f.core.internal.command.DbMigrate      : Current version of schema "public": 3
2026-09-01T18:00:14.252-03:00  INFO 8588 --- [lab] [restartedMain] o.f.core.internal.command.DbMigrate      : Schema "public" is up to date. No migration necessary.
2026-09-01T18:00:14.649-03:00  INFO 8588 --- [lab] [restartedMain] o.s.boot.tomcat.TomcatWebServer          : Tomcat started on port 8080 (http) with context path '/'
2026-09-01T18:00:14.660-03:00  INFO 8588 --- [lab] [restartedMain] com.lab.LabApplication                   : Started LabApplication in 2.027 seconds (process running for 680.647)
2026-09-01T18:00:14.669-03:00  INFO 8588 --- [lab] [restartedMain] .ConditionEvaluationDeltaLoggingListener : Condition evaluation unchanged
2026-09-01T18:08:59.966-03:00  INFO 8588 --- [lab] [tomcat-handler-1] o.a.c.c.C.[Tomcat].[localhost].[/]       : Initializing Spring DispatcherServlet 'dispatcherServlet'
2026-09-01T18:08:59.966-03:00  INFO 8588 --- [lab] [tomcat-handler-1] o.s.web.servlet.DispatcherServlet        : Initializing Servlet 'dispatcherServlet'
2026-09-01T18:08:59.968-03:00  INFO 8588 --- [lab] [tomcat-handler-1] o.s.web.servlet.DispatcherServlet        : Completed initialization in 2 ms
2026-09-01T18:08:59.978-03:00 DEBUG 8588 --- [lab] [tomcat-handler-4] com.zaxxer.hikari.HikariConfig           : HikariPool-2 - configuration:
2026-09-01T18:08:59.979-03:00 DEBUG 8588 --- [lab] [tomcat-handler-4] com.zaxxer.hikari.HikariConfig           : allowPoolSuspension.............false
2026-09-01T18:08:59.979-03:00 DEBUG 8588 --- [lab] [tomcat-handler-4] com.zaxxer.hikari.HikariConfig           : autoCommit......................true
2026-09-01T18:08:59.979-03:00 DEBUG 8588 --- [lab] [tomcat-handler-4] com.zaxxer.hikari.HikariConfig           : catalog.........................none
2026-09-01T18:08:59.979-03:00 DEBUG 8588 --- [lab] [tomcat-handler-4] com.zaxxer.hikari.HikariConfig           : connectionInitSql...............none
2026-09-01T18:08:59.979-03:00 DEBUG 8588 --- [lab] [tomcat-handler-4] com.zaxxer.hikari.HikariConfig           : connectionTestQuery.............none
2026-09-01T18:08:59.980-03:00 DEBUG 8588 --- [lab] [tomcat-handler-4] com.zaxxer.hikari.HikariConfig           : connectionTimeout...............30000
2026-09-01T18:08:59.980-03:00 DEBUG 8588 --- [lab] [tomcat-handler-4] com.zaxxer.hikari.HikariConfig           : credentials.....................com.zaxxer.hikari.util.Credentials@279fd37
2026-09-01T18:08:59.980-03:00 DEBUG 8588 --- [lab] [tomcat-handler-4] com.zaxxer.hikari.HikariConfig           : credentialsProvider.............none
2026-09-01T18:08:59.980-03:00 DEBUG 8588 --- [lab] [tomcat-handler-4] com.zaxxer.hikari.HikariConfig           : credentialsProviderClassName....none
2026-09-01T18:08:59.980-03:00 DEBUG 8588 --- [lab] [tomcat-handler-4] com.zaxxer.hikari.HikariConfig           : dataSource......................none
2026-09-01T18:08:59.980-03:00 DEBUG 8588 --- [lab] [tomcat-handler-4] com.zaxxer.hikari.HikariConfig           : dataSourceClassName.............none
2026-09-01T18:08:59.980-03:00 DEBUG 8588 --- [lab] [tomcat-handler-4] com.zaxxer.hikari.HikariConfig           : dataSourceJNDI..................none
2026-09-01T18:08:59.980-03:00 DEBUG 8588 --- [lab] [tomcat-handler-4] com.zaxxer.hikari.HikariConfig           : dataSourceProperties............{password=<masked>}
2026-09-01T18:08:59.981-03:00 DEBUG 8588 --- [lab] [tomcat-handler-4] com.zaxxer.hikari.HikariConfig           : driverClassName................."org.postgresql.Driver"
2026-09-01T18:08:59.981-03:00 DEBUG 8588 --- [lab] [tomcat-handler-4] com.zaxxer.hikari.HikariConfig           : exceptionOverride...............none
2026-09-01T18:08:59.981-03:00 DEBUG 8588 --- [lab] [tomcat-handler-4] com.zaxxer.hikari.HikariConfig           : exceptionOverrideClassName......none
2026-09-01T18:08:59.981-03:00 DEBUG 8588 --- [lab] [tomcat-handler-4] com.zaxxer.hikari.HikariConfig           : healthCheckProperties...........{}
2026-09-01T18:08:59.981-03:00 DEBUG 8588 --- [lab] [tomcat-handler-4] com.zaxxer.hikari.HikariConfig           : healthCheckRegistry.............none
2026-09-01T18:08:59.981-03:00 DEBUG 8588 --- [lab] [tomcat-handler-4] com.zaxxer.hikari.HikariConfig           : idleTimeout.....................600000
2026-09-01T18:08:59.981-03:00 DEBUG 8588 --- [lab] [tomcat-handler-4] com.zaxxer.hikari.HikariConfig           : initializationFailTimeout.......1
2026-09-01T18:08:59.982-03:00 DEBUG 8588 --- [lab] [tomcat-handler-4] com.zaxxer.hikari.HikariConfig           : isolateInternalQueries..........false
2026-09-01T18:08:59.982-03:00 DEBUG 8588 --- [lab] [tomcat-handler-4] com.zaxxer.hikari.HikariConfig           : jdbcUrl.........................jdbc:postgresql://localhost:6432/labdb?prepareThreshold=0
2026-09-01T18:08:59.982-03:00 DEBUG 8588 --- [lab] [tomcat-handler-4] com.zaxxer.hikari.HikariConfig           : keepaliveTime...................120000
2026-09-01T18:08:59.982-03:00 DEBUG 8588 --- [lab] [tomcat-handler-4] com.zaxxer.hikari.HikariConfig           : leakDetectionThreshold..........0
2026-09-01T18:08:59.982-03:00 DEBUG 8588 --- [lab] [tomcat-handler-4] com.zaxxer.hikari.HikariConfig           : maxLifetime.....................1800000
2026-09-01T18:08:59.982-03:00 DEBUG 8588 --- [lab] [tomcat-handler-4] com.zaxxer.hikari.HikariConfig           : maximumPoolSize.................30
2026-09-01T18:08:59.982-03:00 DEBUG 8588 --- [lab] [tomcat-handler-4] com.zaxxer.hikari.HikariConfig           : metricRegistry..................none
2026-09-01T18:08:59.983-03:00 DEBUG 8588 --- [lab] [tomcat-handler-4] com.zaxxer.hikari.HikariConfig           : metricsTrackerFactory...........none
2026-09-01T18:08:59.983-03:00 DEBUG 8588 --- [lab] [tomcat-handler-4] com.zaxxer.hikari.HikariConfig           : minimumIdle.....................10
2026-09-01T18:08:59.983-03:00 DEBUG 8588 --- [lab] [tomcat-handler-4] com.zaxxer.hikari.HikariConfig           : password........................<masked>
2026-09-01T18:08:59.983-03:00 DEBUG 8588 --- [lab] [tomcat-handler-4] com.zaxxer.hikari.HikariConfig           : poolName........................"HikariPool-2"
2026-09-01T18:08:59.983-03:00 DEBUG 8588 --- [lab] [tomcat-handler-4] com.zaxxer.hikari.HikariConfig           : readOnly........................false
2026-09-01T18:08:59.983-03:00 DEBUG 8588 --- [lab] [tomcat-handler-4] com.zaxxer.hikari.HikariConfig           : registerMbeans..................false
2026-09-01T18:08:59.983-03:00 DEBUG 8588 --- [lab] [tomcat-handler-4] com.zaxxer.hikari.HikariConfig           : scheduledExecutor...............none
2026-09-01T18:08:59.983-03:00 DEBUG 8588 --- [lab] [tomcat-handler-4] com.zaxxer.hikari.HikariConfig           : schema..........................none
2026-09-01T18:08:59.984-03:00 DEBUG 8588 --- [lab] [tomcat-handler-4] com.zaxxer.hikari.HikariConfig           : threadFactory...................internal
2026-09-01T18:08:59.984-03:00 DEBUG 8588 --- [lab] [tomcat-handler-4] com.zaxxer.hikari.HikariConfig           : transactionIsolation............default
2026-09-01T18:08:59.984-03:00 DEBUG 8588 --- [lab] [tomcat-handler-4] com.zaxxer.hikari.HikariConfig           : username........................"postgres"
2026-09-01T18:08:59.984-03:00 DEBUG 8588 --- [lab] [tomcat-handler-4] com.zaxxer.hikari.HikariConfig           : validationTimeout...............5000
2026-09-01T18:08:59.984-03:00  INFO 8588 --- [lab] [tomcat-handler-4] com.zaxxer.hikari.HikariDataSource       : HikariPool-2 - Starting...
2026-09-01T18:09:00.155-03:00  INFO 8588 --- [lab] [tomcat-handler-4] com.zaxxer.hikari.pool.HikariPool        : HikariPool-2 - Added connection org.postgresql.jdbc.PgConnection@72904e22
2026-09-01T18:09:00.155-03:00  INFO 8588 --- [lab] [tomcat-handler-4] com.zaxxer.hikari.HikariDataSource       : HikariPool-2 - Start completed.
2026-09-01T18:09:00.271-03:00 DEBUG 8588 --- [lab] [HikariPool-2:housekeeper] com.zaxxer.hikari.pool.HikariPool        : HikariPool-2 - Before cleanup stats (total=1/30, idle=0/10, active=1, waiting=15)
2026-09-01T18:09:00.272-03:00 DEBUG 8588 --- [lab] [HikariPool-2:housekeeper] com.zaxxer.hikari.pool.HikariPool        : HikariPool-2 - After  cleanup stats (total=1/30, idle=0/10, active=1, waiting=15)
2026-09-01T18:09:00.302-03:00 DEBUG 8588 --- [lab] [HikariPool-2:connection-adder] com.zaxxer.hikari.pool.HikariPool        : HikariPool-2 - Added connection org.postgresql.jdbc.PgConnection@6a539899
2026-09-01T18:09:00.433-03:00 DEBUG 8588 --- [lab] [HikariPool-2:connection-adder] com.zaxxer.hikari.pool.HikariPool        : HikariPool-2 - Added connection org.postgresql.jdbc.PgConnection@64946ba3
2026-09-01T18:09:00.517-03:00 DEBUG 8588 --- [lab] [HikariPool-2:connection-adder] com.zaxxer.hikari.pool.HikariPool        : HikariPool-2 - Added connection org.postgresql.jdbc.PgConnection@60abf3e9
2026-09-01T18:09:00.603-03:00 DEBUG 8588 --- [lab] [HikariPool-2:connection-adder] com.zaxxer.hikari.pool.HikariPool        : HikariPool-2 - Added connection org.postgresql.jdbc.PgConnection@25a96198
2026-09-01T18:09:00.695-03:00 DEBUG 8588 --- [lab] [HikariPool-2:connection-adder] com.zaxxer.hikari.pool.HikariPool        : HikariPool-2 - Added connection org.postgresql.jdbc.PgConnection@53c8b2e4
2026-09-01T18:09:00.774-03:00 DEBUG 8588 --- [lab] [HikariPool-2:connection-adder] com.zaxxer.hikari.pool.HikariPool        : HikariPool-2 - Added connection org.postgresql.jdbc.PgConnection@1446024d
2026-09-01T18:09:00.866-03:00 DEBUG 8588 --- [lab] [HikariPool-2:connection-adder] com.zaxxer.hikari.pool.HikariPool        : HikariPool-2 - Added connection org.postgresql.jdbc.PgConnection@2bcd8f97
2026-09-01T18:09:00.942-03:00 DEBUG 8588 --- [lab] [HikariPool-2:connection-adder] com.zaxxer.hikari.pool.HikariPool        : HikariPool-2 - Added connection org.postgresql.jdbc.PgConnection@45869ed7
2026-09-01T18:09:01.078-03:00 DEBUG 8588 --- [lab] [HikariPool-2:connection-adder] com.zaxxer.hikari.pool.HikariPool        : HikariPool-2 - Added connection org.postgresql.jdbc.PgConnection@53cf5b11
2026-09-01T18:09:01.157-03:00 DEBUG 8588 --- [lab] [HikariPool-2:connection-adder] com.zaxxer.hikari.pool.HikariPool        : HikariPool-2 - Added connection org.postgresql.jdbc.PgConnection@77bf6f4f
2026-09-01T18:09:01.322-03:00 DEBUG 8588 --- [lab] [HikariPool-2:connection-adder] com.zaxxer.hikari.pool.HikariPool        : HikariPool-2 - Added connection org.postgresql.jdbc.PgConnection@30c9e718
2026-09-01T18:09:01.446-03:00 DEBUG 8588 --- [lab] [HikariPool-2:connection-adder] com.zaxxer.hikari.pool.HikariPool        : HikariPool-2 - Added connection org.postgresql.jdbc.PgConnection@41c8a7f0
2026-09-01T18:09:01.491-03:00 DEBUG 8588 --- [lab] [HikariPool-2:connection-adder] com.zaxxer.hikari.pool.HikariPool        : HikariPool-2 - Connection not added, stats (total=13/30, idle=12/10, active=1, waiting=0)
2026-09-01T18:09:01.491-03:00 DEBUG 8588 --- [lab] [HikariPool-2:connection-adder] com.zaxxer.hikari.pool.HikariPool        : HikariPool-2 - Connection not added, stats (total=13/30, idle=12/10, active=1, waiting=0)
2026-09-01T18:09:01.491-03:00 DEBUG 8588 --- [lab] [HikariPool-2:connection-adder] com.zaxxer.hikari.pool.HikariPool        : HikariPool-2 - Connection not added, stats (total=13/30, idle=12/10, active=1, waiting=0)
2026-09-01T18:09:01.491-03:00 DEBUG 8588 --- [lab] [HikariPool-2:connection-adder] com.zaxxer.hikari.pool.HikariPool        : HikariPool-2 - Connection not added, stats (total=13/30, idle=12/10, active=1, waiting=0)
2026-09-01T18:09:01.492-03:00 DEBUG 8588 --- [lab] [HikariPool-2:connection-adder] com.zaxxer.hikari.pool.HikariPool        : HikariPool-2 - Connection not added, stats (total=13/30, idle=12/10, active=1, waiting=0)
2026-09-01T18:09:01.492-03:00 DEBUG 8588 --- [lab] [HikariPool-2:connection-adder] com.zaxxer.hikari.pool.HikariPool        : HikariPool-2 - Connection not added, stats (total=13/30, idle=12/10, active=1, waiting=0)
2026-09-01T18:09:01.492-03:00 DEBUG 8588 --- [lab] [HikariPool-2:connection-adder] com.zaxxer.hikari.pool.HikariPool        : HikariPool-2 - Connection not added, stats (total=13/30, idle=12/10, active=1, waiting=0)
2026-09-01T18:09:01.492-03:00 DEBUG 8588 --- [lab] [HikariPool-2:connection-adder] com.zaxxer.hikari.pool.HikariPool        : HikariPool-2 - Connection not added, stats (total=13/30, idle=12/10, active=1, waiting=0)
2026-09-01T18:09:01.492-03:00 DEBUG 8588 --- [lab] [HikariPool-2:connection-adder] com.zaxxer.hikari.pool.HikariPool        : HikariPool-2 - Connection not added, stats (total=13/30, idle=12/10, active=1, waiting=0)
2026-09-01T18:09:01.492-03:00 DEBUG 8588 --- [lab] [HikariPool-2:connection-adder] com.zaxxer.hikari.pool.HikariPool        : HikariPool-2 - Connection not added, stats (total=13/30, idle=12/10, active=1, waiting=0)
2026-09-01T18:09:01.492-03:00 DEBUG 8588 --- [lab] [HikariPool-2:connection-adder] com.zaxxer.hikari.pool.HikariPool        : HikariPool-2 - Connection not added, stats (total=13/30, idle=12/10, active=1, waiting=0)
2026-09-01T18:09:01.492-03:00 DEBUG 8588 --- [lab] [HikariPool-2:connection-adder] com.zaxxer.hikari.pool.HikariPool        : HikariPool-2 - Connection not added, stats (total=13/30, idle=12/10, active=1, waiting=0)
2026-09-01T18:09:01.492-03:00 DEBUG 8588 --- [lab] [HikariPool-2:connection-adder] com.zaxxer.hikari.pool.HikariPool        : HikariPool-2 - Connection not added, stats (total=13/30, idle=12/10, active=1, waiting=0)
2026-09-01T18:09:01.501-03:00 DEBUG 8588 --- [lab] [HikariPool-2:connection-adder] com.zaxxer.hikari.pool.HikariPool        : HikariPool-2 - Connection not added, stats (total=13/30, idle=11/10, active=2, waiting=0)
2026-09-01T18:09:01.507-03:00 DEBUG 8588 --- [lab] [HikariPool-2:connection-adder] com.zaxxer.hikari.pool.HikariPool        : HikariPool-2 - Connection not added, stats (total=13/30, idle=11/10, active=2, waiting=0)
2026-09-01T18:09:01.516-03:00 DEBUG 8588 --- [lab] [HikariPool-2:connection-adder] com.zaxxer.hikari.pool.HikariPool        : HikariPool-2 - Connection not added, stats (total=13/30, idle=10/10, active=3, waiting=0)
2026-09-01T18:09:01.543-03:00 DEBUG 8588 --- [lab] [HikariPool-2:connection-adder] com.zaxxer.hikari.pool.HikariPool        : HikariPool-2 - Connection not added, stats (total=13/30, idle=11/10, active=2, waiting=0)
2026-09-01T18:09:01.560-03:00 DEBUG 8588 --- [lab] [HikariPool-2:connection-adder] com.zaxxer.hikari.pool.HikariPool        : HikariPool-2 - Connection not added, stats (total=13/30, idle=11/10, active=2, waiting=0)
2026-09-01T18:09:01.568-03:00 DEBUG 8588 --- [lab] [HikariPool-2:connection-adder] com.zaxxer.hikari.pool.HikariPool        : HikariPool-2 - Connection not added, stats (total=13/30, idle=10/10, active=3, waiting=0)
2026-09-01T18:09:01.572-03:00 DEBUG 8588 --- [lab] [HikariPool-2:connection-adder] com.zaxxer.hikari.pool.HikariPool        : HikariPool-2 - Connection not added, stats (total=13/30, idle=10/10, active=3, waiting=0)
2026-09-01T18:09:01.573-03:00 DEBUG 8588 --- [lab] [HikariPool-2:connection-adder] com.zaxxer.hikari.pool.HikariPool        : HikariPool-2 - Connection not added, stats (total=13/30, idle=10/10, active=3, waiting=0)
2026-09-01T18:09:01.580-03:00 DEBUG 8588 --- [lab] [HikariPool-2:connection-adder] com.zaxxer.hikari.pool.HikariPool        : HikariPool-2 - Connection not added, stats (total=13/30, idle=10/10, active=3, waiting=0)
2026-09-01T18:09:01.685-03:00 DEBUG 8588 --- [lab] [HikariPool-2:connection-adder] com.zaxxer.hikari.pool.HikariPool        : HikariPool-2 - Added connection org.postgresql.jdbc.PgConnection@68f67b0b
2026-09-01T18:09:01.726-03:00 DEBUG 8588 --- [lab] [HikariPool-2:connection-adder] com.zaxxer.hikari.pool.HikariPool        : HikariPool-2 - Connection not added, stats (total=14/30, idle=12/10, active=2, waiting=0)
2026-09-01T18:09:01.726-03:00 DEBUG 8588 --- [lab] [HikariPool-2:connection-adder] com.zaxxer.hikari.pool.HikariPool        : HikariPool-2 - Connection not added, stats (total=14/30, idle=12/10, active=2, waiting=0)
2026-09-01T18:09:01.726-03:00 DEBUG 8588 --- [lab] [HikariPool-2:connection-adder] com.zaxxer.hikari.pool.HikariPool        : HikariPool-2 - Connection not added, stats (total=14/30, idle=13/10, active=1, waiting=0)
2026-09-01T18:09:01.795-03:00 DEBUG 8588 --- [lab] [HikariPool-2:connection-adder] com.zaxxer.hikari.pool.HikariPool        : HikariPool-2 - Connection not added, stats (total=14/30, idle=11/10, active=3, waiting=0)
2026-09-01T18:09:01.934-03:00 DEBUG 8588 --- [lab] [HikariPool-2:connection-adder] com.zaxxer.hikari.pool.HikariPool        : HikariPool-2 - Connection not added, stats (total=14/30, idle=12/10, active=2, waiting=0)
2026-09-01T18:09:01.955-03:00 DEBUG 8588 --- [lab] [HikariPool-2:connection-adder] com.zaxxer.hikari.pool.HikariPool        : HikariPool-2 - Connection not added, stats (total=14/30, idle=11/10, active=3, waiting=0)
2026-09-01T18:09:01.955-03:00 DEBUG 8588 --- [lab] [HikariPool-2:connection-adder] com.zaxxer.hikari.pool.HikariPool        : HikariPool-2 - Connection not added, stats (total=14/30, idle=11/10, active=3, waiting=0)
2026-09-01T18:09:01.972-03:00 DEBUG 8588 --- [lab] [HikariPool-2:connection-adder] com.zaxxer.hikari.pool.HikariPool        : HikariPool-2 - Connection not added, stats (total=14/30, idle=11/10, active=3, waiting=0)
2026-09-01T18:09:01.983-03:00 DEBUG 8588 --- [lab] [HikariPool-2:connection-adder] com.zaxxer.hikari.pool.HikariPool        : HikariPool-2 - Connection not added, stats (total=14/30, idle=11/10, active=3, waiting=0)
2026-09-01T18:09:02.090-03:00 DEBUG 8588 --- [lab] [HikariPool-2:connection-adder] com.zaxxer.hikari.pool.HikariPool        : HikariPool-2 - Added connection org.postgresql.jdbc.PgConnection@64bfb44d
2026-09-01T18:09:02.152-03:00 DEBUG 8588 --- [lab] [HikariPool-2:connection-adder] com.zaxxer.hikari.pool.HikariPool        : HikariPool-2 - Added connection org.postgresql.jdbc.PgConnection@1bb16ee5
2026-09-01T18:09:02.194-03:00 DEBUG 8588 --- [lab] [HikariPool-2:connection-adder] com.zaxxer.hikari.pool.HikariPool        : HikariPool-2 - Connection not added, stats (total=16/30, idle=14/10, active=2, waiting=0)
2026-09-01T18:09:02.227-03:00 DEBUG 8588 --- [lab] [HikariPool-2:connection-adder] com.zaxxer.hikari.pool.HikariPool        : HikariPool-2 - Connection not added, stats (total=16/30, idle=13/10, active=3, waiting=0)
2026-09-01T18:09:02.235-03:00 DEBUG 8588 --- [lab] [HikariPool-2:connection-adder] com.zaxxer.hikari.pool.HikariPool        : HikariPool-2 - Connection not added, stats (total=16/30, idle=12/10, active=4, waiting=0)
2026-09-01T18:09:02.259-03:00 DEBUG 8588 --- [lab] [HikariPool-2:connection-adder] com.zaxxer.hikari.pool.HikariPool        : HikariPool-2 - Connection not added, stats (total=16/30, idle=13/10, active=3, waiting=0)
2026-09-01T18:09:02.304-03:00 DEBUG 8588 --- [lab] [HikariPool-2:connection-adder] com.zaxxer.hikari.pool.HikariPool        : HikariPool-2 - Connection not added, stats (total=16/30, idle=14/10, active=2, waiting=0)
2026-09-01T18:09:02.306-03:00 DEBUG 8588 --- [lab] [HikariPool-2:connection-adder] com.zaxxer.hikari.pool.HikariPool        : HikariPool-2 - Connection not added, stats (total=16/30, idle=14/10, active=2, waiting=0)
2026-09-01T18:09:02.317-03:00 DEBUG 8588 --- [lab] [HikariPool-2:connection-adder] com.zaxxer.hikari.pool.HikariPool        : HikariPool-2 - Connection not added, stats (total=16/30, idle=13/10, active=3, waiting=0)
2026-09-01T18:09:02.318-03:00 DEBUG 8588 --- [lab] [HikariPool-2:connection-adder] com.zaxxer.hikari.pool.HikariPool        : HikariPool-2 - Connection not added, stats (total=16/30, idle=14/10, active=2, waiting=0)
2026-09-01T18:09:02.329-03:00 DEBUG 8588 --- [lab] [HikariPool-2:connection-adder] com.zaxxer.hikari.pool.HikariPool        : HikariPool-2 - Connection not added, stats (total=16/30, idle=13/10, active=3, waiting=0)
2026-09-01T18:09:02.329-03:00 DEBUG 8588 --- [lab] [HikariPool-2:connection-adder] com.zaxxer.hikari.pool.HikariPool        : HikariPool-2 - Connection not added, stats (total=16/30, idle=13/10, active=3, waiting=0)
2026-09-01T18:09:02.331-03:00 DEBUG 8588 --- [lab] [HikariPool-2:connection-adder] com.zaxxer.hikari.pool.HikariPool        : HikariPool-2 - Connection not added, stats (total=16/30, idle=14/10, active=2, waiting=0)
2026-09-01T18:09:02.347-03:00 DEBUG 8588 --- [lab] [HikariPool-2:connection-adder] com.zaxxer.hikari.pool.HikariPool        : HikariPool-2 - Connection not added, stats (total=16/30, idle=14/10, active=2, waiting=0)
2026-09-01T18:09:02.368-03:00 DEBUG 8588 --- [lab] [HikariPool-2:connection-adder] com.zaxxer.hikari.pool.HikariPool        : HikariPool-2 - Connection not added, stats (total=16/30, idle=13/10, active=3, waiting=0)
2026-09-01T18:09:02.373-03:00 DEBUG 8588 --- [lab] [HikariPool-2:connection-adder] com.zaxxer.hikari.pool.HikariPool        : HikariPool-2 - Connection not added, stats (total=16/30, idle=14/10, active=2, waiting=0)
2026-09-01T18:09:02.377-03:00 DEBUG 8588 --- [lab] [HikariPool-2:connection-adder] com.zaxxer.hikari.pool.HikariPool        : HikariPool-2 - Connection not added, stats (total=16/30, idle=13/10, active=3, waiting=0)
2026-09-01T18:09:02.377-03:00 DEBUG 8588 --- [lab] [HikariPool-2:connection-adder] com.zaxxer.hikari.pool.HikariPool        : HikariPool-2 - Connection not added, stats (total=16/30, idle=13/10, active=3, waiting=0)
2026-09-01T18:09:02.383-03:00 DEBUG 8588 --- [lab] [HikariPool-2:connection-adder] com.zaxxer.hikari.pool.HikariPool        : HikariPool-2 - Connection not added, stats (total=16/30, idle=13/10, active=3, waiting=0)
2026-09-01T18:09:02.400-03:00 DEBUG 8588 --- [lab] [HikariPool-2:connection-adder] com.zaxxer.hikari.pool.HikariPool        : HikariPool-2 - Connection not added, stats (total=16/30, idle=14/10, active=2, waiting=0)
2026-09-01T18:09:02.402-03:00 DEBUG 8588 --- [lab] [HikariPool-2:connection-adder] com.zaxxer.hikari.pool.HikariPool        : HikariPool-2 - Connection not added, stats (total=16/30, idle=14/10, active=2, waiting=0)
2026-09-01T18:09:02.412-03:00 DEBUG 8588 --- [lab] [HikariPool-2:connection-adder] com.zaxxer.hikari.pool.HikariPool        : HikariPool-2 - Connection not added, stats (total=16/30, idle=13/10, active=3, waiting=0)
2026-09-01T18:09:02.459-03:00 DEBUG 8588 --- [lab] [HikariPool-2:connection-adder] com.zaxxer.hikari.pool.HikariPool        : HikariPool-2 - Connection not added, stats (total=16/30, idle=14/10, active=2, waiting=0)
2026-09-01T18:09:02.464-03:00 DEBUG 8588 --- [lab] [HikariPool-2:connection-adder] com.zaxxer.hikari.pool.HikariPool        : HikariPool-2 - Connection not added, stats (total=16/30, idle=14/10, active=2, waiting=0)
2026-09-01T18:09:02.487-03:00 DEBUG 8588 --- [lab] [HikariPool-2:connection-adder] com.zaxxer.hikari.pool.HikariPool        : HikariPool-2 - Connection not added, stats (total=16/30, idle=11/10, active=5, waiting=0)
2026-09-01T18:09:02.568-03:00 DEBUG 8588 --- [lab] [HikariPool-2:connection-adder] com.zaxxer.hikari.pool.HikariPool        : HikariPool-2 - Added connection org.postgresql.jdbc.PgConnection@1fc2ad44
2026-09-01T18:09:02.602-03:00 DEBUG 8588 --- [lab] [HikariPool-2:connection-adder] com.zaxxer.hikari.pool.HikariPool        : HikariPool-2 - Connection not added, stats (total=17/30, idle=15/10, active=2, waiting=0)
2026-09-01T18:09:02.607-03:00 DEBUG 8588 --- [lab] [HikariPool-2:connection-adder] com.zaxxer.hikari.pool.HikariPool        : HikariPool-2 - Connection not added, stats (total=17/30, idle=15/10, active=2, waiting=0)
2026-09-01T18:09:02.614-03:00 DEBUG 8588 --- [lab] [HikariPool-2:connection-adder] com.zaxxer.hikari.pool.HikariPool        : HikariPool-2 - Connection not added, stats (total=17/30, idle=12/10, active=5, waiting=0)
2026-09-01T18:09:02.618-03:00 DEBUG 8588 --- [lab] [HikariPool-2:connection-adder] com.zaxxer.hikari.pool.HikariPool        : HikariPool-2 - Connection not added, stats (total=17/30, idle=15/10, active=2, waiting=0)
2026-09-01T18:09:02.622-03:00 DEBUG 8588 --- [lab] [HikariPool-2:connection-adder] com.zaxxer.hikari.pool.HikariPool        : HikariPool-2 - Connection not added, stats (total=17/30, idle=15/10, active=2, waiting=0)
2026-09-01T18:09:02.636-03:00 DEBUG 8588 --- [lab] [HikariPool-2:connection-adder] com.zaxxer.hikari.pool.HikariPool        : HikariPool-2 - Connection not added, stats (total=17/30, idle=15/10, active=2, waiting=0)
2026-09-01T18:09:02.640-03:00 DEBUG 8588 --- [lab] [HikariPool-2:connection-adder] com.zaxxer.hikari.pool.HikariPool        : HikariPool-2 - Connection not added, stats (total=17/30, idle=15/10, active=2, waiting=0)
2026-09-01T18:09:02.644-03:00 DEBUG 8588 --- [lab] [HikariPool-2:connection-adder] com.zaxxer.hikari.pool.HikariPool        : HikariPool-2 - Connection not added, stats (total=17/30, idle=15/10, active=2, waiting=0)
2026-09-01T18:09:02.649-03:00 DEBUG 8588 --- [lab] [HikariPool-2:connection-adder] com.zaxxer.hikari.pool.HikariPool        : HikariPool-2 - Connection not added, stats (total=17/30, idle=15/10, active=2, waiting=0)
2026-09-01T18:09:02.664-03:00 DEBUG 8588 --- [lab] [HikariPool-2:connection-adder] com.zaxxer.hikari.pool.HikariPool        : HikariPool-2 - Connection not added, stats (total=17/30, idle=15/10, active=2, waiting=0)
2026-09-01T18:09:02.668-03:00 DEBUG 8588 --- [lab] [HikariPool-2:connection-adder] com.zaxxer.hikari.pool.HikariPool        : HikariPool-2 - Connection not added, stats (total=17/30, idle=14/10, active=3, waiting=0)
2026-09-01T18:09:02.678-03:00 DEBUG 8588 --- [lab] [HikariPool-2:connection-adder] com.zaxxer.hikari.pool.HikariPool        : HikariPool-2 - Connection not added, stats (total=17/30, idle=15/10, active=2, waiting=0)
2026-09-01T18:09:02.684-03:00 DEBUG 8588 --- [lab] [HikariPool-2:connection-adder] com.zaxxer.hikari.pool.HikariPool        : HikariPool-2 - Connection not added, stats (total=17/30, idle=14/10, active=3, waiting=0)
2026-09-01T18:09:02.688-03:00 DEBUG 8588 --- [lab] [HikariPool-2:connection-adder] com.zaxxer.hikari.pool.HikariPool        : HikariPool-2 - Connection not added, stats (total=17/30, idle=14/10, active=3, waiting=0)
2026-09-01T18:09:02.692-03:00 DEBUG 8588 --- [lab] [HikariPool-2:connection-adder] com.zaxxer.hikari.pool.HikariPool        : HikariPool-2 - Connection not added, stats (total=17/30, idle=14/10, active=3, waiting=0)
2026-09-01T18:09:02.696-03:00 DEBUG 8588 --- [lab] [HikariPool-2:connection-adder] com.zaxxer.hikari.pool.HikariPool        : HikariPool-2 - Connection not added, stats (total=17/30, idle=14/10, active=3, waiting=0)
2026-09-01T18:09:02.699-03:00 DEBUG 8588 --- [lab] [HikariPool-2:connection-adder] com.zaxxer.hikari.pool.HikariPool        : HikariPool-2 - Connection not added, stats (total=17/30, idle=14/10, active=3, waiting=0)
2026-09-01T18:09:02.703-03:00 DEBUG 8588 --- [lab] [HikariPool-2:connection-adder] com.zaxxer.hikari.pool.HikariPool        : HikariPool-2 - Connection not added, stats (total=17/30, idle=14/10, active=3, waiting=0)
2026-09-01T18:09:02.703-03:00 DEBUG 8588 --- [lab] [HikariPool-2:connection-adder] com.zaxxer.hikari.pool.HikariPool        : HikariPool-2 - Connection not added, stats (total=17/30, idle=14/10, active=3, waiting=0)
2026-09-01T18:09:02.706-03:00 DEBUG 8588 --- [lab] [HikariPool-2:connection-adder] com.zaxxer.hikari.pool.HikariPool        : HikariPool-2 - Connection not added, stats (total=17/30, idle=14/10, active=3, waiting=0)
2026-09-01T18:09:02.706-03:00 DEBUG 8588 --- [lab] [HikariPool-2:connection-adder] com.zaxxer.hikari.pool.HikariPool        : HikariPool-2 - Connection not added, stats (total=17/30, idle=14/10, active=3, waiting=0)
2026-09-01T18:09:02.751-03:00 DEBUG 8588 --- [lab] [HikariPool-2:connection-adder] com.zaxxer.hikari.pool.HikariPool        : HikariPool-2 - Connection not added, stats (total=17/30, idle=15/10, active=2, waiting=0)
2026-09-01T18:09:02.751-03:00 DEBUG 8588 --- [lab] [HikariPool-2:connection-adder] com.zaxxer.hikari.pool.HikariPool        : HikariPool-2 - Connection not added, stats (total=17/30, idle=14/10, active=3, waiting=0)
2026-09-01T18:09:02.844-03:00 DEBUG 8588 --- [lab] [HikariPool-2:connection-adder] com.zaxxer.hikari.pool.HikariPool        : HikariPool-2 - Connection not added, stats (total=17/30, idle=15/10, active=2, waiting=0)
2026-09-01T18:09:02.849-03:00 DEBUG 8588 --- [lab] [HikariPool-2:connection-adder] com.zaxxer.hikari.pool.HikariPool        : HikariPool-2 - Connection not added, stats (total=17/30, idle=15/10, active=2, waiting=0)
2026-09-01T18:09:02.855-03:00 DEBUG 8588 --- [lab] [HikariPool-2:connection-adder] com.zaxxer.hikari.pool.HikariPool        : HikariPool-2 - Connection not added, stats (total=17/30, idle=14/10, active=3, waiting=0)
2026-09-01T18:09:02.893-03:00 DEBUG 8588 --- [lab] [HikariPool-2:connection-adder] com.zaxxer.hikari.pool.HikariPool        : HikariPool-2 - Connection not added, stats (total=17/30, idle=15/10, active=2, waiting=0)
2026-09-01T18:09:02.905-03:00 DEBUG 8588 --- [lab] [HikariPool-2:connection-adder] com.zaxxer.hikari.pool.HikariPool        : HikariPool-2 - Connection not added, stats (total=17/30, idle=11/10, active=6, waiting=0)
2026-09-01T18:09:02.918-03:00 DEBUG 8588 --- [lab] [HikariPool-2:connection-adder] com.zaxxer.hikari.pool.HikariPool        : HikariPool-2 - Connection not added, stats (total=17/30, idle=15/10, active=2, waiting=0)
2026-09-01T18:09:02.935-03:00 DEBUG 8588 --- [lab] [HikariPool-2:connection-adder] com.zaxxer.hikari.pool.HikariPool        : HikariPool-2 - Connection not added, stats (total=17/30, idle=14/10, active=3, waiting=0)
2026-09-01T18:09:02.990-03:00 DEBUG 8588 --- [lab] [HikariPool-2:connection-adder] com.zaxxer.hikari.pool.HikariPool        : HikariPool-2 - Connection not added, stats (total=17/30, idle=13/10, active=4, waiting=0)
2026-09-01T18:09:03.013-03:00 DEBUG 8588 --- [lab] [HikariPool-2:connection-adder] com.zaxxer.hikari.pool.HikariPool        : HikariPool-2 - Connection not added, stats (total=17/30, idle=15/10, active=2, waiting=0)
2026-09-01T18:09:03.015-03:00 DEBUG 8588 --- [lab] [HikariPool-2:connection-adder] com.zaxxer.hikari.pool.HikariPool        : HikariPool-2 - Connection not added, stats (total=17/30, idle=15/10, active=2, waiting=0)
2026-09-01T18:09:03.021-03:00 DEBUG 8588 --- [lab] [HikariPool-2:connection-adder] com.zaxxer.hikari.pool.HikariPool        : HikariPool-2 - Connection not added, stats (total=17/30, idle=14/10, active=3, waiting=0)
2026-09-01T18:09:03.055-03:00 DEBUG 8588 --- [lab] [HikariPool-2:connection-adder] com.zaxxer.hikari.pool.HikariPool        : HikariPool-2 - Connection not added, stats (total=17/30, idle=13/10, active=4, waiting=0)
2026-09-01T18:09:03.056-03:00 DEBUG 8588 --- [lab] [HikariPool-2:connection-adder] com.zaxxer.hikari.pool.HikariPool        : HikariPool-2 - Connection not added, stats (total=17/30, idle=11/10, active=6, waiting=0)
2026-09-01T18:09:03.137-03:00 DEBUG 8588 --- [lab] [HikariPool-2:connection-adder] com.zaxxer.hikari.pool.HikariPool        : HikariPool-2 - Added connection org.postgresql.jdbc.PgConnection@44b7a394
2026-09-01T18:09:03.182-03:00 DEBUG 8588 --- [lab] [HikariPool-2:connection-adder] com.zaxxer.hikari.pool.HikariPool        : HikariPool-2 - Connection not added, stats (total=18/30, idle=15/10, active=3, waiting=0)
2026-09-01T18:09:03.184-03:00 DEBUG 8588 --- [lab] [HikariPool-2:connection-adder] com.zaxxer.hikari.pool.HikariPool        : HikariPool-2 - Connection not added, stats (total=18/30, idle=16/10, active=2, waiting=0)
2026-09-01T18:09:03.277-03:00 DEBUG 8588 --- [lab] [HikariPool-2:connection-adder] com.zaxxer.hikari.pool.HikariPool        : HikariPool-2 - Connection not added, stats (total=18/30, idle=16/10, active=2, waiting=0)
2026-09-01T18:09:03.364-03:00 DEBUG 8588 --- [lab] [HikariPool-2:connection-adder] com.zaxxer.hikari.pool.HikariPool        : HikariPool-2 - Connection not added, stats (total=18/30, idle=16/10, active=2, waiting=0)
2026-09-01T18:09:03.369-03:00 DEBUG 8588 --- [lab] [HikariPool-2:connection-adder] com.zaxxer.hikari.pool.HikariPool        : HikariPool-2 - Connection not added, stats (total=18/30, idle=16/10, active=2, waiting=0)
2026-09-01T18:09:03.374-03:00 DEBUG 8588 --- [lab] [HikariPool-2:connection-adder] com.zaxxer.hikari.pool.HikariPool        : HikariPool-2 - Connection not added, stats (total=18/30, idle=16/10, active=2, waiting=0)
2026-09-01T18:09:03.378-03:00 DEBUG 8588 --- [lab] [HikariPool-2:connection-adder] com.zaxxer.hikari.pool.HikariPool        : HikariPool-2 - Connection not added, stats (total=18/30, idle=16/10, active=2, waiting=0)
2026-09-01T18:09:03.487-03:00 DEBUG 8588 --- [lab] [HikariPool-2:connection-adder] com.zaxxer.hikari.pool.HikariPool        : HikariPool-2 - Connection not added, stats (total=18/30, idle=15/10, active=3, waiting=0)
2026-09-01T18:09:03.536-03:00 DEBUG 8588 --- [lab] [HikariPool-2:connection-adder] com.zaxxer.hikari.pool.HikariPool        : HikariPool-2 - Connection not added, stats (total=18/30, idle=15/10, active=3, waiting=0)
2026-09-01T18:09:03.547-03:00 DEBUG 8588 --- [lab] [HikariPool-2:connection-adder] com.zaxxer.hikari.pool.HikariPool        : HikariPool-2 - Connection not added, stats (total=18/30, idle=15/10, active=3, waiting=0)
2026-09-01T18:09:03.562-03:00 DEBUG 8588 --- [lab] [HikariPool-2:connection-adder] com.zaxxer.hikari.pool.HikariPool        : HikariPool-2 - Connection not added, stats (total=18/30, idle=15/10, active=3, waiting=0)
2026-09-01T18:09:03.566-03:00 DEBUG 8588 --- [lab] [HikariPool-2:connection-adder] com.zaxxer.hikari.pool.HikariPool        : HikariPool-2 - Connection not added, stats (total=18/30, idle=14/10, active=4, waiting=0)
2026-09-01T18:09:03.570-03:00 DEBUG 8588 --- [lab] [HikariPool-2:connection-adder] com.zaxxer.hikari.pool.HikariPool        : HikariPool-2 - Connection not added, stats (total=18/30, idle=14/10, active=4, waiting=0)
2026-09-01T18:09:03.579-03:00 DEBUG 8588 --- [lab] [HikariPool-2:connection-adder] com.zaxxer.hikari.pool.HikariPool        : HikariPool-2 - Connection not added, stats (total=18/30, idle=14/10, active=4, waiting=0)
2026-09-01T18:09:03.583-03:00 DEBUG 8588 --- [lab] [HikariPool-2:connection-adder] com.zaxxer.hikari.pool.HikariPool        : HikariPool-2 - Connection not added, stats (total=18/30, idle=14/10, active=4, waiting=0)
2026-09-01T18:09:03.596-03:00 DEBUG 8588 --- [lab] [HikariPool-2:connection-adder] com.zaxxer.hikari.pool.HikariPool        : HikariPool-2 - Connection not added, stats (total=18/30, idle=14/10, active=4, waiting=0)
2026-09-01T18:09:03.603-03:00 DEBUG 8588 --- [lab] [HikariPool-2:connection-adder] com.zaxxer.hikari.pool.HikariPool        : HikariPool-2 - Connection not added, stats (total=18/30, idle=14/10, active=4, waiting=0)
2026-09-01T18:09:03.703-03:00 DEBUG 8588 --- [lab] [HikariPool-2:connection-adder] com.zaxxer.hikari.pool.HikariPool        : HikariPool-2 - Connection not added, stats (total=18/30, idle=16/10, active=2, waiting=0)
2026-09-01T18:09:03.716-03:00 DEBUG 8588 --- [lab] [HikariPool-2:connection-adder] com.zaxxer.hikari.pool.HikariPool        : HikariPool-2 - Connection not added, stats (total=18/30, idle=16/10, active=2, waiting=0)
2026-09-01T18:09:03.732-03:00 DEBUG 8588 --- [lab] [HikariPool-2:connection-adder] com.zaxxer.hikari.pool.HikariPool        : HikariPool-2 - Connection not added, stats (total=18/30, idle=16/10, active=2, waiting=0)
2026-09-01T18:09:03.737-03:00 DEBUG 8588 --- [lab] [HikariPool-2:connection-adder] com.zaxxer.hikari.pool.HikariPool        : HikariPool-2 - Connection not added, stats (total=18/30, idle=16/10, active=2, waiting=0)
2026-09-01T18:09:03.751-03:00 DEBUG 8588 --- [lab] [HikariPool-2:connection-adder] com.zaxxer.hikari.pool.HikariPool        : HikariPool-2 - Connection not added, stats (total=18/30, idle=16/10, active=2, waiting=0)
2026-09-01T18:09:03.759-03:00 DEBUG 8588 --- [lab] [HikariPool-2:connection-adder] com.zaxxer.hikari.pool.HikariPool        : HikariPool-2 - Connection not added, stats (total=18/30, idle=16/10, active=2, waiting=0)
2026-09-01T18:09:03.763-03:00 DEBUG 8588 --- [lab] [HikariPool-2:connection-adder] com.zaxxer.hikari.pool.HikariPool        : HikariPool-2 - Connection not added, stats (total=18/30, idle=16/10, active=2, waiting=0)
2026-09-01T18:09:03.911-03:00 DEBUG 8588 --- [lab] [HikariPool-2:connection-adder] com.zaxxer.hikari.pool.HikariPool        : HikariPool-2 - Connection not added, stats (total=18/30, idle=16/10, active=2, waiting=0)
2026-09-01T18:09:03.919-03:00 DEBUG 8588 --- [lab] [HikariPool-2:connection-adder] com.zaxxer.hikari.pool.HikariPool        : HikariPool-2 - Connection not added, stats (total=18/30, idle=15/10, active=3, waiting=0)
2026-09-01T18:09:04.111-03:00 DEBUG 8588 --- [lab] [HikariPool-2:connection-adder] com.zaxxer.hikari.pool.HikariPool        : HikariPool-2 - Added connection org.postgresql.jdbc.PgConnection@5d336a93
2026-09-01T18:09:04.303-03:00 DEBUG 8588 --- [lab] [HikariPool-2:connection-adder] com.zaxxer.hikari.pool.HikariPool        : HikariPool-2 - Connection not added, stats (total=19/30, idle=16/10, active=3, waiting=0)
2026-09-01T18:09:04.312-03:00 DEBUG 8588 --- [lab] [HikariPool-2:connection-adder] com.zaxxer.hikari.pool.HikariPool        : HikariPool-2 - Connection not added, stats (total=19/30, idle=16/10, active=3, waiting=0)
2026-09-01T18:09:04.337-03:00 DEBUG 8588 --- [lab] [HikariPool-2:connection-adder] com.zaxxer.hikari.pool.HikariPool        : HikariPool-2 - Connection not added, stats (total=19/30, idle=15/10, active=4, waiting=0)
2026-09-01T18:09:04.362-03:00 DEBUG 8588 --- [lab] [HikariPool-2:connection-adder] com.zaxxer.hikari.pool.HikariPool        : HikariPool-2 - Connection not added, stats (total=19/30, idle=16/10, active=3, waiting=0)
2026-09-01T18:09:04.383-03:00 DEBUG 8588 --- [lab] [HikariPool-2:connection-adder] com.zaxxer.hikari.pool.HikariPool        : HikariPool-2 - Connection not added, stats (total=19/30, idle=16/10, active=3, waiting=0)
2026-09-01T18:09:04.584-03:00 DEBUG 8588 --- [lab] [HikariPool-2:connection-adder] com.zaxxer.hikari.pool.HikariPool        : HikariPool-2 - Added connection org.postgresql.jdbc.PgConnection@4de5f196
2026-09-01T18:09:04.752-03:00 DEBUG 8588 --- [lab] [HikariPool-2:connection-adder] com.zaxxer.hikari.pool.HikariPool        : HikariPool-2 - Connection not added, stats (total=20/30, idle=17/10, active=3, waiting=0)
2026-09-01T18:09:04.857-03:00 DEBUG 8588 --- [lab] [HikariPool-2:connection-adder] com.zaxxer.hikari.pool.HikariPool        : HikariPool-2 - Connection not added, stats (total=20/30, idle=17/10, active=3, waiting=0)
2026-09-01T18:09:04.858-03:00 DEBUG 8588 --- [lab] [HikariPool-2:connection-adder] com.zaxxer.hikari.pool.HikariPool        : HikariPool-2 - Connection not added, stats (total=20/30, idle=16/10, active=4, waiting=0)
2026-09-01T18:09:04.861-03:00 DEBUG 8588 --- [lab] [HikariPool-2:connection-adder] com.zaxxer.hikari.pool.HikariPool        : HikariPool-2 - Connection not added, stats (total=20/30, idle=16/10, active=4, waiting=0)
2026-09-01T18:09:04.861-03:00 DEBUG 8588 --- [lab] [HikariPool-2:connection-adder] com.zaxxer.hikari.pool.HikariPool        : HikariPool-2 - Connection not added, stats (total=20/30, idle=16/10, active=4, waiting=0)
2026-09-01T18:09:04.862-03:00 DEBUG 8588 --- [lab] [HikariPool-2:connection-adder] com.zaxxer.hikari.pool.HikariPool        : HikariPool-2 - Connection not added, stats (total=20/30, idle=16/10, active=4, waiting=0)
2026-09-01T18:09:04.864-03:00 DEBUG 8588 --- [lab] [HikariPool-2:connection-adder] com.zaxxer.hikari.pool.HikariPool        : HikariPool-2 - Connection not added, stats (total=20/30, idle=16/10, active=4, waiting=0)
2026-09-01T18:09:04.865-03:00 DEBUG 8588 --- [lab] [HikariPool-2:connection-adder] com.zaxxer.hikari.pool.HikariPool        : HikariPool-2 - Connection not added, stats (total=20/30, idle=16/10, active=4, waiting=0)
2026-09-01T18:09:04.868-03:00 DEBUG 8588 --- [lab] [HikariPool-2:connection-adder] com.zaxxer.hikari.pool.HikariPool        : HikariPool-2 - Connection not added, stats (total=20/30, idle=16/10, active=4, waiting=0)
2026-09-01T18:09:04.873-03:00 DEBUG 8588 --- [lab] [HikariPool-2:connection-adder] com.zaxxer.hikari.pool.HikariPool        : HikariPool-2 - Connection not added, stats (total=20/30, idle=17/10, active=3, waiting=0)
2026-09-01T18:09:04.873-03:00 DEBUG 8588 --- [lab] [HikariPool-2:connection-adder] com.zaxxer.hikari.pool.HikariPool        : HikariPool-2 - Connection not added, stats (total=20/30, idle=17/10, active=3, waiting=0)
2026-09-01T18:09:04.884-03:00 DEBUG 8588 --- [lab] [HikariPool-2:connection-adder] com.zaxxer.hikari.pool.HikariPool        : HikariPool-2 - Connection not added, stats (total=20/30, idle=18/10, active=2, waiting=0)
2026-09-01T18:09:04.888-03:00 DEBUG 8588 --- [lab] [HikariPool-2:connection-adder] com.zaxxer.hikari.pool.HikariPool        : HikariPool-2 - Connection not added, stats (total=20/30, idle=16/10, active=4, waiting=0)
2026-09-01T18:09:04.898-03:00 DEBUG 8588 --- [lab] [HikariPool-2:connection-adder] com.zaxxer.hikari.pool.HikariPool        : HikariPool-2 - Connection not added, stats (total=20/30, idle=17/10, active=3, waiting=0)
2026-09-01T18:09:04.906-03:00 DEBUG 8588 --- [lab] [HikariPool-2:connection-adder] com.zaxxer.hikari.pool.HikariPool        : HikariPool-2 - Connection not added, stats (total=20/30, idle=17/10, active=3, waiting=0)
2026-09-01T18:09:04.914-03:00 DEBUG 8588 --- [lab] [HikariPool-2:connection-adder] com.zaxxer.hikari.pool.HikariPool        : HikariPool-2 - Connection not added, stats (total=20/30, idle=17/10, active=3, waiting=0)
2026-09-01T18:09:04.917-03:00 DEBUG 8588 --- [lab] [HikariPool-2:connection-adder] com.zaxxer.hikari.pool.HikariPool        : HikariPool-2 - Connection not added, stats (total=20/30, idle=17/10, active=3, waiting=0)
2026-09-01T18:09:04.920-03:00 DEBUG 8588 --- [lab] [HikariPool-2:connection-adder] com.zaxxer.hikari.pool.HikariPool        : HikariPool-2 - Connection not added, stats (total=20/30, idle=17/10, active=3, waiting=0)
2026-09-01T18:09:04.924-03:00 DEBUG 8588 --- [lab] [HikariPool-2:connection-adder] com.zaxxer.hikari.pool.HikariPool        : HikariPool-2 - Connection not added, stats (total=20/30, idle=18/10, active=2, waiting=0)
2026-09-01T18:09:04.939-03:00 DEBUG 8588 --- [lab] [HikariPool-2:connection-adder] com.zaxxer.hikari.pool.HikariPool        : HikariPool-2 - Connection not added, stats (total=20/30, idle=17/10, active=3, waiting=0)
2026-09-01T18:09:04.950-03:00 DEBUG 8588 --- [lab] [HikariPool-2:connection-adder] com.zaxxer.hikari.pool.HikariPool        : HikariPool-2 - Connection not added, stats (total=20/30, idle=18/10, active=2, waiting=0)
2026-09-01T18:09:04.994-03:00 DEBUG 8588 --- [lab] [HikariPool-2:connection-adder] com.zaxxer.hikari.pool.HikariPool        : HikariPool-2 - Connection not added, stats (total=20/30, idle=18/10, active=2, waiting=0)
2026-09-01T18:09:05.025-03:00 DEBUG 8588 --- [lab] [HikariPool-2:connection-adder] com.zaxxer.hikari.pool.HikariPool        : HikariPool-2 - Connection not added, stats (total=20/30, idle=18/10, active=2, waiting=0)
2026-09-01T18:09:05.134-03:00 DEBUG 8588 --- [lab] [HikariPool-2:connection-adder] com.zaxxer.hikari.pool.HikariPool        : HikariPool-2 - Connection not added, stats (total=20/30, idle=17/10, active=3, waiting=0)
2026-09-01T18:09:05.213-03:00 DEBUG 8588 --- [lab] [HikariPool-2:connection-adder] com.zaxxer.hikari.pool.HikariPool        : HikariPool-2 - Connection not added, stats (total=20/30, idle=18/10, active=2, waiting=0)
2026-09-01T18:09:05.270-03:00 DEBUG 8588 --- [lab] [HikariPool-2:connection-adder] com.zaxxer.hikari.pool.HikariPool        : HikariPool-2 - Connection not added, stats (total=20/30, idle=18/10, active=2, waiting=0)
2026-09-01T18:09:05.330-03:00 DEBUG 8588 --- [lab] [HikariPool-2:connection-adder] com.zaxxer.hikari.pool.HikariPool        : HikariPool-2 - Connection not added, stats (total=20/30, idle=16/10, active=4, waiting=0)
2026-09-01T18:09:05.343-03:00 DEBUG 8588 --- [lab] [HikariPool-2:connection-adder] com.zaxxer.hikari.pool.HikariPool        : HikariPool-2 - Connection not added, stats (total=20/30, idle=16/10, active=4, waiting=0)
2026-09-01T18:09:05.364-03:00 DEBUG 8588 --- [lab] [HikariPool-2:connection-adder] com.zaxxer.hikari.pool.HikariPool        : HikariPool-2 - Connection not added, stats (total=20/30, idle=18/10, active=2, waiting=0)
2026-09-01T18:09:05.372-03:00 DEBUG 8588 --- [lab] [HikariPool-2:connection-adder] com.zaxxer.hikari.pool.HikariPool        : HikariPool-2 - Connection not added, stats (total=20/30, idle=17/10, active=3, waiting=0)
2026-09-01T18:09:05.380-03:00 DEBUG 8588 --- [lab] [HikariPool-2:connection-adder] com.zaxxer.hikari.pool.HikariPool        : HikariPool-2 - Connection not added, stats (total=20/30, idle=17/10, active=3, waiting=0)
2026-09-01T18:09:05.641-03:00 DEBUG 8588 --- [lab] [HikariPool-2:connection-adder] com.zaxxer.hikari.pool.HikariPool        : HikariPool-2 - Connection not added, stats (total=20/30, idle=17/10, active=3, waiting=0)
2026-09-01T18:09:05.677-03:00 DEBUG 8588 --- [lab] [HikariPool-2:connection-adder] com.zaxxer.hikari.pool.HikariPool        : HikariPool-2 - Connection not added, stats (total=20/30, idle=17/10, active=3, waiting=0)
2026-09-01T18:09:05.688-03:00 DEBUG 8588 --- [lab] [HikariPool-2:connection-adder] com.zaxxer.hikari.pool.HikariPool        : HikariPool-2 - Connection not added, stats (total=20/30, idle=16/10, active=4, waiting=0)
2026-09-01T18:09:05.693-03:00 DEBUG 8588 --- [lab] [HikariPool-2:connection-adder] com.zaxxer.hikari.pool.HikariPool        : HikariPool-2 - Connection not added, stats (total=20/30, idle=18/10, active=2, waiting=0)
2026-09-01T18:09:05.742-03:00 DEBUG 8588 --- [lab] [HikariPool-2:connection-adder] com.zaxxer.hikari.pool.HikariPool        : HikariPool-2 - Connection not added, stats (total=20/30, idle=17/10, active=3, waiting=0)
2026-09-01T18:09:05.753-03:00 DEBUG 8588 --- [lab] [HikariPool-2:connection-adder] com.zaxxer.hikari.pool.HikariPool        : HikariPool-2 - Connection not added, stats (total=20/30, idle=16/10, active=4, waiting=0)
2026-09-01T18:09:05.803-03:00 DEBUG 8588 --- [lab] [HikariPool-2:connection-adder] com.zaxxer.hikari.pool.HikariPool        : HikariPool-2 - Connection not added, stats (total=20/30, idle=18/10, active=2, waiting=0)
2026-09-01T18:09:05.818-03:00 DEBUG 8588 --- [lab] [HikariPool-2:connection-adder] com.zaxxer.hikari.pool.HikariPool        : HikariPool-2 - Connection not added, stats (total=20/30, idle=18/10, active=2, waiting=0)
2026-09-01T18:09:05.881-03:00 DEBUG 8588 --- [lab] [HikariPool-2:connection-adder] com.zaxxer.hikari.pool.HikariPool        : HikariPool-2 - Connection not added, stats (total=20/30, idle=18/10, active=2, waiting=0)
2026-09-01T18:09:06.273-03:00 DEBUG 8588 --- [lab] [HikariPool-2:connection-adder] com.zaxxer.hikari.pool.HikariPool        : HikariPool-2 - Connection not added, stats (total=20/30, idle=17/10, active=3, waiting=0)
2026-09-01T18:09:30.281-03:00 DEBUG 8588 --- [lab] [HikariPool-2:housekeeper] com.zaxxer.hikari.pool.HikariPool        : HikariPool-2 - Before cleanup stats (total=20/30, idle=20/10, active=0, waiting=0)
2026-09-01T18:09:30.282-03:00 DEBUG 8588 --- [lab] [HikariPool-2:housekeeper] com.zaxxer.hikari.pool.HikariPool        : HikariPool-2 - After  cleanup stats (total=20/30, idle=20/10, active=0, waiting=0)
2026-09-01T18:09:30.282-03:00 DEBUG 8588 --- [lab] [HikariPool-2:housekeeper] com.zaxxer.hikari.pool.HikariPool        : HikariPool-2 - Fill pool skipped, pool has sufficient level or currently being filled.
2026-09-01T18:09:31.344-03:00 DEBUG 8588 --- [lab] [HikariPool-2:connection-adder] com.zaxxer.hikari.pool.HikariPool        : HikariPool-2 - Connection not added, stats (total=20/30, idle=19/10, active=1, waiting=0)
2026-09-01T18:09:31.344-03:00 DEBUG 8588 --- [lab] [HikariPool-2:connection-adder] com.zaxxer.hikari.pool.HikariPool        : HikariPool-2 - Connection not added, stats (total=20/30, idle=19/10, active=1, waiting=0)
2026-09-01T18:09:31.344-03:00 DEBUG 8588 --- [lab] [HikariPool-2:connection-adder] com.zaxxer.hikari.pool.HikariPool        : HikariPool-2 - Connection not added, stats (total=20/30, idle=19/10, active=1, waiting=0)
2026-09-01T18:09:31.409-03:00 DEBUG 8588 --- [lab] [HikariPool-2:connection-adder] com.zaxxer.hikari.pool.HikariPool        : HikariPool-2 - Connection not added, stats (total=20/30, idle=18/10, active=2, waiting=0)
2026-09-01T18:09:31.486-03:00 DEBUG 8588 --- [lab] [HikariPool-2:connection-adder] com.zaxxer.hikari.pool.HikariPool        : HikariPool-2 - Connection not added, stats (total=20/30, idle=17/10, active=3, waiting=0)
2026-09-01T18:09:31.486-03:00 DEBUG 8588 --- [lab] [HikariPool-2:connection-adder] com.zaxxer.hikari.pool.HikariPool        : HikariPool-2 - Connection not added, stats (total=20/30, idle=17/10, active=3, waiting=0)
2026-09-01T18:09:31.490-03:00 DEBUG 8588 --- [lab] [HikariPool-2:connection-adder] com.zaxxer.hikari.pool.HikariPool        : HikariPool-2 - Connection not added, stats (total=20/30, idle=18/10, active=2, waiting=0)
2026-09-01T18:09:31.528-03:00 DEBUG 8588 --- [lab] [HikariPool-2:connection-adder] com.zaxxer.hikari.pool.HikariPool        : HikariPool-2 - Connection not added, stats (total=20/30, idle=18/10, active=2, waiting=0)
2026-09-01T18:09:31.532-03:00 DEBUG 8588 --- [lab] [HikariPool-2:connection-adder] com.zaxxer.hikari.pool.HikariPool        : HikariPool-2 - Connection not added, stats (total=20/30, idle=17/10, active=3, waiting=0)
2026-09-01T18:09:31.546-03:00 DEBUG 8588 --- [lab] [HikariPool-2:connection-adder] com.zaxxer.hikari.pool.HikariPool        : HikariPool-2 - Connection not added, stats (total=20/30, idle=18/10, active=2, waiting=0)
2026-09-01T18:09:31.550-03:00 DEBUG 8588 --- [lab] [HikariPool-2:connection-adder] com.zaxxer.hikari.pool.HikariPool        : HikariPool-2 - Connection not added, stats (total=20/30, idle=18/10, active=2, waiting=0)
2026-09-01T18:09:31.554-03:00 DEBUG 8588 --- [lab] [HikariPool-2:connection-adder] com.zaxxer.hikari.pool.HikariPool        : HikariPool-2 - Connection not added, stats (total=20/30, idle=18/10, active=2, waiting=0)
2026-09-01T18:09:31.581-03:00 DEBUG 8588 --- [lab] [HikariPool-2:connection-adder] com.zaxxer.hikari.pool.HikariPool        : HikariPool-2 - Connection not added, stats (total=20/30, idle=18/10, active=2, waiting=0)
2026-09-01T18:09:31.585-03:00 DEBUG 8588 --- [lab] [HikariPool-2:connection-adder] com.zaxxer.hikari.pool.HikariPool        : HikariPool-2 - Connection not added, stats (total=20/30, idle=18/10, active=2, waiting=0)
2026-09-01T18:09:31.599-03:00 DEBUG 8588 --- [lab] [HikariPool-2:connection-adder] com.zaxxer.hikari.pool.HikariPool        : HikariPool-2 - Connection not added, stats (total=20/30, idle=17/10, active=3, waiting=0)
2026-09-01T18:09:31.605-03:00 DEBUG 8588 --- [lab] [HikariPool-2:connection-adder] com.zaxxer.hikari.pool.HikariPool        : HikariPool-2 - Connection not added, stats (total=20/30, idle=17/10, active=3, waiting=0)
2026-09-01T18:09:31.610-03:00 DEBUG 8588 --- [lab] [HikariPool-2:connection-adder] com.zaxxer.hikari.pool.HikariPool        : HikariPool-2 - Connection not added, stats (total=20/30, idle=18/10, active=2, waiting=0)
2026-09-01T18:09:31.614-03:00 DEBUG 8588 --- [lab] [HikariPool-2:connection-adder] com.zaxxer.hikari.pool.HikariPool        : HikariPool-2 - Connection not added, stats (total=20/30, idle=17/10, active=3, waiting=0)
2026-09-01T18:09:31.618-03:00 DEBUG 8588 --- [lab] [HikariPool-2:connection-adder] com.zaxxer.hikari.pool.HikariPool        : HikariPool-2 - Connection not added, stats (total=20/30, idle=17/10, active=3, waiting=0)
2026-09-01T18:09:31.621-03:00 DEBUG 8588 --- [lab] [HikariPool-2:connection-adder] com.zaxxer.hikari.pool.HikariPool        : HikariPool-2 - Connection not added, stats (total=20/30, idle=17/10, active=3, waiting=0)
2026-09-01T18:09:31.622-03:00 DEBUG 8588 --- [lab] [HikariPool-2:connection-adder] com.zaxxer.hikari.pool.HikariPool        : HikariPool-2 - Connection not added, stats (total=20/30, idle=17/10, active=3, waiting=0)
2026-09-01T18:09:31.626-03:00 DEBUG 8588 --- [lab] [HikariPool-2:connection-adder] com.zaxxer.hikari.pool.HikariPool        : HikariPool-2 - Connection not added, stats (total=20/30, idle=17/10, active=3, waiting=0)
2026-09-01T18:09:31.627-03:00 DEBUG 8588 --- [lab] [HikariPool-2:connection-adder] com.zaxxer.hikari.pool.HikariPool        : HikariPool-2 - Connection not added, stats (total=20/30, idle=17/10, active=3, waiting=0)
2026-09-01T18:09:31.630-03:00 DEBUG 8588 --- [lab] [HikariPool-2:connection-adder] com.zaxxer.hikari.pool.HikariPool        : HikariPool-2 - Connection not added, stats (total=20/30, idle=17/10, active=3, waiting=0)
2026-09-01T18:09:33.009-03:00 DEBUG 8588 --- [lab] [HikariPool-2:connection-adder] com.zaxxer.hikari.pool.HikariPool        : HikariPool-2 - Added connection org.postgresql.jdbc.PgConnection@5172dcab
2026-09-01T18:09:33.041-03:00 DEBUG 8588 --- [lab] [HikariPool-2:connection-adder] com.zaxxer.hikari.pool.HikariPool        : HikariPool-2 - Connection not added, stats (total=21/30, idle=19/10, active=2, waiting=0)
2026-09-01T18:09:33.217-03:00 DEBUG 8588 --- [lab] [HikariPool-2:connection-adder] com.zaxxer.hikari.pool.HikariPool        : HikariPool-2 - Connection not added, stats (total=21/30, idle=19/10, active=2, waiting=0)
2026-09-01T18:09:33.359-03:00 DEBUG 8588 --- [lab] [HikariPool-2:connection-adder] com.zaxxer.hikari.pool.HikariPool        : HikariPool-2 - Connection not added, stats (total=21/30, idle=18/10, active=3, waiting=0)
2026-09-01T18:09:33.359-03:00 DEBUG 8588 --- [lab] [HikariPool-2:connection-adder] com.zaxxer.hikari.pool.HikariPool        : HikariPool-2 - Connection not added, stats (total=21/30, idle=18/10, active=3, waiting=0)
2026-09-01T18:09:33.362-03:00 DEBUG 8588 --- [lab] [HikariPool-2:connection-adder] com.zaxxer.hikari.pool.HikariPool        : HikariPool-2 - Connection not added, stats (total=21/30, idle=18/10, active=3, waiting=0)
2026-09-01T18:09:33.407-03:00 DEBUG 8588 --- [lab] [HikariPool-2:connection-adder] com.zaxxer.hikari.pool.HikariPool        : HikariPool-2 - Connection not added, stats (total=21/30, idle=17/10, active=4, waiting=0)
2026-09-01T18:09:33.411-03:00 DEBUG 8588 --- [lab] [HikariPool-2:connection-adder] com.zaxxer.hikari.pool.HikariPool        : HikariPool-2 - Connection not added, stats (total=21/30, idle=18/10, active=3, waiting=0)
2026-09-01T18:09:33.445-03:00 DEBUG 8588 --- [lab] [HikariPool-2:connection-adder] com.zaxxer.hikari.pool.HikariPool        : HikariPool-2 - Connection not added, stats (total=21/30, idle=18/10, active=3, waiting=0)
2026-09-01T18:09:33.623-03:00 DEBUG 8588 --- [lab] [HikariPool-2:connection-adder] com.zaxxer.hikari.pool.HikariPool        : HikariPool-2 - Added connection org.postgresql.jdbc.PgConnection@5fb528f5
2026-09-01T18:09:33.656-03:00 DEBUG 8588 --- [lab] [HikariPool-2:connection-adder] com.zaxxer.hikari.pool.HikariPool        : HikariPool-2 - Connection not added, stats (total=22/30, idle=18/10, active=4, waiting=0)
2026-09-01T18:09:33.656-03:00 DEBUG 8588 --- [lab] [HikariPool-2:connection-adder] com.zaxxer.hikari.pool.HikariPool        : HikariPool-2 - Connection not added, stats (total=22/30, idle=18/10, active=4, waiting=0)
2026-09-01T18:09:33.658-03:00 DEBUG 8588 --- [lab] [HikariPool-2:connection-adder] com.zaxxer.hikari.pool.HikariPool        : HikariPool-2 - Connection not added, stats (total=22/30, idle=18/10, active=4, waiting=0)
2026-09-01T18:09:33.660-03:00 DEBUG 8588 --- [lab] [HikariPool-2:connection-adder] com.zaxxer.hikari.pool.HikariPool        : HikariPool-2 - Connection not added, stats (total=22/30, idle=18/10, active=4, waiting=0)
2026-09-01T18:09:33.660-03:00 DEBUG 8588 --- [lab] [HikariPool-2:connection-adder] com.zaxxer.hikari.pool.HikariPool        : HikariPool-2 - Connection not added, stats (total=22/30, idle=18/10, active=4, waiting=0)
2026-09-01T18:09:33.662-03:00 DEBUG 8588 --- [lab] [HikariPool-2:connection-adder] com.zaxxer.hikari.pool.HikariPool        : HikariPool-2 - Connection not added, stats (total=22/30, idle=19/10, active=3, waiting=0)
2026-09-01T18:09:33.668-03:00 DEBUG 8588 --- [lab] [HikariPool-2:connection-adder] com.zaxxer.hikari.pool.HikariPool        : HikariPool-2 - Connection not added, stats (total=22/30, idle=19/10, active=3, waiting=0)
2026-09-01T18:09:33.673-03:00 DEBUG 8588 --- [lab] [HikariPool-2:connection-adder] com.zaxxer.hikari.pool.HikariPool        : HikariPool-2 - Connection not added, stats (total=22/30, idle=19/10, active=3, waiting=0)
2026-09-01T18:09:33.680-03:00 DEBUG 8588 --- [lab] [HikariPool-2:connection-adder] com.zaxxer.hikari.pool.HikariPool        : HikariPool-2 - Connection not added, stats (total=22/30, idle=19/10, active=3, waiting=0)
2026-09-01T18:09:33.683-03:00 DEBUG 8588 --- [lab] [HikariPool-2:connection-adder] com.zaxxer.hikari.pool.HikariPool        : HikariPool-2 - Connection not added, stats (total=22/30, idle=20/10, active=2, waiting=0)
2026-09-01T18:09:33.726-03:00 DEBUG 8588 --- [lab] [HikariPool-2:connection-adder] com.zaxxer.hikari.pool.HikariPool        : HikariPool-2 - Connection not added, stats (total=22/30, idle=18/10, active=4, waiting=0)
2026-09-01T18:09:33.727-03:00 DEBUG 8588 --- [lab] [HikariPool-2:connection-adder] com.zaxxer.hikari.pool.HikariPool        : HikariPool-2 - Connection not added, stats (total=22/30, idle=19/10, active=3, waiting=0)
2026-09-01T18:09:33.732-03:00 DEBUG 8588 --- [lab] [HikariPool-2:connection-adder] com.zaxxer.hikari.pool.HikariPool        : HikariPool-2 - Connection not added, stats (total=22/30, idle=20/10, active=2, waiting=0)
2026-09-01T18:09:33.746-03:00 DEBUG 8588 --- [lab] [HikariPool-2:connection-adder] com.zaxxer.hikari.pool.HikariPool        : HikariPool-2 - Connection not added, stats (total=22/30, idle=18/10, active=4, waiting=0)
2026-09-01T18:09:33.753-03:00 DEBUG 8588 --- [lab] [HikariPool-2:connection-adder] com.zaxxer.hikari.pool.HikariPool        : HikariPool-2 - Connection not added, stats (total=22/30, idle=20/10, active=2, waiting=0)
2026-09-01T18:09:33.790-03:00 DEBUG 8588 --- [lab] [HikariPool-2:connection-adder] com.zaxxer.hikari.pool.HikariPool        : HikariPool-2 - Added connection org.postgresql.jdbc.PgConnection@5b8ab7db
2026-09-01T18:09:33.859-03:00 DEBUG 8588 --- [lab] [HikariPool-2:connection-adder] com.zaxxer.hikari.pool.HikariPool        : HikariPool-2 - Added connection org.postgresql.jdbc.PgConnection@1e8822ce
2026-09-01T18:09:33.905-03:00 DEBUG 8588 --- [lab] [HikariPool-2:connection-adder] com.zaxxer.hikari.pool.HikariPool        : HikariPool-2 - Connection not added, stats (total=24/30, idle=22/10, active=2, waiting=0)
2026-09-01T18:09:33.911-03:00 DEBUG 8588 --- [lab] [HikariPool-2:connection-adder] com.zaxxer.hikari.pool.HikariPool        : HikariPool-2 - Connection not added, stats (total=24/30, idle=20/10, active=4, waiting=0)
2026-09-01T18:09:33.935-03:00 DEBUG 8588 --- [lab] [HikariPool-2:connection-adder] com.zaxxer.hikari.pool.HikariPool        : HikariPool-2 - Connection not added, stats (total=24/30, idle=22/10, active=2, waiting=0)
2026-09-01T18:09:33.939-03:00 DEBUG 8588 --- [lab] [HikariPool-2:connection-adder] com.zaxxer.hikari.pool.HikariPool        : HikariPool-2 - Connection not added, stats (total=24/30, idle=21/10, active=3, waiting=0)
2026-09-01T18:09:33.945-03:00 DEBUG 8588 --- [lab] [HikariPool-2:connection-adder] com.zaxxer.hikari.pool.HikariPool        : HikariPool-2 - Connection not added, stats (total=24/30, idle=21/10, active=3, waiting=0)
2026-09-01T18:09:33.948-03:00 DEBUG 8588 --- [lab] [HikariPool-2:connection-adder] com.zaxxer.hikari.pool.HikariPool        : HikariPool-2 - Connection not added, stats (total=24/30, idle=21/10, active=3, waiting=0)
2026-09-01T18:09:33.952-03:00 DEBUG 8588 --- [lab] [HikariPool-2:connection-adder] com.zaxxer.hikari.pool.HikariPool        : HikariPool-2 - Connection not added, stats (total=24/30, idle=21/10, active=3, waiting=0)
2026-09-01T18:09:33.952-03:00 DEBUG 8588 --- [lab] [HikariPool-2:connection-adder] com.zaxxer.hikari.pool.HikariPool        : HikariPool-2 - Connection not added, stats (total=24/30, idle=20/10, active=4, waiting=0)
2026-09-01T18:09:33.959-03:00 DEBUG 8588 --- [lab] [HikariPool-2:connection-adder] com.zaxxer.hikari.pool.HikariPool        : HikariPool-2 - Connection not added, stats (total=24/30, idle=22/10, active=2, waiting=0)
2026-09-01T18:09:33.964-03:00 DEBUG 8588 --- [lab] [HikariPool-2:connection-adder] com.zaxxer.hikari.pool.HikariPool        : HikariPool-2 - Connection not added, stats (total=24/30, idle=22/10, active=2, waiting=0)
2026-09-01T18:09:33.970-03:00 DEBUG 8588 --- [lab] [HikariPool-2:connection-adder] com.zaxxer.hikari.pool.HikariPool        : HikariPool-2 - Connection not added, stats (total=24/30, idle=21/10, active=3, waiting=0)
2026-09-01T18:09:34.000-03:00 DEBUG 8588 --- [lab] [HikariPool-2:connection-adder] com.zaxxer.hikari.pool.HikariPool        : HikariPool-2 - Connection not added, stats (total=24/30, idle=22/10, active=2, waiting=0)
2026-09-01T18:09:34.005-03:00 DEBUG 8588 --- [lab] [HikariPool-2:connection-adder] com.zaxxer.hikari.pool.HikariPool        : HikariPool-2 - Connection not added, stats (total=24/30, idle=21/10, active=3, waiting=0)
2026-09-01T18:09:34.019-03:00 DEBUG 8588 --- [lab] [HikariPool-2:connection-adder] com.zaxxer.hikari.pool.HikariPool        : HikariPool-2 - Connection not added, stats (total=24/30, idle=20/10, active=4, waiting=0)
2026-09-01T18:09:34.022-03:00 DEBUG 8588 --- [lab] [HikariPool-2:connection-adder] com.zaxxer.hikari.pool.HikariPool        : HikariPool-2 - Connection not added, stats (total=24/30, idle=21/10, active=3, waiting=0)
2026-09-01T18:09:34.078-03:00 DEBUG 8588 --- [lab] [HikariPool-2:connection-adder] com.zaxxer.hikari.pool.HikariPool        : HikariPool-2 - Connection not added, stats (total=24/30, idle=22/10, active=2, waiting=0)
2026-09-01T18:09:34.219-03:00 DEBUG 8588 --- [lab] [HikariPool-2:connection-adder] com.zaxxer.hikari.pool.HikariPool        : HikariPool-2 - Connection not added, stats (total=24/30, idle=24/10, active=0, waiting=0)
2026-09-01T18:09:37.868-03:00 DEBUG 8588 --- [lab] [HikariPool-2:connection-adder] com.zaxxer.hikari.pool.HikariPool        : HikariPool-2 - Connection not added, stats (total=24/30, idle=21/10, active=3, waiting=0)
2026-09-01T18:09:38.010-03:00 DEBUG 8588 --- [lab] [HikariPool-2:connection-adder] com.zaxxer.hikari.pool.HikariPool        : HikariPool-2 - Connection not added, stats (total=24/30, idle=24/10, active=0, waiting=0)
2026-09-01T18:09:38.163-03:00 DEBUG 8588 --- [lab] [HikariPool-2:connection-adder] com.zaxxer.hikari.pool.HikariPool        : HikariPool-2 - Connection not added, stats (total=24/30, idle=22/10, active=2, waiting=0)
2026-09-01T18:09:38.205-03:00 DEBUG 8588 --- [lab] [HikariPool-2:connection-adder] com.zaxxer.hikari.pool.HikariPool        : HikariPool-2 - Connection not added, stats (total=24/30, idle=24/10, active=0, waiting=0)
2026-09-01T18:09:38.371-03:00 DEBUG 8588 --- [lab] [HikariPool-2:connection-adder] com.zaxxer.hikari.pool.HikariPool        : HikariPool-2 - Connection not added, stats (total=24/30, idle=24/10, active=0, waiting=0)
2026-09-01T18:09:38.461-03:00 DEBUG 8588 --- [lab] [HikariPool-2:connection-adder] com.zaxxer.hikari.pool.HikariPool        : HikariPool-2 - Connection not added, stats (total=24/30, idle=24/10, active=0, waiting=0)
2026-09-01T18:09:38.547-03:00 DEBUG 8588 --- [lab] [HikariPool-2:connection-adder] com.zaxxer.hikari.pool.HikariPool        : HikariPool-2 - Connection not added, stats (total=24/30, idle=24/10, active=0, waiting=0)
2026-09-01T18:09:38.630-03:00 DEBUG 8588 --- [lab] [HikariPool-2:connection-adder] com.zaxxer.hikari.pool.HikariPool        : HikariPool-2 - Connection not added, stats (total=24/30, idle=24/10, active=0, waiting=0)
2026-09-01T18:09:38.660-03:00 DEBUG 8588 --- [lab] [HikariPool-2:connection-adder] com.zaxxer.hikari.pool.HikariPool        : HikariPool-2 - Connection not added, stats (total=24/30, idle=22/10, active=2, waiting=0)
2026-09-01T18:09:38.754-03:00 DEBUG 8588 --- [lab] [HikariPool-2:connection-adder] com.zaxxer.hikari.pool.HikariPool        : HikariPool-2 - Connection not added, stats (total=24/30, idle=24/10, active=0, waiting=0)
2026-09-01T18:09:38.833-03:00 DEBUG 8588 --- [lab] [HikariPool-2:connection-adder] com.zaxxer.hikari.pool.HikariPool        : HikariPool-2 - Connection not added, stats (total=24/30, idle=24/10, active=0, waiting=0)
2026-09-01T18:09:39.239-03:00 DEBUG 8588 --- [lab] [HikariPool-2:connection-adder] com.zaxxer.hikari.pool.HikariPool        : HikariPool-2 - Connection not added, stats (total=24/30, idle=24/10, active=0, waiting=0)
2026-09-01T18:09:39.614-03:00 DEBUG 8588 --- [lab] [HikariPool-2:connection-adder] com.zaxxer.hikari.pool.HikariPool        : HikariPool-2 - Connection not added, stats (total=24/30, idle=24/10, active=0, waiting=0)
2026-09-01T18:09:40.156-03:00 DEBUG 8588 --- [lab] [HikariPool-2:connection-adder] com.zaxxer.hikari.pool.HikariPool        : HikariPool-2 - Connection not added, stats (total=24/30, idle=24/10, active=0, waiting=0)
2026-09-01T18:09:40.782-03:00 DEBUG 8588 --- [lab] [HikariPool-2:connection-adder] com.zaxxer.hikari.pool.HikariPool        : HikariPool-2 - Connection not added, stats (total=24/30, idle=22/10, active=2, waiting=1)
2026-09-01T18:09:40.899-03:00 DEBUG 8588 --- [lab] [HikariPool-2:connection-adder] com.zaxxer.hikari.pool.HikariPool        : HikariPool-2 - Connection not added, stats (total=24/30, idle=24/10, active=0, waiting=0)
2026-09-01T18:09:41.007-03:00 DEBUG 8588 --- [lab] [HikariPool-2:connection-adder] com.zaxxer.hikari.pool.HikariPool        : HikariPool-2 - Connection not added, stats (total=24/30, idle=24/10, active=0, waiting=0)
2026-09-01T18:09:41.083-03:00 DEBUG 8588 --- [lab] [HikariPool-2:connection-adder] com.zaxxer.hikari.pool.HikariPool        : HikariPool-2 - Connection not added, stats (total=24/30, idle=22/10, active=2, waiting=0)
2026-09-01T18:09:41.202-03:00 DEBUG 8588 --- [lab] [HikariPool-2:connection-adder] com.zaxxer.hikari.pool.HikariPool        : HikariPool-2 - Connection not added, stats (total=24/30, idle=23/10, active=1, waiting=0)
2026-09-01T18:09:41.265-03:00 DEBUG 8588 --- [lab] [HikariPool-2:connection-adder] com.zaxxer.hikari.pool.HikariPool        : HikariPool-2 - Connection not added, stats (total=24/30, idle=24/10, active=0, waiting=0)
2026-09-01T18:09:42.296-03:00 DEBUG 8588 --- [lab] [HikariPool-2:connection-adder] com.zaxxer.hikari.pool.HikariPool        : HikariPool-2 - Connection not added, stats (total=24/30, idle=22/10, active=2, waiting=0)
2026-09-01T18:09:42.583-03:00 DEBUG 8588 --- [lab] [HikariPool-2:connection-adder] com.zaxxer.hikari.pool.HikariPool        : HikariPool-2 - Connection not added, stats (total=24/30, idle=22/10, active=2, waiting=0)
2026-09-01T18:09:42.648-03:00 DEBUG 8588 --- [lab] [HikariPool-2:connection-adder] com.zaxxer.hikari.pool.HikariPool        : HikariPool-2 - Connection not added, stats (total=24/30, idle=14/10, active=10, waiting=0)
2026-09-01T18:09:43.016-03:00 DEBUG 8588 --- [lab] [HikariPool-2:connection-adder] com.zaxxer.hikari.pool.HikariPool        : HikariPool-2 - Connection not added, stats (total=24/30, idle=22/10, active=2, waiting=0)
2026-09-01T18:09:43.074-03:00 DEBUG 8588 --- [lab] [HikariPool-2:connection-adder] com.zaxxer.hikari.pool.HikariPool        : HikariPool-2 - Connection not added, stats (total=24/30, idle=22/10, active=2, waiting=0)
2026-09-01T18:10:43.008-03:00  INFO 12184 --- [lab] [restartedMain] com.lab.LabApplication                   : Starting LabApplication using Java 21.0.12 with PID 12184 (C:\Users\mauro\Documents\shared\workspace\lab\target\classes started by mauro in C:\Users\mauro\Documents\shared\workspace\lab)
2026-09-01T18:10:43.019-03:00  INFO 12184 --- [lab] [restartedMain] com.lab.LabApplication                   : No active profile set, falling back to 1 default profile: "default"
2026-09-01T18:10:43.211-03:00  INFO 12184 --- [lab] [restartedMain] .e.DevToolsPropertyDefaultsPostProcessor : Devtools property defaults active! Set 'spring.devtools.add-properties' to 'false' to disable
2026-09-01T18:10:43.211-03:00  INFO 12184 --- [lab] [restartedMain] .e.DevToolsPropertyDefaultsPostProcessor : For additional web related logging consider setting the 'logging.level.web' property to 'DEBUG'
2026-09-01T18:10:46.940-03:00  INFO 12184 --- [lab] [restartedMain] o.s.boot.tomcat.TomcatWebServer          : Tomcat initialized with port 8080 (http)
2026-09-01T18:10:46.989-03:00  INFO 12184 --- [lab] [restartedMain] o.apache.catalina.core.StandardService   : Starting service [Tomcat]
2026-09-01T18:10:46.990-03:00  INFO 12184 --- [lab] [restartedMain] o.apache.catalina.core.StandardEngine    : Starting Servlet engine: [Apache Tomcat/11.0.22]
2026-09-01T18:10:47.112-03:00  INFO 12184 --- [lab] [restartedMain] b.w.c.s.WebApplicationContextInitializer : Root WebApplicationContext: initialization completed in 3899 ms
2026-09-01T18:10:48.200-03:00  INFO 12184 --- [lab] [restartedMain] org.flywaydb.core.FlywayExecutor         : Database: jdbc:postgresql://localhost:6432/labdb?prepareThreshold=0 (PostgreSQL 17.11)
2026-09-01T18:10:48.404-03:00  INFO 12184 --- [lab] [restartedMain] o.f.core.internal.command.DbValidate     : Successfully validated 3 migrations (execution time 00:00.084s)
2026-09-01T18:10:48.450-03:00  INFO 12184 --- [lab] [restartedMain] o.f.core.internal.command.DbMigrate      : Current version of schema "public": 3
2026-09-01T18:10:48.459-03:00  INFO 12184 --- [lab] [restartedMain] o.f.core.internal.command.DbMigrate      : Schema "public" is up to date. No migration necessary.
2026-09-01T18:10:49.574-03:00  INFO 12184 --- [lab] [restartedMain] o.s.boot.tomcat.TomcatWebServer          : Tomcat started on port 8080 (http) with context path '/'
2026-09-01T18:10:49.591-03:00  INFO 12184 --- [lab] [restartedMain] com.lab.LabApplication                   : Started LabApplication in 8.445 seconds (process running for 10.145)
2026-09-01T18:10:51.856-03:00  INFO 12184 --- [lab] [tomcat-handler-2] o.a.c.c.C.[Tomcat].[localhost].[/]       : Initializing Spring DispatcherServlet 'dispatcherServlet'
2026-09-01T18:10:51.857-03:00  INFO 12184 --- [lab] [tomcat-handler-2] o.s.web.servlet.DispatcherServlet        : Initializing Servlet 'dispatcherServlet'
2026-09-01T18:10:51.861-03:00  INFO 12184 --- [lab] [tomcat-handler-2] o.s.web.servlet.DispatcherServlet        : Completed initialization in 4 ms
2026-09-01T18:10:52.076-03:00 DEBUG 12184 --- [lab] [tomcat-handler-2] com.zaxxer.hikari.HikariConfig           : HikariPool-1 - configuration:
2026-09-01T18:10:52.081-03:00 DEBUG 12184 --- [lab] [tomcat-handler-2] com.zaxxer.hikari.HikariConfig           : allowPoolSuspension.............false
2026-09-01T18:10:52.083-03:00 DEBUG 12184 --- [lab] [tomcat-handler-2] com.zaxxer.hikari.HikariConfig           : autoCommit......................true
2026-09-01T18:10:52.085-03:00 DEBUG 12184 --- [lab] [tomcat-handler-2] com.zaxxer.hikari.HikariConfig           : catalog.........................none
2026-09-01T18:10:52.086-03:00 DEBUG 12184 --- [lab] [tomcat-handler-2] com.zaxxer.hikari.HikariConfig           : connectionInitSql...............none
2026-09-01T18:10:52.088-03:00 DEBUG 12184 --- [lab] [tomcat-handler-2] com.zaxxer.hikari.HikariConfig           : connectionTestQuery.............none
2026-09-01T18:10:52.091-03:00 DEBUG 12184 --- [lab] [tomcat-handler-2] com.zaxxer.hikari.HikariConfig           : connectionTimeout...............30000
2026-09-01T18:10:52.092-03:00 DEBUG 12184 --- [lab] [tomcat-handler-2] com.zaxxer.hikari.HikariConfig           : credentials.....................com.zaxxer.hikari.util.Credentials@c46ec92
2026-09-01T18:10:52.093-03:00 DEBUG 12184 --- [lab] [tomcat-handler-2] com.zaxxer.hikari.HikariConfig           : credentialsProvider.............none
2026-09-01T18:10:52.095-03:00 DEBUG 12184 --- [lab] [tomcat-handler-2] com.zaxxer.hikari.HikariConfig           : credentialsProviderClassName....none
2026-09-01T18:10:52.097-03:00 DEBUG 12184 --- [lab] [tomcat-handler-2] com.zaxxer.hikari.HikariConfig           : dataSource......................none
2026-09-01T18:10:52.098-03:00 DEBUG 12184 --- [lab] [tomcat-handler-2] com.zaxxer.hikari.HikariConfig           : dataSourceClassName.............none
2026-09-01T18:10:52.100-03:00 DEBUG 12184 --- [lab] [tomcat-handler-2] com.zaxxer.hikari.HikariConfig           : dataSourceJNDI..................none
2026-09-01T18:10:52.103-03:00 DEBUG 12184 --- [lab] [tomcat-handler-2] com.zaxxer.hikari.HikariConfig           : dataSourceProperties............{password=<masked>}
2026-09-01T18:10:52.104-03:00 DEBUG 12184 --- [lab] [tomcat-handler-2] com.zaxxer.hikari.HikariConfig           : driverClassName................."org.postgresql.Driver"
2026-09-01T18:10:52.106-03:00 DEBUG 12184 --- [lab] [tomcat-handler-2] com.zaxxer.hikari.HikariConfig           : exceptionOverride...............none
2026-09-01T18:10:52.110-03:00 DEBUG 12184 --- [lab] [tomcat-handler-2] com.zaxxer.hikari.HikariConfig           : exceptionOverrideClassName......none
2026-09-01T18:10:52.111-03:00 DEBUG 12184 --- [lab] [tomcat-handler-2] com.zaxxer.hikari.HikariConfig           : healthCheckProperties...........{}
2026-09-01T18:10:52.114-03:00 DEBUG 12184 --- [lab] [tomcat-handler-2] com.zaxxer.hikari.HikariConfig           : healthCheckRegistry.............none
2026-09-01T18:10:52.115-03:00 DEBUG 12184 --- [lab] [tomcat-handler-2] com.zaxxer.hikari.HikariConfig           : idleTimeout.....................600000
2026-09-01T18:10:52.118-03:00 DEBUG 12184 --- [lab] [tomcat-handler-2] com.zaxxer.hikari.HikariConfig           : initializationFailTimeout.......1
2026-09-01T18:10:52.120-03:00 DEBUG 12184 --- [lab] [tomcat-handler-2] com.zaxxer.hikari.HikariConfig           : isolateInternalQueries..........false
2026-09-01T18:10:52.122-03:00 DEBUG 12184 --- [lab] [tomcat-handler-2] com.zaxxer.hikari.HikariConfig           : jdbcUrl.........................jdbc:postgresql://localhost:6432/labdb?prepareThreshold=0
2026-09-01T18:10:52.123-03:00 DEBUG 12184 --- [lab] [tomcat-handler-2] com.zaxxer.hikari.HikariConfig           : keepaliveTime...................120000
2026-09-01T18:10:52.125-03:00 DEBUG 12184 --- [lab] [tomcat-handler-2] com.zaxxer.hikari.HikariConfig           : leakDetectionThreshold..........0
2026-09-01T18:10:52.127-03:00 DEBUG 12184 --- [lab] [tomcat-handler-2] com.zaxxer.hikari.HikariConfig           : maxLifetime.....................1800000
2026-09-01T18:10:52.129-03:00 DEBUG 12184 --- [lab] [tomcat-handler-2] com.zaxxer.hikari.HikariConfig           : maximumPoolSize.................30
2026-09-01T18:10:52.129-03:00 DEBUG 12184 --- [lab] [tomcat-handler-2] com.zaxxer.hikari.HikariConfig           : metricRegistry..................none
2026-09-01T18:10:52.130-03:00 DEBUG 12184 --- [lab] [tomcat-handler-2] com.zaxxer.hikari.HikariConfig           : metricsTrackerFactory...........none
2026-09-01T18:10:52.131-03:00 DEBUG 12184 --- [lab] [tomcat-handler-2] com.zaxxer.hikari.HikariConfig           : minimumIdle.....................10
2026-09-01T18:10:52.132-03:00 DEBUG 12184 --- [lab] [tomcat-handler-2] com.zaxxer.hikari.HikariConfig           : password........................<masked>
2026-09-01T18:10:52.133-03:00 DEBUG 12184 --- [lab] [tomcat-handler-2] com.zaxxer.hikari.HikariConfig           : poolName........................"HikariPool-1"
2026-09-01T18:10:52.135-03:00 DEBUG 12184 --- [lab] [tomcat-handler-2] com.zaxxer.hikari.HikariConfig           : readOnly........................false
2026-09-01T18:10:52.136-03:00 DEBUG 12184 --- [lab] [tomcat-handler-2] com.zaxxer.hikari.HikariConfig           : registerMbeans..................false
2026-09-01T18:10:52.137-03:00 DEBUG 12184 --- [lab] [tomcat-handler-2] com.zaxxer.hikari.HikariConfig           : scheduledExecutor...............none
2026-09-01T18:10:52.138-03:00 DEBUG 12184 --- [lab] [tomcat-handler-2] com.zaxxer.hikari.HikariConfig           : schema..........................none
2026-09-01T18:10:52.139-03:00 DEBUG 12184 --- [lab] [tomcat-handler-2] com.zaxxer.hikari.HikariConfig           : threadFactory...................internal
2026-09-01T18:10:52.140-03:00 DEBUG 12184 --- [lab] [tomcat-handler-2] com.zaxxer.hikari.HikariConfig           : transactionIsolation............default
2026-09-01T18:10:52.142-03:00 DEBUG 12184 --- [lab] [tomcat-handler-2] com.zaxxer.hikari.HikariConfig           : username........................"postgres"
2026-09-01T18:10:52.143-03:00 DEBUG 12184 --- [lab] [tomcat-handler-2] com.zaxxer.hikari.HikariConfig           : validationTimeout...............5000
2026-09-01T18:10:52.144-03:00  INFO 12184 --- [lab] [tomcat-handler-2] com.zaxxer.hikari.HikariDataSource       : HikariPool-1 - Starting...
2026-09-01T18:10:52.203-03:00  INFO 12184 --- [lab] [tomcat-handler-2] com.zaxxer.hikari.pool.HikariPool        : HikariPool-1 - Added connection org.postgresql.jdbc.PgConnection@1b0bbbad
2026-09-01T18:10:52.208-03:00  INFO 12184 --- [lab] [tomcat-handler-2] com.zaxxer.hikari.HikariDataSource       : HikariPool-1 - Start completed.
2026-09-01T18:10:52.278-03:00 DEBUG 12184 --- [lab] [HikariPool-1:connection-adder] com.zaxxer.hikari.pool.HikariPool        : HikariPool-1 - Added connection org.postgresql.jdbc.PgConnection@1077198b
2026-09-01T18:10:52.320-03:00 DEBUG 12184 --- [lab] [HikariPool-1:housekeeper] com.zaxxer.hikari.pool.HikariPool        : HikariPool-1 - Before cleanup stats (total=2/30, idle=2/10, active=0, waiting=12)
2026-09-01T18:10:52.322-03:00 DEBUG 12184 --- [lab] [HikariPool-1:housekeeper] com.zaxxer.hikari.pool.HikariPool        : HikariPool-1 - After  cleanup stats (total=2/30, idle=2/10, active=0, waiting=12)
2026-09-01T18:10:52.362-03:00 DEBUG 12184 --- [lab] [HikariPool-1:connection-adder] com.zaxxer.hikari.pool.HikariPool        : HikariPool-1 - Added connection org.postgresql.jdbc.PgConnection@1eb0e5f5
2026-09-01T18:10:52.452-03:00 DEBUG 12184 --- [lab] [HikariPool-1:connection-adder] com.zaxxer.hikari.pool.HikariPool        : HikariPool-1 - Added connection org.postgresql.jdbc.PgConnection@1a8f72fb
2026-09-01T18:10:52.550-03:00 DEBUG 12184 --- [lab] [HikariPool-1:connection-adder] com.zaxxer.hikari.pool.HikariPool        : HikariPool-1 - Added connection org.postgresql.jdbc.PgConnection@5f8defce
2026-09-01T18:10:52.648-03:00 DEBUG 12184 --- [lab] [HikariPool-1:connection-adder] com.zaxxer.hikari.pool.HikariPool        : HikariPool-1 - Added connection org.postgresql.jdbc.PgConnection@779e0ef5
2026-09-01T18:10:52.758-03:00 DEBUG 12184 --- [lab] [HikariPool-1:connection-adder] com.zaxxer.hikari.pool.HikariPool        : HikariPool-1 - Added connection org.postgresql.jdbc.PgConnection@6e18d2be
2026-09-01T18:10:52.856-03:00 DEBUG 12184 --- [lab] [HikariPool-1:connection-adder] com.zaxxer.hikari.pool.HikariPool        : HikariPool-1 - Added connection org.postgresql.jdbc.PgConnection@fe16d2c
2026-09-01T18:10:52.961-03:00 DEBUG 12184 --- [lab] [HikariPool-1:connection-adder] com.zaxxer.hikari.pool.HikariPool        : HikariPool-1 - Added connection org.postgresql.jdbc.PgConnection@3fa21081
2026-09-01T18:10:53.061-03:00 DEBUG 12184 --- [lab] [HikariPool-1:connection-adder] com.zaxxer.hikari.pool.HikariPool        : HikariPool-1 - Added connection org.postgresql.jdbc.PgConnection@38cc5826
2026-09-01T18:10:53.221-03:00 DEBUG 12184 --- [lab] [HikariPool-1:connection-adder] com.zaxxer.hikari.pool.HikariPool        : HikariPool-1 - Added connection org.postgresql.jdbc.PgConnection@10e9e0a3
2026-09-01T18:10:53.341-03:00 DEBUG 12184 --- [lab] [HikariPool-1:connection-adder] com.zaxxer.hikari.pool.HikariPool        : HikariPool-1 - Added connection org.postgresql.jdbc.PgConnection@14e5679f
2026-09-01T18:10:53.375-03:00 DEBUG 12184 --- [lab] [HikariPool-1:connection-adder] com.zaxxer.hikari.pool.HikariPool        : HikariPool-1 - Connection not added, stats (total=12/30, idle=10/10, active=2, waiting=0)
2026-09-01T18:10:53.376-03:00 DEBUG 12184 --- [lab] [HikariPool-1:connection-adder] com.zaxxer.hikari.pool.HikariPool        : HikariPool-1 - Connection not added, stats (total=12/30, idle=10/10, active=2, waiting=0)
2026-09-01T18:10:53.377-03:00 DEBUG 12184 --- [lab] [HikariPool-1:connection-adder] com.zaxxer.hikari.pool.HikariPool        : HikariPool-1 - Connection not added, stats (total=12/30, idle=10/10, active=2, waiting=0)
2026-09-01T18:10:53.377-03:00 DEBUG 12184 --- [lab] [HikariPool-1:connection-adder] com.zaxxer.hikari.pool.HikariPool        : HikariPool-1 - Connection not added, stats (total=12/30, idle=10/10, active=2, waiting=0)
2026-09-01T18:10:53.377-03:00 DEBUG 12184 --- [lab] [HikariPool-1:connection-adder] com.zaxxer.hikari.pool.HikariPool        : HikariPool-1 - Connection not added, stats (total=12/30, idle=10/10, active=2, waiting=0)
2026-09-01T18:10:53.378-03:00 DEBUG 12184 --- [lab] [HikariPool-1:connection-adder] com.zaxxer.hikari.pool.HikariPool        : HikariPool-1 - Connection not added, stats (total=12/30, idle=10/10, active=2, waiting=0)
2026-09-01T18:10:53.380-03:00 DEBUG 12184 --- [lab] [HikariPool-1:connection-adder] com.zaxxer.hikari.pool.HikariPool        : HikariPool-1 - Connection not added, stats (total=12/30, idle=12/10, active=0, waiting=0)
2026-09-01T18:10:53.381-03:00 DEBUG 12184 --- [lab] [HikariPool-1:connection-adder] com.zaxxer.hikari.pool.HikariPool        : HikariPool-1 - Connection not added, stats (total=12/30, idle=12/10, active=0, waiting=0)
2026-09-01T18:10:53.382-03:00 DEBUG 12184 --- [lab] [HikariPool-1:connection-adder] com.zaxxer.hikari.pool.HikariPool        : HikariPool-1 - Connection not added, stats (total=12/30, idle=12/10, active=0, waiting=0)
2026-09-01T18:10:53.383-03:00 DEBUG 12184 --- [lab] [HikariPool-1:connection-adder] com.zaxxer.hikari.pool.HikariPool        : HikariPool-1 - Connection not added, stats (total=12/30, idle=12/10, active=0, waiting=0)
2026-09-01T18:10:53.384-03:00 DEBUG 12184 --- [lab] [HikariPool-1:connection-adder] com.zaxxer.hikari.pool.HikariPool        : HikariPool-1 - Connection not added, stats (total=12/30, idle=12/10, active=0, waiting=0)
2026-09-01T18:10:53.385-03:00 DEBUG 12184 --- [lab] [HikariPool-1:connection-adder] com.zaxxer.hikari.pool.HikariPool        : HikariPool-1 - Connection not added, stats (total=12/30, idle=12/10, active=0, waiting=0)
2026-09-01T18:10:53.385-03:00 DEBUG 12184 --- [lab] [HikariPool-1:connection-adder] com.zaxxer.hikari.pool.HikariPool        : HikariPool-1 - Connection not added, stats (total=12/30, idle=12/10, active=0, waiting=0)
2026-09-01T18:10:53.462-03:00 DEBUG 12184 --- [lab] [HikariPool-1:connection-adder] com.zaxxer.hikari.pool.HikariPool        : HikariPool-1 - Connection not added, stats (total=12/30, idle=10/10, active=2, waiting=0)
2026-09-01T18:10:53.536-03:00 DEBUG 12184 --- [lab] [HikariPool-1:connection-adder] com.zaxxer.hikari.pool.HikariPool        : HikariPool-1 - Connection not added, stats (total=12/30, idle=10/10, active=2, waiting=0)
2026-09-01T18:10:53.692-03:00 DEBUG 12184 --- [lab] [HikariPool-1:connection-adder] com.zaxxer.hikari.pool.HikariPool        : HikariPool-1 - Added connection org.postgresql.jdbc.PgConnection@3bec4b9a
2026-09-01T18:10:53.735-03:00 DEBUG 12184 --- [lab] [HikariPool-1:connection-adder] com.zaxxer.hikari.pool.HikariPool        : HikariPool-1 - Connection not added, stats (total=13/30, idle=13/10, active=0, waiting=0)
2026-09-01T18:10:53.735-03:00 DEBUG 12184 --- [lab] [HikariPool-1:connection-adder] com.zaxxer.hikari.pool.HikariPool        : HikariPool-1 - Connection not added, stats (total=13/30, idle=13/10, active=0, waiting=0)
2026-09-01T18:10:53.736-03:00 DEBUG 12184 --- [lab] [HikariPool-1:connection-adder] com.zaxxer.hikari.pool.HikariPool        : HikariPool-1 - Connection not added, stats (total=13/30, idle=13/10, active=0, waiting=0)
2026-09-01T18:10:53.737-03:00 DEBUG 12184 --- [lab] [HikariPool-1:connection-adder] com.zaxxer.hikari.pool.HikariPool        : HikariPool-1 - Connection not added, stats (total=13/30, idle=13/10, active=0, waiting=0)
2026-09-01T18:10:53.818-03:00 DEBUG 12184 --- [lab] [HikariPool-1:connection-adder] com.zaxxer.hikari.pool.HikariPool        : HikariPool-1 - Connection not added, stats (total=13/30, idle=11/10, active=2, waiting=0)
